sym,spec,split,level,n,b,t,r2,hit,signed_bp
QQQ,S1,rv20,rv_lo,768,-0.01845288790170393,-0.9274404602102904,0.002600261910254642,0.5078125,-0.16978390099770152
QQQ,S1,rv20,rv_mid,768,-0.012276003583382225,-0.7783591950284685,0.0011654811870667192,0.4869791666666667,-1.1149277956139627
QQQ,S1,rv20,rv_hi,768,0.04517008953687883,1.0964241416344702,0.011361690524882784,0.4947916666666667,0.46214121857869433
QQQ,S1,ts_inverted,False,1598,-0.0023612059463455153,-0.2012742329354439,4.7646063829676066e-05,0.5068836045056321,-0.7319743723824319
QQQ,S1,ts_inverted,True,785,0.05210799056615707,1.021019647990055,0.013373806984938286,0.48152866242038217,0.7376164359949938
QQQ,S1,dow,0,442,0.07674495298791711,0.8840360065195622,0.04218970378307785,0.4819004524886878,-0.04451997285678712
QQQ,S1,dow,1,493,0.03861610180301703,1.5316768191916632,0.015476898438612663,0.48884381338742394,0.461147864730255
QQQ,S1,dow,2,490,-0.05847392543792455,-1.4242894964471935,0.014896021094972012,0.47959183673469385,-2.2227185214298744
QQQ,S1,dow,3,484,0.009981766497343413,0.3335938741593424,0.000849373410694132,0.5289256198347108,-0.07094827098285596
QQQ,S1,dow,4,474,0.04536002134350865,0.9558662046394278,0.008246373388784423,0.5126582278481012,0.6859426677974023
QQQ,S1,opex,False,2271,0.02670700649860915,0.924999822558897,0.004488124122402182,0.4966974900924703,-0.2620924720205619
QQQ,S1,opex,True,112,-0.03496650326975912,-0.5622193370784516,0.005434385957741816,0.5357142857142857,0.040588028103928045
QQQ,S1,month_end,False,2268,0.032541446734327684,1.1396145306819485,0.006841795307604759,0.5004409171075838,0.1019498491231633
QQQ,S1,month_end,True,115,-0.14663016734731163,-1.5141706699346944,0.0719964109152399,0.4608695652173913,-7.146855674977308
QQQ,S1,quarter_end,False,2345,0.026762730607793234,0.9492740158674209,0.004486828468293846,0.4997867803837953,-0.10196931995212381
QQQ,S1,quarter_end,True,38,-0.10322069219905769,-2.0511984725433434,0.04490802099761415,0.42105263157894735,-9.251265513771733
QQQ,S1,absx_quintile,q1,477,-0.0037247741846452814,-0.0334304152184094,2.168562178828104e-06,0.5178197064989518,-0.331013672114549
QQQ,S1,absx_quintile,q2,476,-0.016264073783522258,-0.2609411818545753,0.00017877154837309117,0.5084033613445378,-0.2239444070614389
QQQ,S1,absx_quintile,q3,477,-0.006495053556704768,-0.26296221442411055,0.00012422903984188327,0.5010482180293501,-0.056238407820959596
QQQ,S1,absx_quintile,q4,476,-0.001415874942307058,-0.06270600653827449,1.1127082964357271e-05,0.4789915966386555,-0.5653775015959743
QQQ,S1,absx_quintile,q5,477,0.033519915169129624,1.0158010599027323,0.010458742932590526,0.4863731656184486,-0.06337457895364747
QQQ,S1,vol_spike,False,2028,0.035453133709969276,1.1385069780352468,0.007762221728223828,0.5009861932938856,-0.3540300913308015
QQQ,S1,vol_spike,True,355,0.008736672977075685,0.29016997161003877,0.0004586243935174039,0.48450704225352115,0.35861093072622324
QQQ,S2,rv20,rv_lo,768,-0.017748613687235,-0.7517240859616676,0.0015040081232993163,0.4856770833333333,-0.14193336396326756
QQQ,S2,rv20,rv_mid,768,0.002273922742025466,0.10537441857238374,2.5125291592931198e-05,0.4934895833333333,-0.01603833924577012
QQQ,S2,rv20,rv_hi,768,0.07213677468071647,1.3902045633154343,0.01863130070013319,0.51953125,1.9704697718295412
QQQ,S2,ts_inverted,False,1598,0.012817432972018922,0.7262497467144801,0.0007919647295386856,0.5056320400500626,-0.0820873170681295
QQQ,S2,ts_inverted,True,785,0.07609623533619916,1.168985414563541,0.019561777522589363,0.4929936305732484,2.261090859391322
QQQ,S2,dow,0,442,0.09748643270081359,0.9559877120330906,0.03856273814997435,0.49321266968325794,1.5494092978803802
QQQ,S2,dow,1,493,0.04056657219343644,1.1702000195225453,0.010287934495139428,0.4787018255578093,1.238644653821553
QQQ,S2,dow,2,490,-0.02888954471586701,-0.8992431426104257,0.0023593108825454845,0.45918367346938777,-1.8356566333924753
QQQ,S2,dow,3,484,0.03645770964157255,0.8586062898985997,0.0065832069931065496,0.5475206611570248,1.7289716585271988
QQQ,S2,dow,4,474,0.06742234552304124,1.3412127755157723,0.013848028019848635,0.5295358649789029,0.8669610455386326
QQQ,S2,opex,False,2271,0.044973113188138375,1.2228639355172435,0.008099929159215313,0.5015411712901805,0.6398438475224267
QQQ,S2,opex,True,112,0.03952231644463504,0.6154896622833289,0.004402686477488538,0.5,1.7026376269989814
QQQ,S2,month_end,False,2268,0.05282778177677776,1.4516540346094462,0.011236512217605243,0.5061728395061729,1.0781122556561686
QQQ,S2,month_end,True,115,-0.14302258703040524,-2.2204137701920548,0.05962502715395024,0.40869565217391307,-6.968502642442382
QQQ,S2,quarter_end,False,2345,0.046842469445758934,1.309973798119798,0.008731941600433446,0.5031982942430704,0.8386735322333891
QQQ,S2,quarter_end,True,38,-0.12718445339788437,-1.8945633305182923,0.04943147498836653,0.39473684210526316,-8.497595819473174
QQQ,S2,absx_quintile,q1,477,0.009457087255472436,0.06429631771051911,9.296344824050173e-06,0.5031446540880503,-0.28049912846656927
QQQ,S2,absx_quintile,q2,476,0.008882526007750371,0.11986688844111255,3.7090913935999836e-05,0.5189075630252101,0.4194745389067311
QQQ,S2,absx_quintile,q3,477,0.017996854209769802,0.4134199825753969,0.00035313754633259364,0.5010482180293501,0.670310459831206
QQQ,S2,absx_quintile,q4,476,0.01081897742447839,0.3759829161659608,0.0004017747069489097,0.49159663865546216,0.5636326332037133
QQQ,S2,absx_quintile,q5,477,0.053694827727783195,1.222419637938733,0.019284696355468034,0.49266247379454925,2.0752238426872402
QQQ,S2,vol_spike,False,2028,0.05541452883831581,1.3657063269377032,0.011942967954535977,0.5069033530571992,0.5290514802799008
QQQ,S2,vol_spike,True,355,0.02932512538294077,0.7971521029243832,0.0033613348998160486,0.4704225352112676,1.6080687040554316
QQQ,S3,rv20,rv_lo,768,0.01502782816508676,0.6298492869523131,0.0014177652923899053,0.4856770833333333,-0.00851460191931934
QQQ,S3,rv20,rv_mid,768,0.016721994532876573,0.8444917518152205,0.0017545867614040533,0.5,1.6475434714021286
QQQ,S3,rv20,rv_hi,768,0.05300759132538696,1.6936423012062223,0.011103639183523195,0.5546875,4.3756481371610825
QQQ,S3,ts_inverted,False,1598,0.04401930655346037,2.632486741977253,0.011653964331016953,0.5056320400500626,2.130029862944421
QQQ,S3,ts_inverted,True,785,0.032554051561561305,0.8233454585435349,0.0038907658518346766,0.5312101910828025,1.8982911983701394
QQQ,S3,dow,0,442,-0.03822700887108706,-0.812508385449821,0.004361811629160717,0.48642533936651583,-0.2701439945580696
QQQ,S3,dow,1,493,0.040968167220011446,1.8109015457210287,0.011417601513740716,0.4949290060851927,0.6343052010843795
QQQ,S3,dow,2,490,0.13857942544125912,3.6746691468771866,0.07841169263115677,0.5265306122448979,5.995747891251969
QQQ,S3,dow,3,484,0.03593719472303404,1.3869648275729283,0.00795495876293928,0.5289256198347108,3.3952203565424406
QQQ,S3,dow,4,474,-0.002613952037836486,-0.10161902202496138,3.079646964798677e-05,0.5316455696202531,0.25197125292364164
QQQ,S3,opex,False,2271,0.038905398436737855,1.8109684221599633,0.0068692749301655365,0.5151915455746368,2.0658969928637396
QQQ,S3,opex,True,112,0.022679663901976344,0.2817017595099967,0.003398788869609093,0.49107142857142855,1.8061985795731423
QQQ,S3,month_end,False,2268,0.03592860454346527,1.7209768072585205,0.0060642034861054794,0.5127865961199295,1.9604463208754448
QQQ,S3,month_end,True,115,0.10327433651943788,1.2274170551428427,0.03579382011663179,0.5391304347826087,3.8926439648716173
QQQ,S3,quarter_end,False,2345,0.03858081541298308,1.8816679399233833,0.006929034154833924,0.5138592750533049,2.1117450051702447
QQQ,S3,quarter_end,True,38,0.032837542399025116,0.28587593693535457,0.0026980592449512564,0.5263157894736842,-1.5288348794336541
QQQ,S3,absx_quintile,q1,477,0.06642585126494308,0.5205101361109735,0.0006171655288449429,0.44863731656184486,0.25390680995207626
QQQ,S3,absx_quintile,q2,476,0.045059176292427734,0.8175182815117964,0.0012771698090456862,0.5,0.9784623554840471
QQQ,S3,absx_quintile,q3,477,0.05357799208248299,1.2965747749125913,0.0042685871671080955,0.5115303983228512,2.591384199581894
QQQ,S3,absx_quintile,q4,476,0.03589022889427358,1.5463427045037843,0.004788180653766627,0.5525210084033614,2.5519558768412667
QQQ,S3,absx_quintile,q5,477,0.03742228112836867,1.4299995334062139,0.010863539963734903,0.5576519916142557,3.891537571428074
QQQ,S3,vol_spike,False,2028,0.025411512647932687,1.6147449624707833,0.0032723073157985283,0.5157790927021696,1.8318578143749096
QQQ,S3,vol_spike,True,355,0.07787871515820756,1.5979442920197207,0.0222424353520011,0.504225352112676,3.320953983530784
QQQ,S4,rv20,rv_lo,768,0.0024129332531356556,0.12670099102806467,6.33978678542535e-05,0.4817708333333333,-0.0024079311658848383
QQQ,S4,rv20,rv_mid,768,-0.024930953417028282,-1.7420865043180591,0.00713298128751394,0.4505208333333333,-1.5285617055089888
QQQ,S4,rv20,rv_hi,768,0.030206880492850544,1.7150624672463537,0.006339173908390339,0.5533854166666666,2.883482257327651
QQQ,S4,ts_inverted,False,1598,0.02288809562318044,1.8823478445354227,0.006199291415649122,0.4974968710888611,0.8661305037075674
QQQ,S4,ts_inverted,True,785,0.003384130950190906,0.15736841786420566,7.021498415182847e-05,0.5057324840764331,-0.04354414195106565
QQQ,S4,dow,0,442,-0.012474185600342866,-0.4098693077784423,0.0008976159690913255,0.49095022624434387,-0.11105457788479765
QQQ,S4,dow,1,493,0.013091425853449528,0.6801351376926021,0.0021484727961311734,0.4787018255578093,0.19441301086715876
QQQ,S4,dow,2,490,0.026498176610865457,1.0127828019790286,0.00576082975725567,0.5,-0.4162261976909217
QQQ,S4,dow,3,484,0.02009388345353038,0.8857078266262931,0.004683249614862772,0.5165289256198347,3.1125748716420434
QQQ,S4,dow,4,474,0.0101142895087692,0.5925868185697736,0.0006232577282865304,0.5147679324894515,0.0012647712119835152
QQQ,S4,opex,False,2271,0.011963106289016178,0.8666944418290056,0.001155286111392595,0.49933949801849403,0.49940786215844046
QQQ,S4,opex,True,112,0.03504840692614727,0.4862774919828201,0.013183405240848045,0.5178571428571429,1.9262423083150706
QQQ,S4,month_end,False,2268,0.009558210137823741,0.7900117582333663,0.000779394688977253,0.49779541446208114,0.18774866069643215
QQQ,S4,month_end,True,115,0.12254738787126081,2.199887721665084,0.05797217927404563,0.5478260869565217,8.03548200898781
QQQ,S4,quarter_end,False,2345,0.013102744307755472,1.0788864783965753,0.0014181285248106024,0.4980810234541578,0.4542950344056742
QQQ,S4,quarter_end,True,38,0.06257678671852232,0.653618100650459,0.014118902938050848,0.631578947368421,7.488750995047376
QQQ,S4,absx_quintile,q1,477,-0.13792333126230003,-1.1284546860556517,0.0031557904428937134,0.49266247379454925,-0.14222467562964847
QQQ,S4,absx_quintile,q2,476,0.012396723943698104,0.4335501786495766,0.0002839695926073471,0.48739495798319327,0.4871932239876974
QQQ,S4,absx_quintile,q3,477,-0.0037183488760091036,-0.15845034365433178,4.63965660865151e-05,0.4863731656184486,-0.024369536217941794
QQQ,S4,absx_quintile,q4,476,0.044527895801697116,2.5876870620140835,0.017308291326286418,0.5357142857142857,3.6657617753367364
QQQ,S4,absx_quintile,q5,477,0.008537756467282416,0.5752416023631823,0.0007976737688391022,0.4989517819706499,-1.1476871009099032
QQQ,S4,vol_spike,False,2028,0.0064208187231285276,0.5918829675086432,0.00036816718997356723,0.5009861932938856,0.304052563335552
QQQ,S4,vol_spike,True,355,0.033453509983333664,1.2784286333412975,0.0074235185184224894,0.49577464788732395,2.0655656198552306
QQQ,S5,rv20,rv_lo,768,-9.149130566281035e-05,-0.004833401362736862,8.405018037116463e-08,0.4713541666666667,-0.30244850087686026
QQQ,S5,rv20,rv_mid,768,-0.028771174360369065,-2.0010520237862672,0.008266952193008548,0.4544270833333333,-0.9406464346891188
QQQ,S5,rv20,rv_hi,768,0.02364530975344923,1.1301142677180798,0.0034362957447400255,0.5611979166666666,2.3879586795853838
QQQ,S5,ts_inverted,False,1598,0.01993929817551773,1.5455844020186844,0.004238991913399159,0.48873591989987486,0.5384621429781618
QQQ,S5,ts_inverted,True,785,-0.002797127638802694,-0.10918573912759369,4.188070638233565e-05,0.5159235668789809,0.27681434183824627
QQQ,S5,dow,0,442,-0.049014205224994854,-1.1954784352757664,0.012658945273281152,0.4841628959276018,-1.425385034768208
QQQ,S5,dow,1,493,0.016182122812777585,0.6796915943332275,0.0029573879669129166,0.47058823529411764,-0.21168814275328443
QQQ,S5,dow,2,490,0.040180172848371006,1.6930135834352,0.010158952300752366,0.5020408163265306,1.165684988615191
QQQ,S5,dow,3,484,0.016207848746129568,0.7160797413341751,0.0027850015370115555,0.5103305785123967,2.327065252372606
QQQ,S5,dow,4,474,0.006503049333265322,0.3201568781577331,0.0002507702870910844,0.5210970464135021,0.24189657383387822
QQQ,S5,opex,False,2271,0.007280800599022781,0.4764147531680824,0.00037799717682429623,0.4966974900924703,0.37519504790535824
QQQ,S5,opex,True,112,0.03411983151299371,0.4065191707247506,0.012130475034962562,0.5178571428571429,2.015123294902297
QQQ,S5,month_end,False,2268,0.0035567592025221714,0.2574097451231886,9.53655634357009e-05,0.49382716049382713,0.05120198703381783
QQQ,S5,month_end,True,115,0.14738298629910312,2.0279517715123863,0.08374575141756757,0.5739130434782609,8.362049184603713
QQQ,S5,quarter_end,False,2345,0.008558604932286789,0.6122798165401582,0.000536763801999407,0.49594882729211087,0.38831004856896206
QQQ,S5,quarter_end,True,38,0.08578322160428399,0.9168574974325227,0.025396259851506175,0.6052631578947368,4.399334182313419
QQQ,S5,absx_quintile,q1,477,0.12582103543179912,1.3130623076515247,0.003654529850471211,0.4968553459119497,0.888164402165629
QQQ,S5,absx_quintile,q2,476,0.025326295326038185,0.48695500696674715,0.0004397505360371756,0.47478991596638653,0.5851820243933553
QQQ,S5,absx_quintile,q3,477,0.015607936061311577,0.5585606301121746,0.0007474970578361662,0.5031446540880503,0.8027444877824416
QQQ,S5,absx_quintile,q4,476,0.023906425599371547,1.324622628921241,0.0036403079851716758,0.5294117647058824,1.4052912350082665
QQQ,S5,absx_quintile,q5,477,0.0049251009583634224,0.29309536079067483,0.0002900117980670913,0.48427672955974843,-1.4177506271661962
QQQ,S5,vol_spike,False,2028,0.004101610366040317,0.36336680284629397,0.00013536726738372362,0.5009861932938856,0.33785825553965443
QQQ,S5,vol_spike,True,355,0.02461406642518573,0.7371716197906734,0.0034154228446915402,0.4788732394366197,1.1058738608104415
QQQ,S6,rv20,rv_lo,768,-0.002353638053483495,-0.13776100976645697,9.427110211557288e-05,0.4947916666666667,-0.06955781559137471
QQQ,S6,rv20,rv_mid,768,-0.016312525930417387,-1.450108368242556,0.004597146305861832,0.47265625,-0.6059181253788684
QQQ,S6,rv20,rv_hi,768,0.037800725664015405,1.8832469124557158,0.01755606988813896,0.5377604166666666,3.3212622621797028
QQQ,S6,ts_inverted,False,1598,0.013485684312280569,1.5385447701376533,0.0034234277370203126,0.5056320400500626,0.9364246021560781
QQQ,S6,ts_inverted,True,785,0.028482529516200943,1.0907103905589455,0.008800906613230741,0.5019108280254777,1.0846798393223136
QQQ,S6,dow,0,442,0.05268112112057527,0.9576258146938066,0.034376139172506814,0.502262443438914,1.9181966447588212
QQQ,S6,dow,1,493,0.03228114462895594,1.2872117675094839,0.02074056179726791,0.48884381338742394,1.301047269396182
QQQ,S6,dow,2,490,-0.017552339299752043,-0.44429749253902007,0.0039025649801248674,0.49183673469387756,-1.5795518606041685
QQQ,S6,dow,3,484,0.012944933757022568,0.6728666059108618,0.0032817155354398775,0.5020661157024794,0.21484575980157497
QQQ,S6,dow,4,474,0.0385197183979313,1.548321086888666,0.014099419236276778,0.5379746835443038,3.224928336012221
QQQ,S6,opex,False,2271,0.02093279403194494,1.452979579789765,0.006048374434111103,0.5011008366358433,0.8894173928290775
QQQ,S6,opex,True,112,0.01850852520995326,0.50942789794907,0.0036689681027282095,0.5714285714285714,2.928690080344592
QQQ,S6,month_end,False,2268,0.022038460102197233,1.5103393418059106,0.00695426099433305,0.5022045855379189,1.1174840785471207
QQQ,S6,month_end,True,115,-0.005553020205282619,-0.09577858195691466,0.0001909331763046973,0.5478260869565217,-1.6223800176647012
QQQ,S6,quarter_end,False,2345,0.021451545505654094,1.5191351618865947,0.006374770237804639,0.5036247334754798,1.0189430696758865
QQQ,S6,quarter_end,True,38,-0.031006484166960085,-0.5825318541186602,0.00509863392173715,0.5526315789473685,-1.0931923756980255
QQQ,S6,absx_quintile,q1,477,0.012457403342775945,0.13624939075252718,3.506181169476985e-05,0.4947589098532495,0.08998436094536895
QQQ,S6,absx_quintile,q2,476,0.07260517616011278,2.0622415603253126,0.01037057595039459,0.5084033613445378,1.5523457272114842
QQQ,S6,absx_quintile,q3,477,-0.009823852762015804,-0.4593204177766825,0.00047598899988543497,0.5115303983228512,-0.5380790215318659
QQQ,S6,absx_quintile,q4,476,0.008054489011639965,0.600512892092885,0.0008493261378499373,0.5063025210084033,0.6905201051331116
QQQ,S6,absx_quintile,q5,477,0.025058939870702214,1.434686251097509,0.011858308698101117,0.5010482180293501,3.1321115409164797
QQQ,S6,vol_spike,False,2028,0.020767601694811753,1.3506302915952653,0.006113774147496698,0.507396449704142,1.1440190794963594
QQQ,S6,vol_spike,True,355,0.02421007910644651,1.2611365081880805,0.007233887639513381,0.48732394366197185,0.07833660533750045
QQQ,S7,rv20,rv_lo,768,0.0051522412762106526,0.25872540581747305,0.0002684664491519051,0.484375,-0.2324145862743502
QQQ,S7,rv20,rv_mid,768,0.01286714733628531,0.8711100984017224,0.0016356552757311738,0.5065104166666666,1.4576452345538586
QQQ,S7,rv20,rv_hi,768,0.06682919228505033,2.6051158931989264,0.03206380118432517,0.55078125,6.300705299261918
QQQ,S7,ts_inverted,False,1598,0.03357932186711475,2.4521528054894186,0.011058348236917315,0.5087609511889862,1.4578504004196062
QQQ,S7,ts_inverted,True,785,0.05871207955216375,1.794998666898133,0.023300338591687675,0.5273885350318471,4.4959598604256055
QQQ,S7,dow,0,442,0.060178297764808396,0.8990677937692544,0.023696780105795123,0.497737556561086,2.149783632689882
QQQ,S7,dow,1,493,0.04548757592293427,2.0382300504350526,0.023476726943551962,0.5212981744421906,3.1079878167836155
QQQ,S7,dow,2,490,0.05480278937103276,1.4961060272156372,0.020445839452124304,0.49183673469387756,1.9373779422492683
QQQ,S7,dow,3,484,0.034861599750746215,1.4147038724097691,0.012812249293203792,0.518595041322314,1.160991573686279
QQQ,S7,dow,4,474,0.04185228038042673,1.6249219324196578,0.012178343855076434,0.5443037974683544,3.9352235392723225
QQQ,S7,opex,False,2271,0.046553658463478885,2.550278097747178,0.017426709418419506,0.5165125495376486,2.563937084378644
QQQ,S7,opex,True,112,0.02709668375024596,0.4812121534866178,0.004654828332203764,0.48214285714285715,0.32385992572080924
QQQ,S7,month_end,False,2268,0.04807734665060668,2.6011436030668493,0.01885078529482176,0.5141093474426808,2.6949226763373084
QQQ,S7,month_end,True,115,-0.0036675013082798076,-0.061993039624596555,7.048349188532033e-05,0.5304347826086957,-2.2009669532902967
QQQ,S7,quarter_end,False,2345,0.04708576335506434,2.6096616325264077,0.017858652486320903,0.5147121535181237,2.538721602503476
QQQ,S7,quarter_end,True,38,-0.07255266587382896,-1.1536286989008473,0.020520760931190707,0.5263157894736842,-2.4823349359478906
QQQ,S7,absx_quintile,q1,477,0.14166755505212544,1.1701241427110418,0.002559453097724873,0.49056603773584906,1.6335977698845017
QQQ,S7,absx_quintile,q2,476,-0.0023245972628592147,-0.05787258209875739,6.053392795690726e-06,0.4642857142857143,-0.9273406563354017
QQQ,S7,absx_quintile,q3,477,0.018021944259940515,0.6210625968690954,0.0008484480488591961,0.519916142557652,0.8255210565973731
QQQ,S7,absx_quintile,q4,476,0.008831278077787066,0.5245058698566587,0.0006063063925395573,0.5525210084033614,0.9534512519003336
QQQ,S7,absx_quintile,q5,477,0.05548366741584866,2.537658138944902,0.03648298127345817,0.5471698113207547,9.79778848340434
QQQ,S7,vol_spike,False,2028,0.04519364142563191,2.379305365168446,0.016740921924346952,0.5187376725838264,2.085780911776685
QQQ,S7,vol_spike,True,355,0.05264950061476216,1.7365343459021156,0.020186413804828773,0.49295774647887325,4.588759834426801
IWM,S1,rv20,rv_lo,766,-0.006774510445352833,-0.5302802264398291,0.0004618767065399654,0.49216710182767626,0.021715975272825556
IWM,S1,rv20,rv_mid,765,5.856598179981132e-05,0.004484073575112292,3.536058323927449e-08,0.4928104575163399,-0.5935192755466235
IWM,S1,rv20,rv_hi,766,0.004289748892429383,0.15984571979968798,0.00015635675309721986,0.46866840731070497,-2.990172021241431
IWM,S1,ts_inverted,False,1596,-0.009118220412432161,-0.9625128920613415,0.0009512425461606355,0.4849624060150376,-0.3003818512815645
IWM,S1,ts_inverted,True,784,0.01720376224928418,0.5376261912173972,0.002169010040691588,0.48086734693877553,-2.728940742208098
IWM,S1,dow,0,439,0.04430751706624299,0.7802562454666635,0.026138661957796572,0.4715261958997722,-0.7545153722489882
IWM,S1,dow,1,492,0.02736316571314399,1.7909368041633384,0.008495815597119316,0.4796747967479675,1.012737376280749
IWM,S1,dow,2,490,-0.07622710676370341,-1.8922774184628868,0.03712013629230437,0.45918367346938777,-4.673505903692913
IWM,S1,dow,3,484,-0.016842262564641722,-0.8751429545933523,0.003130012789261394,0.49793388429752067,-1.351428995859227
IWM,S1,dow,4,475,0.019353469123223097,0.609253139576466,0.0021754616809138705,0.5094736842105263,0.33300212538114676
IWM,S1,opex,False,2268,0.004596951898427697,0.2569927364286819,0.0001910144099891431,0.4845679012345679,-1.0883842316571948
IWM,S1,opex,True,112,-0.037287478775644756,-1.2221040319375804,0.012601049009972165,0.4642857142857143,-1.3432458851607827
IWM,S1,month_end,False,2265,0.006156733042573967,0.35490519916990965,0.00036498639025883683,0.482560706401766,-0.9073840974394437
IWM,S1,month_end,True,115,-0.10038698838187408,-1.2433855245176781,0.027649908043712146,0.5043478260869565,-4.9015130072711806
IWM,S1,quarter_end,False,2342,0.004629180262707972,0.26974152872589424,0.00019858520934201707,0.4846285226302306,-0.9091723935854562
IWM,S1,quarter_end,True,38,-0.1889525465232006,-2.400717203321272,0.06736074209849863,0.42105263157894735,-12.884663967352294
IWM,S1,absx_quintile,q1,476,-0.09027551861864183,-0.8714247677629328,0.0016047577766116206,0.5147058823529411,-0.7401036521570868
IWM,S1,absx_quintile,q2,476,-0.06378258974993367,-1.6964615666376337,0.00517200969258258,0.4411764705882353,-1.548886265023207
IWM,S1,absx_quintile,q3,476,-0.012196947215945244,-0.451178312501207,0.0003515065434398501,0.4789915966386555,-0.6088295797280702
IWM,S1,absx_quintile,q4,476,-0.0030288644696075846,-0.18394209815284918,5.800880127049268e-05,0.4957983193277311,-0.42547176060105263
IWM,S1,absx_quintile,q5,476,0.00640681507894416,0.3124881457142139,0.0006749356635218362,0.48739495798319327,-2.1785973486597547
IWM,S1,vol_spike,False,2056,0.015290851906182871,0.6511303950040551,0.0019933792793016547,0.4800583657587549,-1.0047579569435887
IWM,S1,vol_spike,True,324,-0.01927938317343837,-1.2197875629350514,0.0037948896785113817,0.5061728395061729,-1.7071500526558865
IWM,S2,rv20,rv_lo,766,-0.011672017536958257,-0.6520555134677417,0.0007931272160642822,0.5026109660574413,0.06288701653594307
IWM,S2,rv20,rv_mid,765,-0.00109605260834156,-0.06046194254873965,6.788808563196191e-06,0.5098039215686274,-0.3976016605596144
IWM,S2,rv20,rv_hi,766,0.029835074474712765,0.755563064906995,0.005181396555758111,0.5039164490861618,-1.1086891325262507
IWM,S2,ts_inverted,False,1596,0.0001454007961152699,0.007888622129243062,1.3021545830493864e-07,0.5169172932330827,0.4865078329827126
IWM,S2,ts_inverted,True,784,0.03642950630297514,0.7612611054750522,0.007131920266317482,0.4846938775510204,-2.0476283955329557
IWM,S2,dow,0,439,0.04834776470787373,0.6803424377436207,0.01683925411379683,0.4920273348519362,-1.6175788353856455
IWM,S2,dow,1,492,0.027075443306248424,1.144815287047819,0.005992370436802452,0.5223577235772358,2.5512542073446456
IWM,S2,dow,2,490,-0.045198776236624584,-1.9761383976756053,0.008252316349853905,0.4775510204081633,-3.6564162234220046
IWM,S2,dow,3,484,0.021618155577666262,0.6013629807025693,0.002769394340384257,0.5082644628099173,0.020504251645025458
IWM,S2,dow,4,475,0.017207559579189,0.5039842124957902,0.0013957960432723349,0.5305263157894737,0.8584121468292518
IWM,S2,opex,False,2268,0.01743316882833117,0.6445907360016284,0.001747612184625491,0.5044091710758377,-0.42028798901947045
IWM,S2,opex,True,112,0.015150005747824413,0.4133632009112235,0.0014420102344248065,0.5446428571428571,1.1101696289172418
IWM,S2,month_end,False,2265,0.019304535890889707,0.7277124319269896,0.0022278975680095625,0.5081677704194261,-0.22681065605039932
IWM,S2,month_end,True,115,-0.05652097302021502,-0.8698925764694202,0.007857266649084704,0.46956521739130436,-2.7404176061154213
IWM,S2,quarter_end,False,2342,0.018581217323797316,0.713995662279805,0.0020059212402920856,0.5098206660973527,-0.17070832603959538
IWM,S2,quarter_end,True,38,-0.15818695083590817,-3.19855428910001,0.06771369355490575,0.2894736842105263,-11.291454238755145
IWM,S2,absx_quintile,q1,476,-0.0005482951952733711,-0.00392045938239763,2.776764507217422e-08,0.5063025210084033,-0.11693789048041486
IWM,S2,absx_quintile,q2,476,-0.029534764671714137,-0.5655878807831252,0.0006336896494337774,0.49789915966386555,-0.2007698154301942
IWM,S2,absx_quintile,q3,476,0.0259990096576119,0.7151269103084174,0.0009647840730174773,0.5273109243697479,1.058897539153039
IWM,S2,absx_quintile,q4,476,-0.004639637145217456,-0.1938809105631838,7.627037016588734e-05,0.5126050420168067,-0.5417195425742464
IWM,S2,absx_quintile,q5,476,0.020974017024351966,0.6447756850998091,0.005626409719147296,0.48739495798319327,-1.9408025609568977
IWM,S2,vol_spike,False,2056,0.027139842629495134,0.8373311603051863,0.0036502736002308467,0.5053501945525292,-0.3603751599668945
IWM,S2,vol_spike,True,324,-0.0011285729511802262,-0.043615873756283986,1.0728509273527642e-05,0.5123456790123457,-0.27142849310337314
IWM,S3,rv20,rv_lo,766,0.042479904379690514,2.3577559806647947,0.014294470951576876,0.5026109660574413,1.0670961354146424
IWM,S3,rv20,rv_mid,765,0.00034630217662268847,0.019991159431581283,7.719323923405241e-07,0.4993464052287582,1.0122149619088192
IWM,S3,rv20,rv_hi,766,0.011189061045818082,0.4432744709575613,0.000633594261756798,0.5626631853785901,1.2999901599560855
IWM,S3,ts_inverted,False,1596,0.034464690490466444,2.6628910594177917,0.00747098174688432,0.5307017543859649,2.5583995233919254
IWM,S3,ts_inverted,True,784,-0.009432554081369539,-0.33082591160477953,0.00047295044645701,0.5051020408163265,-1.713221429213788
IWM,S3,dow,0,439,-0.005099475416790631,-0.17672587770974327,0.00011246234041695224,0.4988610478359909,-2.1891233738012725
IWM,S3,dow,1,492,0.02945459307175532,1.4929216109875953,0.007271454965374735,0.5203252032520326,2.105588344964995
IWM,S3,dow,2,490,0.07693654749785009,2.095273024954585,0.030983985269799952,0.5387755102040817,4.515971017679965
IWM,S3,dow,3,484,0.010369748263800969,0.4040428728029305,0.000662189214064246,0.5516528925619835,3.942242546950045
IWM,S3,dow,4,475,-0.04902281295203705,-1.597651110331,0.014630811964354673,0.49894736842105264,-3.064748330907622
IWM,S3,opex,False,2268,0.01459134618980024,0.9283531196318981,0.0012100173852857,0.5242504409171076,1.2318015987370454
IWM,S3,opex,True,112,-0.0003178868263235962,-0.006265155756529534,9.778910952107367e-07,0.48214285714285715,-0.47933917058675035
IWM,S3,month_end,False,2265,0.012800982208983167,0.8521272257910998,0.000980436819744246,0.5218543046357615,1.0321030367908828
IWM,S3,month_end,True,115,0.04873218371185582,0.6259573781760541,0.0069094824682767175,0.5304347826086957,3.4984926999874184
IWM,S3,quarter_end,False,2342,0.014127744865001481,0.9475121097167444,0.0011652339571798231,0.5230572160546542,1.21051992850355
IWM,S3,quarter_end,True,38,0.011008224076331886,0.12284788166677718,0.00032995078999309424,0.47368421052631576,-2.4999377296160796
IWM,S3,absx_quintile,q1,476,-0.05667521012470367,-0.49805623222205864,0.00044635052897568084,0.5252100840336135,-0.39847438793431517
IWM,S3,absx_quintile,q2,476,0.10101358775653242,2.259863085550802,0.007883595787951947,0.542016806722689,2.9998375182733445
IWM,S3,absx_quintile,q3,476,0.011175083202645458,0.4355691484063674,0.0004601832328076094,0.49159663865546216,0.13108273628161216
IWM,S3,absx_quintile,q4,476,0.02681785831554297,1.4784334097074692,0.004241088657722325,0.5441176470588235,2.724987336356071
IWM,S3,absx_quintile,q5,476,0.008922697816954383,0.45505575390038766,0.0007889887307520604,0.5084033613445378,0.29895343322056267
IWM,S3,vol_spike,False,2056,6.948897901840257e-05,0.004981152671453963,2.88137449455661e-08,0.5184824902723736,0.9792092357714423
IWM,S3,vol_spike,True,324,0.06308756682214657,1.6596912470156011,0.02104304674846047,0.5462962962962963,2.2431662039624
IWM,S4,rv20,rv_lo,766,0.01833690457182223,1.3409350043489126,0.005053752869541017,0.489556135770235,0.5314731101415016
IWM,S4,rv20,rv_mid,765,-0.009434190596484038,-0.7499370683843551,0.0011402828954797384,0.4849673202614379,-0.07315195885003754
IWM,S4,rv20,rv_hi,766,-0.028665795375176634,-1.0322010305180467,0.006993011273615957,0.5039164490861618,-0.6918749510368809
IWM,S4,ts_inverted,False,1596,0.01800881463203092,1.902348633806146,0.004179218087479342,0.4968671679197995,0.9189186717766102
IWM,S4,ts_inverted,True,784,-0.05009694951834727,-1.658323957744612,0.02087251719198613,0.4885204081632653,-1.9299767683118085
IWM,S4,dow,0,439,0.01195888857249216,0.48819625384122867,0.0012232463461788745,0.44874715261959,-0.19787652115637408
IWM,S4,dow,1,492,0.005417347418689325,0.35172712913921567,0.00036874050078228304,0.5142276422764228,0.6056718685945798
IWM,S4,dow,2,490,-0.0253595298986075,-0.5467011707212815,0.00688268348956711,0.4959183673469388,0.3980358724808184
IWM,S4,dow,3,484,-0.009562884839237899,-0.38836860962013575,0.0011713981401642037,0.5082644628099173,1.6825410761131738
IWM,S4,dow,4,475,-0.04815912034544141,-1.5942418150957212,0.01798083569316633,0.49894736842105264,-2.667405918139474
IWM,S4,opex,False,2268,-0.01644489454991448,-0.8984228198108238,0.0027324925212232065,0.4911816578483245,-0.13177661150761436
IWM,S4,opex,True,112,0.031261501996005386,0.607653471929941,0.013268567383501906,0.5535714285714286,2.253230077663228
IWM,S4,month_end,False,2265,-0.01670280502896153,-1.0199640682296045,0.003030750056450926,0.4913907284768212,-0.13927403349930217
IWM,S4,month_end,True,115,0.06299227189599715,0.727163279271727,0.012970270020160157,0.5478260869565217,2.338679127608101
IWM,S4,quarter_end,False,2342,-0.013204484959705248,-0.8137426850615029,0.0018224941509106252,0.49402220324508966,0.06613707956344449
IWM,S4,quarter_end,True,38,-0.17587616073826196,-1.0161495697142593,0.07806321623390133,0.5,-5.300016487857231
IWM,S4,absx_quintile,q1,476,-0.0031815562607867137,-0.03878776761010309,2.718174730076406e-06,0.4894957983193277,-0.11099850718651162
IWM,S4,absx_quintile,q2,476,0.04515393713142732,1.4285554184213909,0.0039349182102768054,0.5294117647058824,1.6628554101999062
IWM,S4,absx_quintile,q3,476,0.013158930069990023,0.6217142901621546,0.0009239073371867246,0.49789915966386555,0.38245614698453684
IWM,S4,absx_quintile,q4,476,0.0009175948482380266,0.05695867954817634,7.960967316700263e-06,0.46008403361344535,-0.1907457421620131
IWM,S4,absx_quintile,q5,476,-0.022030459437129467,-1.0434736815849508,0.007726697563657514,0.49369747899159666,-1.8412723208632038
IWM,S4,vol_spike,False,2056,-0.011340556323318533,-0.8083531648198576,0.001445405553776813,0.4985408560311284,0.02318037055664759
IWM,S4,vol_spike,True,324,-0.025330530913036706,-0.5599631871558175,0.005039470220775999,0.4660493827160494,-0.2906371236588126
IWM,S5,rv20,rv_lo,766,0.018415697710911325,1.2810929856427191,0.004644047116861505,0.4751958224543081,-0.11018428918184264
IWM,S5,rv20,rv_mid,765,-0.015246850766341913,-1.2497800931568108,0.0027297754410677832,0.4915032679738562,-0.3248196274266986
IWM,S5,rv20,rv_hi,766,-0.02765400955470048,-1.1413656038945812,0.005649376096981018,0.5169712793733682,-1.0064819999353765
IWM,S5,ts_inverted,False,1596,0.015226226522272745,1.623000593020463,0.0027086669138907116,0.5012531328320802,0.9511039047641892
IWM,S5,ts_inverted,True,784,-0.04803306386492918,-1.8384308145778676,0.01672447145897371,0.48341836734693877,-3.0591991001619254
IWM,S5,dow,0,439,-0.006064648092974393,-0.21614983286325104,0.0002939854235982642,0.4510250569476082,-1.4673181519729694
IWM,S5,dow,1,492,0.01437697332827261,0.7898971342824997,0.002404778576023059,0.5101626016260162,0.8524675496905427
IWM,S5,dow,2,490,-0.014046396294030835,-0.33931382891463274,0.0016333148054451518,0.5,0.27173164875371697
IWM,S5,dow,3,484,-0.019306246188797345,-0.7865768259279465,0.004274044856324544,0.5206611570247934,1.5595156889980022
IWM,S5,dow,4,475,-0.04345913274284241,-1.6565589780614385,0.014167214693579733,0.4905263157894737,-3.24982258867215
IWM,S5,opex,False,2268,-0.016862133958555042,-1.0435196317825666,0.0025401524267042452,0.49426807760141095,-0.3988104144477613
IWM,S5,opex,True,112,0.03676861712259273,0.6254481677627698,0.0188728695386714,0.5178571428571429,0.21474783432338346
IWM,S5,month_end,False,2265,-0.018223614155787667,-1.287462357737971,0.003200380262149416,0.493598233995585,-0.6465114622286807
IWM,S5,month_end,True,115,0.1076454162348892,2.083522484038145,0.037608972137461616,0.5304347826086957,5.077375647170943
IWM,S5,quarter_end,False,2342,-0.013971364568004468,-0.9971918992793396,0.0018176834722143376,0.4961571306575576,-0.24550294506209316
IWM,S5,quarter_end,True,38,-0.05718681971208659,-0.5043039012187653,0.006208300225119423,0.4473684210526316,-8.039009610207403
IWM,S5,absx_quintile,q1,476,-0.07780466512366506,-0.9423395133601485,0.0016725445445732179,0.4957983193277311,-0.8387491606571966
IWM,S5,absx_quintile,q2,476,0.11310307100637933,2.679367605369202,0.01657557938549381,0.5399159663865546,3.2918635146265283
IWM,S5,absx_quintile,q3,476,-0.007176325153963091,-0.3800131111264397,0.00032072595921672775,0.4810924369747899,-0.6089549529432434
IWM,S5,absx_quintile,q4,476,-0.007011882184737586,-0.522431085070495,0.0005225042954762893,0.4831932773109244,-0.6274154604191794
IWM,S5,absx_quintile,q5,476,-0.019952847505554268,-1.050828443533155,0.00532872506126103,0.47689075630252103,-3.0664293660760342
IWM,S5,vol_spike,False,2056,-0.01555787131714835,-1.1511337880014805,0.0024847574515965976,0.5029182879377432,-0.1102836660590008
IWM,S5,vol_spike,True,324,-0.01024135044985991,-0.2762575865064693,0.0006721532428489718,0.44753086419753085,-2.017614336746907
IWM,S6,rv20,rv_lo,766,0.007598574571738614,0.6356335136004143,0.0012412462921911338,0.4960835509138381,0.5453496338810302
IWM,S6,rv20,rv_mid,765,-0.006136975334480195,-0.6952718916110734,0.0007567882792243186,0.48104575163398694,-0.5019650783526363
IWM,S6,rv20,rv_hi,766,-0.0064668706840528105,-0.37901269250951447,0.0006543224254276225,0.5234986945169713,2.217191558265731
IWM,S6,ts_inverted,False,1596,0.0024592043302421028,0.3415621548214053,0.0001280438232783565,0.5006265664160401,0.8681436752602034
IWM,S6,ts_inverted,True,784,-0.009930609105940348,-0.48677534308244175,0.0014193465877160305,0.4961734693877551,0.3615361184919426
IWM,S6,dow,0,439,0.037970318196216275,0.9327309165580747,0.027218752646053113,0.46924829157175396,1.2315613976143274
IWM,S6,dow,1,492,0.024056538259955754,1.4128383951949486,0.011101426945744453,0.5223577235772358,2.3610523327457535
IWM,S6,dow,2,490,-0.05032908905944269,-1.1804485899060186,0.042806404146960575,0.5020408163265306,-0.34756455513905016
IWM,S6,dow,3,484,-0.011009675247844545,-0.9528252531503648,0.0026445865490594134,0.49793388429752067,-0.5688756792270445
IWM,S6,dow,4,475,-0.005060635781737403,-0.3432732932549384,0.0003089473301106649,0.5010526315789474,0.8681071202387188
IWM,S6,opex,False,2268,-0.003907213014608711,-0.3546630540303917,0.00026338937230963033,0.5,0.7530521193794601
IWM,S6,opex,True,112,0.004765343503840998,0.15473389972306612,0.0003535313162520426,0.48214285714285715,-0.34750521553256986
IWM,S6,month_end,False,2265,-0.0028925841838714087,-0.26896747486182776,0.00015344401143357889,0.49801324503311256,0.7487692261652861
IWM,S6,month_end,True,115,-0.032140064438394136,-0.36382104909060725,0.005221427473605211,0.5217391304347826,-0.2344406491426527
IWM,S6,quarter_end,False,2342,-0.0024200256928518424,-0.22975713151861732,0.00010340008907194775,0.5004269854824936,0.850852323701571
IWM,S6,quarter_end,True,38,-0.22637385498172843,-1.381295423205478,0.15092325771889026,0.42105263157894735,-8.518276828845043
IWM,S6,absx_quintile,q1,476,0.017325004371617582,0.22576234926476405,0.0001235784773074844,0.5,0.013515025399016582
IWM,S6,absx_quintile,q2,476,0.022364472206008457,0.861797538567645,0.0012847848113509697,0.4810924369747899,1.120785504140771
IWM,S6,absx_quintile,q3,476,0.038159888067668485,1.7836774772425341,0.00984572782921811,0.5336134453781513,2.5060385696971372
IWM,S6,absx_quintile,q4,476,0.006896740159121848,0.6231377878826746,0.0007983907553190672,0.5,0.7523062806125695
IWM,S6,absx_quintile,q5,476,-0.009568760797894588,-0.6940766704797757,0.002494736480530557,0.4810924369747899,-0.8863394499903183
IWM,S6,vol_spike,False,2056,0.0021436474913868516,0.19032039042693172,8.24149646990735e-05,0.4995136186770428,0.32803906564538876
IWM,S6,vol_spike,True,324,-0.01881939050233819,-0.9068972248185674,0.005508531993699495,0.49691358024691357,3.0696089618705202
IWM,S7,rv20,rv_lo,766,0.017145241733329653,1.115190379493859,0.003468002181493901,0.49477806788511747,0.717852396150222
IWM,S7,rv20,rv_mid,765,-6.02433234385827e-05,-0.0046653852528207715,3.7868052027434373e-08,0.4823529411764706,0.28904975843741654
IWM,S7,rv20,rv_hi,766,0.02679099863168426,1.1572232638789697,0.007008740883058251,0.5574412532637075,3.2886927248828317
IWM,S7,ts_inverted,False,1596,0.012499998846605511,1.0858124950633814,0.0016751284034088876,0.5206766917293233,1.6293264131304612
IWM,S7,ts_inverted,True,784,0.024775218635224767,0.9094314481974148,0.0059127797910404345,0.4872448979591837,0.7255071798180937
IWM,S7,dow,0,439,0.03334378268880382,0.6282011766611525,0.010984828738519803,0.4920273348519362,0.35103584764320245
IWM,S7,dow,1,492,0.034393222625986174,1.7003032931061388,0.015725929364613922,0.5182926829268293,3.08690233665469
IWM,S7,dow,2,490,0.017775808879789395,0.6998278621577874,0.002832012662175143,0.5142857142857142,1.5346813541623168
IWM,S7,dow,3,484,0.0141464284941894,0.8137467208999624,0.0021442229511918764,0.49793388429752067,-0.46247446545022675
IWM,S7,dow,4,475,-0.005938619959155574,-0.3476631260578983,0.0003389195993448446,0.5242105263157895,2.0382856322579004
IWM,S7,opex,False,2268,0.018630908886179975,1.2326562639079495,0.003527769310079587,0.5101410934744268,1.4012689765900574
IWM,S7,opex,True,112,0.010261623752073566,0.24307573200841567,0.0010905127120455216,0.5,-0.07924513011293591
IWM,S7,month_end,False,2265,0.019464445665352922,1.3035863969302859,0.003995602311276603,0.5112582781456954,1.334334229387658
IWM,S7,month_end,True,115,-0.02214234908697073,-0.36998604505432936,0.0021242192886011813,0.4782608695652174,1.2777004762656985
IWM,S7,quarter_end,False,2342,0.018894493668789335,1.2854868411365734,0.0036661649231279902,0.5132365499573015,1.4765134432537839
IWM,S7,quarter_end,True,38,-0.06582526681050078,-0.9189314212944343,0.013738413998892085,0.2894736842105263,-7.599786835967381
IWM,S7,absx_quintile,q1,476,0.17681348703313776,1.8652325638467122,0.005417575405302633,0.49789915966386555,1.361381471073778
IWM,S7,absx_quintile,q2,476,-0.008730988299560555,-0.23985429788761842,0.00013689652673842811,0.4684873949579832,-0.4609824152418022
IWM,S7,absx_quintile,q3,476,0.027964409170416586,1.35600914266336,0.0035388840571805025,0.5462184873949579,1.8970552268236178
IWM,S7,absx_quintile,q4,476,0.016223822568206165,1.01428196663837,0.002040953339583096,0.5168067226890757,1.5795567177620027
IWM,S7,absx_quintile,q5,476,0.018225347627037574,0.9821563239657874,0.0061422392553515115,0.5189075630252101,2.280977622131987
IWM,S7,vol_spike,False,2056,0.013456647540887611,0.8305289569138745,0.0017747590950712988,0.507295719844358,0.44531388011138084
IWM,S7,vol_spike,True,324,0.032553714564247306,1.6756789023214442,0.012132354768707887,0.5246913580246914,6.955670514890748
XLK,S1,rv20,rv_lo,765,-0.0023369554146561726,-0.12004184367478168,4.330871379842893e-05,0.4849673202614379,-0.06927420775678643
XLK,S1,rv20,rv_mid,764,-0.0023599586795380978,-0.15537342783537791,4.4615956078408736e-05,0.4856020942408377,0.21206963037232765
XLK,S1,rv20,rv_hi,765,0.0537965769725135,1.2561238137581532,0.01534104926259039,0.49019607843137253,0.8092021781852495
XLK,S1,ts_inverted,False,1594,0.003698142832907658,0.32007806927013466,0.00011992808972638436,0.493099121706399,-0.11562723527760034
XLK,S1,ts_inverted,True,782,0.06274738743680432,1.2104186862050126,0.01849072603173363,0.4833759590792839,1.209172057161412
XLK,S1,dow,0,438,0.08119886235336311,1.0077395188378484,0.05087607966209895,0.4634703196347032,0.3012391276008655
XLK,S1,dow,1,492,0.04108241973013095,1.7456178855299131,0.01629104294814554,0.4735772357723577,0.49694806612051173
XLK,S1,dow,2,489,-0.06651970992134908,-1.4515740132425201,0.020119725370422725,0.4621676891615542,-2.488276580538208
XLK,S1,dow,3,482,0.023552901092177652,0.6974361421067422,0.004816079984055421,0.504149377593361,0.8425838427135705
XLK,S1,dow,4,475,0.08170490149438453,1.3097314505816957,0.023314399931604557,0.5452631578947369,2.5167650209315813
XLK,S1,opex,False,2264,0.035142227919139575,1.1899972096369313,0.007625094698074486,0.48586572438162545,0.31118593901833713
XLK,S1,opex,True,112,-0.020090114668101768,-0.3529349176631241,0.0015205407480186617,0.5714285714285714,0.506587229734054
XLK,S1,month_end,False,2261,0.04094950231691177,1.3830838814752906,0.010531136960235776,0.49049093321539144,0.6457105648621253
XLK,S1,month_end,True,115,-0.12661832194452555,-1.336891288116315,0.05551280027581129,0.4782608695652174,-6.075555230309009
XLK,S1,quarter_end,False,2338,0.035775057183263397,1.2327615722812273,0.007815699903727102,0.4914456800684346,0.4958497612425604
XLK,S1,quarter_end,True,38,-0.13247613998859925,-2.121337449281665,0.07669922484925806,0.39473684210526316,-10.474579108352028
XLK,S1,absx_quintile,q1,476,0.18575528440554956,1.0359863192507652,0.003304294250820461,0.47689075630252103,2.5244333676632906
XLK,S1,absx_quintile,q2,475,-0.023170883369326746,-0.4574006637241019,0.00043871689142116477,0.4631578947368421,-0.5924854061920443
XLK,S1,absx_quintile,q3,475,-0.0370046120543928,-1.320378661161878,0.003992818138806475,0.5073684210526316,-1.9211658021284415
XLK,S1,absx_quintile,q4,475,-0.005871882583962302,-0.3458973635550993,0.00021761090534144767,0.5052631578947369,-0.3774754671990107
XLK,S1,absx_quintile,q5,475,0.046137289931427385,1.2762769883394445,0.018969673961916067,0.4968421052631579,1.9640371021721343
XLK,S1,vol_spike,False,1963,0.06153795067520226,1.5256497165664236,0.019227162043221835,0.5012735608762099,1.0371147226264759
XLK,S1,vol_spike,True,413,-0.018251224812348744,-1.0961458498073313,0.0030263417088380873,0.4358353510895884,-3.086182723603009
XLK,S2,rv20,rv_lo,765,-0.006672536772425452,-0.2896672408038921,0.00022744776768324204,0.47320261437908495,-0.7214939381811748
XLK,S2,rv20,rv_mid,764,0.020579098303752173,1.0295780379620383,0.002179294940614529,0.5143979057591623,1.6889280369327049
XLK,S2,rv20,rv_hi,765,0.07759677675553295,1.4893907918926612,0.021722390552074367,0.49411764705882355,2.228769588421685
XLK,S2,ts_inverted,False,1594,0.019666950773107695,1.1250164252834303,0.002018594936361029,0.4981179422835634,0.39018320572106885
XLK,S2,ts_inverted,True,782,0.08522332295883156,1.3470037058350033,0.02438394667922883,0.49104859335038364,2.589182987121164
XLK,S2,dow,0,438,0.09783036745747008,1.0560962814540773,0.043657121810881216,0.4885844748858447,0.9294878747943565
XLK,S2,dow,1,492,0.04747378809590043,1.3635809302404258,0.014225415669168018,0.4878048780487805,2.1587046266054033
XLK,S2,dow,2,489,-0.0365300636896752,-1.009078199203419,0.004073741986718171,0.4560327198364008,-2.05660968776701
XLK,S2,dow,3,482,0.04815440654056443,1.0791639325045086,0.012065118154056087,0.4979253112033195,1.022410275348874
XLK,S2,dow,4,475,0.10261851468758519,1.5561437347283917,0.029071508937024704,0.5494736842105263,3.5586845157858074
XLK,S2,opex,False,2264,0.05320688655218305,1.468006976701103,0.011646641566954274,0.49425795053003535,0.9134536583255735
XLK,S2,opex,True,112,0.05011687995717837,0.7692170201132978,0.00703743135161683,0.5267857142857143,5.166375387491389
XLK,S2,month_end,False,2261,0.060861167928213146,1.6829389445808127,0.015301784807284946,0.5002211410880142,1.5097283661851904
XLK,S2,month_end,True,115,-0.12243442857922138,-2.163455008100296,0.045103143607992946,0.40869565217391307,-6.667849653013751
XLK,S2,quarter_end,False,2338,0.055276711337885996,1.5613942971308594,0.012489269450329687,0.49786142001710865,1.2849352875756215
XLK,S2,quarter_end,True,38,-0.13767960076552865,-1.524301499411332,0.055212006954700854,0.3684210526315789,-9.40751517114918
XLK,S2,absx_quintile,q1,476,0.07109685539874072,0.35337162774469627,0.0003242700741915572,0.4726890756302521,1.8880404170267695
XLK,S2,absx_quintile,q2,475,-0.089140346656125,-1.394621881894504,0.004269309741500971,0.47578947368421054,-2.4704013467228267
XLK,S2,absx_quintile,q3,475,-0.0034056992171370773,-0.08726202607895668,2.013316142535082e-05,0.48210526315789476,-0.39046979529821
XLK,S2,absx_quintile,q4,475,0.019077745319621187,0.7272118579762695,0.0012047962469180495,0.52,1.7255008252761372
XLK,S2,absx_quintile,q5,475,0.06542917104215318,1.4595486685666534,0.028323731562710397,0.5284210526315789,4.815340605888882
XLK,S2,vol_spike,False,1963,0.08973551916616195,1.8478616011252118,0.028617187238397235,0.5048395313295976,1.8699194685413951
XLK,S2,vol_spike,True,413,-0.01449423313610252,-0.5706069436605402,0.001114404852577744,0.45278450363196127,-2.4793191062920696
XLK,S3,rv20,rv_lo,765,0.013646123911362237,0.5685859120596596,0.0011408790269419322,0.4993464052287582,0.541254720668948
XLK,S3,rv20,rv_mid,764,0.024817536713942493,1.2064045037395552,0.0038287094974447378,0.5104712041884817,2.246623000998921
XLK,S3,rv20,rv_hi,765,0.04117953012825538,0.9775253920830408,0.0063468986158311536,0.5437908496732026,3.77952875703206
XLK,S3,ts_inverted,False,1594,0.044708873069808565,2.8756364112843698,0.011855745507415194,0.5131744040150564,2.5039536113085954
XLK,S3,ts_inverted,True,782,0.021665429238544275,0.42212737149305946,0.0016568636615090782,0.5294117647058824,1.4833824910662725
XLK,S3,dow,0,438,-0.06133792573343327,-0.8499987880613222,0.013138441071179674,0.4817351598173516,-0.36933322448245204
XLK,S3,dow,1,492,0.049157527419640544,1.9820495840831334,0.01663927819064681,0.49796747967479676,0.9168912674424974
XLK,S3,dow,2,489,0.11852816817679591,2.499018978416819,0.053005892094704965,0.5378323108384458,5.614879368796152
XLK,S3,dow,3,482,0.047502552611434205,1.7702547453305408,0.013618563291531771,0.5311203319502075,4.757093383513355
XLK,S3,dow,4,475,-0.0018325027704752185,-0.0608464614408496,1.2136906146542614e-05,0.5410526315789473,-0.3718534926598402
XLK,S3,opex,False,2264,0.03249716352969835,1.1549373621519916,0.004627133852476928,0.5185512367491166,2.202584083797631
XLK,S3,opex,True,112,0.04065396739897709,0.4794352461413089,0.00974073391558028,0.5178571428571429,1.4701499885882985
XLK,S3,month_end,False,2261,0.028737426835069243,1.057868231438529,0.003735408776821436,0.5196815568332597,2.1281754721876673
XLK,S3,month_end,True,115,0.1463101678145965,1.841279066056678,0.06761486918340454,0.4956521739130435,2.9521949723774776
XLK,S3,quarter_end,False,2338,0.032884401448813876,1.2415162254692627,0.004848182990762839,0.5196749358426005,2.1922518042668617
XLK,S3,quarter_end,True,38,0.09612350312675857,0.7930913717579503,0.01904722204089737,0.4473684210526316,0.6795380543106173
XLK,S3,absx_quintile,q1,476,0.03737440727239724,0.296167844294135,0.00016015580303474497,0.49159663865546216,0.3887724770034269
XLK,S3,absx_quintile,q2,475,0.04936214967507587,0.8523340900284434,0.0013395980854664646,0.5052631578947369,0.487490899572594
XLK,S3,absx_quintile,q3,475,0.038256253946629466,0.9297405815495627,0.0025116072956262725,0.4926315789473684,1.9338344811840245
XLK,S3,absx_quintile,q4,475,0.03757595615654705,1.4713475316688371,0.00552207455468523,0.5494736842105263,3.024970663563475
XLK,S3,absx_quintile,q5,475,0.03140495086112962,0.9533159194973073,0.007042250760101898,0.5536842105263158,5.008970198598001
XLK,S3,vol_spike,False,1963,0.013542836698558151,0.4912123675867399,0.0007818553588052612,0.5180845644421803,1.662280988070275
XLK,S3,vol_spike,True,413,0.0798348045115965,1.8056163993554284,0.03159317198815892,0.5205811138014528,4.572032893118102
XLK,S4,rv20,rv_lo,765,0.009635876635876558,0.5237888942528074,0.0009402422123147014,0.48104575163398694,0.5655841532334603
XLK,S4,rv20,rv_mid,764,-0.019916794805495134,-1.4366129036519428,0.004422944288727471,0.4607329842931937,-1.73971880531094
XLK,S4,rv20,rv_hi,765,0.02498284931265696,0.9988865509753492,0.0038256082250535117,0.5542483660130719,3.3195919600259236
XLK,S4,ts_inverted,False,1594,0.027960902677735988,2.239419719191107,0.008543090955672517,0.501254705144291,1.3689744099799404
XLK,S4,ts_inverted,True,782,-0.0034622664621264568,-0.11825084552037698,6.715917153721218e-05,0.5025575447570333,-0.37875533384976795
XLK,S4,dow,0,438,-0.03176837445538819,-0.5733532056262219,0.006312336741002622,0.5068493150684932,1.0401192329954463
XLK,S4,dow,1,492,0.019460848635933135,0.7640285221351382,0.004402920646477182,0.45934959349593496,0.41358578990345873
XLK,S4,dow,2,489,0.016871683769550953,0.5540595212236099,0.0020689623694765125,0.5112474437627812,0.4783789711880644
XLK,S4,dow,3,482,0.02779370911346753,1.2310688165232762,0.008546803055485053,0.49377593360995853,2.093830582383623
XLK,S4,dow,4,475,0.016681872976067005,0.8675467872046554,0.0012978978512053763,0.5389473684210526,-0.034213793403937764
XLK,S4,opex,False,2264,0.009535298993592164,0.5287026672761059,0.0006702764516398618,0.5004416961130742,0.658048759503944
XLK,S4,opex,True,112,0.05819616260574471,0.7267421122917034,0.027089504236922135,0.5267857142857143,3.5369298832194382
XLK,S4,month_end,False,2261,0.0066838519385099115,0.4168084670557816,0.0003439176292273638,0.5011057054400707,0.4522153376302211
XLK,S4,month_end,True,115,0.16169605920522023,3.1621616006282784,0.09587673716875977,0.5130434782608696,7.50869269613545
XLK,S4,quarter_end,False,2338,0.011626717413832807,0.7257609669952344,0.0010095678796553376,0.5021385799828914,0.6936345364155986
XLK,S4,quarter_end,True,38,0.08672424585513164,0.8757877904246574,0.02680497259443182,0.47368421052631576,6.953710323627297
XLK,S4,absx_quintile,q1,476,-0.27296254898725175,-2.880659723300257,0.014652853780725672,0.43067226890756305,-2.2777674180552343
XLK,S4,absx_quintile,q2,475,0.08928558573696328,2.0403080316533706,0.009622645455513723,0.52,1.8346746539345884
XLK,S4,absx_quintile,q3,475,0.03035917034406957,1.3438258788673954,0.0031857279943606764,0.5284210526315789,2.1413144211921935
XLK,S4,absx_quintile,q4,475,0.02711133253455241,1.5835633727424834,0.005392375245232284,0.5242105263157895,2.07424281047951
XLK,S4,absx_quintile,q5,475,0.007527757658449303,0.36862245727133197,0.000554693147713281,0.5052631578947369,0.20276986056591476
XLK,S4,vol_spike,False,1963,0.0005551663415418226,0.031150520580879994,2.0573007408764e-06,0.5073866530820174,0.3926797364547996
XLK,S4,vol_spike,True,413,0.037666030358439136,1.679381122301835,0.013988220978453647,0.4745762711864407,2.7000683190719976
XLK,S5,rv20,rv_lo,765,0.00612300153736982,0.33322098536248995,0.00035655326508821084,0.5006535947712418,0.7919987904761402
XLK,S5,rv20,rv_mid,764,-0.02308116964381049,-1.6201818886142192,0.005155476059089614,0.47513089005235604,-0.31906007544498144
XLK,S5,rv20,rv_hi,765,0.018461381627487214,0.6203353973158784,0.0018743587242829873,0.5477124183006536,1.2860544577884312
XLK,S5,ts_inverted,False,1594,0.02546161382804432,1.9092001350538068,0.00646088055621008,0.5100376411543287,1.4714821906700333
XLK,S5,ts_inverted,True,782,-0.009975472636894486,-0.2861445498248614,0.0004913542719001684,0.5127877237851662,-1.017764556025649
XLK,S5,dow,0,438,-0.06071895167848167,-0.958089128478782,0.021779114341823558,0.5,-0.5094246338378369
XLK,S5,dow,1,492,0.02550089857673538,0.8059467255689551,0.006847705222956968,0.4613821138211382,0.07813423793395284
XLK,S5,dow,2,489,0.02495734036219721,0.8379998103572687,0.0035003083290960912,0.5276073619631901,0.6045309875569207
XLK,S5,dow,3,482,0.02395288993789597,1.0532732014535324,0.005777748067989141,0.5103734439834025,2.9415865391450566
XLK,S5,dow,4,475,0.012616334750800496,0.5446865552033635,0.0007277748044246524,0.5557894736842105,0.04395012397935155
XLK,S5,opex,False,2264,0.004539363482857469,0.22063683700413417,0.00013549794637057744,0.5079505300353356,0.5184192256134784
XLK,S5,opex,True,112,0.06339319103344646,0.6827923123146226,0.03184623901733952,0.5714285714285714,3.3566928779201817
XLK,S5,month_end,False,2261,0.0005881065609288222,0.03141639188231834,2.3783233845664498e-06,0.5081822202565237,0.34511020579582197
XLK,S5,month_end,True,115,0.18984004024780993,2.6053889225907003,0.13099935666186724,0.5652173913043478,6.690056989666278
XLK,S5,quarter_end,False,2338,0.007247150335073807,0.3863082196839961,0.0003517938335290127,0.5106928999144568,0.6369719195335426
XLK,S5,quarter_end,True,38,0.11302205522205189,1.1105786850249137,0.039511195598700755,0.5263157894736842,1.5897468749092853
XLK,S5,absx_quintile,q1,476,0.1220389617921378,1.073877739816241,0.002592165763176002,0.5168067226890757,0.9891097147573776
XLK,S5,absx_quintile,q2,475,0.035550846256584306,0.7041959057368011,0.0008820862542470165,0.5136842105263157,0.553426841153246
XLK,S5,absx_quintile,q3,475,0.008148632339184546,0.30304402900284005,0.00021781248854790825,0.4968421052631579,0.5116222106352868
XLK,S5,absx_quintile,q4,475,0.01595163554403247,0.7254085797514778,0.001576818063151797,0.52,1.0810727113885708
XLK,S5,absx_quintile,q5,475,0.005435013691639548,0.24948689082631187,0.0003036259157089827,0.5073684210526316,0.12510877343650442
XLK,S5,vol_spike,False,1963,-0.0027967123169088813,-0.1322786887519311,4.7635822259306515e-05,0.5150280183392766,0.23675951283370508
XLK,S5,vol_spike,True,413,0.03286435260343918,1.242366815923382,0.009169386666952328,0.4915254237288136,2.626856671727391
XLK,S6,rv20,rv_lo,765,0.010925888637399971,0.6689805900080433,0.0019542488858030893,0.4915032679738562,0.12946687700993928
XLK,S6,rv20,rv_mid,764,-0.00865633351733329,-0.7967266644940745,0.0013031501335759588,0.4869109947643979,-0.16913451991726933
XLK,S6,rv20,rv_hi,765,0.044139891094040096,1.9102871081277792,0.021700831872087267,0.550326797385621,5.0391501182619995
XLK,S6,ts_inverted,False,1594,0.01830205536112755,2.1440515403266636,0.0060388245634444004,0.5131744040150564,1.2198225041443886
XLK,S6,ts_inverted,True,782,0.0365966372962931,1.2814521915550912,0.013517777490319571,0.5089514066496164,2.6275562116164046
XLK,S6,dow,0,438,0.06395955770919372,1.2134726910472216,0.053235433153191236,0.4954337899543379,1.776134079848046
XLK,S6,dow,1,492,0.0369311325241216,1.3770615770021235,0.025364138014251414,0.48577235772357724,2.173118368761701
XLK,S6,dow,2,489,-0.029125758992383264,-0.6764955147194935,0.010261092648236714,0.5194274028629857,-0.8805843357219331
XLK,S6,dow,3,482,0.023254058193430276,1.082419353242022,0.010317913933488798,0.495850622406639,1.3069364144254323
XLK,S6,dow,4,475,0.06028709290378658,1.757911622473165,0.027708585432263733,0.5621052631578948,4.110920953896737
XLK,S6,opex,False,2264,0.027172272917198627,1.6697830390902062,0.009560067005289108,0.5075088339222615,1.5293466389132118
XLK,S6,opex,True,112,0.04436576525634162,1.085040812803076,0.016633400858648284,0.5982142857142857,4.792011058845288
XLK,S6,month_end,False,2261,0.02847053771852399,1.7313684372254177,0.010781316524946405,0.5099513489606369,1.7976651545541613
XLK,S6,month_end,True,115,0.01202062609446832,0.24727915491992258,0.0008693174400833392,0.5478260869565217,-0.568477263971955
XLK,S6,quarter_end,False,2338,0.028329783415803434,1.7846668460100064,0.010344346872017463,0.5119760479041916,1.7586217478142498
XLK,S6,quarter_end,True,38,-0.036447978514711966,-0.6637273238446003,0.007383301166701717,0.5,-2.9608320341982157
XLK,S6,absx_quintile,q1,476,0.04453538988782133,0.4808137791565929,0.0006135172931533983,0.47058823529411764,-0.40644648514868603
XLK,S6,absx_quintile,q2,475,0.04062737527522092,1.215140373056751,0.0028594681518925302,0.5178947368421053,1.3225182682953942
XLK,S6,absx_quintile,q3,475,0.025585714458344143,1.1801988349746726,0.0034122192465032564,0.5410526315789473,1.4535534102101786
XLK,S6,absx_quintile,q4,475,-0.0028010144644379136,-0.2330674441340698,0.00011102138947727269,0.511578947368421,-0.006869069569417469
XLK,S6,absx_quintile,q5,475,0.033190730968355765,1.6946635422480592,0.018378340175079666,0.5178947368421053,6.057354351107967
XLK,S6,vol_spike,False,1963,0.03586985283887828,1.6319567852596024,0.014401340410634123,0.5175751400916964,2.048823854593263
XLK,S6,vol_spike,True,413,0.010326251270562069,0.7418915378234422,0.001891702472663348,0.48426150121065376,-0.05495205200094709
XLK,S7,rv20,rv_lo,765,0.013375283441490757,0.703837383365408,0.0018160092288548313,0.49411764705882355,-0.09521763129340174
XLK,S7,rv20,rv_mid,764,0.02344867613019956,1.5086946735596944,0.005579386861830016,0.5261780104712042,2.524626869152373
XLK,S7,rv20,rv_hi,765,0.06911133621262397,2.425291820162919,0.03325475332185668,0.5490196078431373,7.905857207820784
XLK,S7,ts_inverted,False,1594,0.036077161081110184,2.7390051903815626,0.013006231097470788,0.5219573400250941,2.588085506026301
XLK,S7,ts_inverted,True,782,0.06428231405507906,1.8630194566649785,0.02729590649465241,0.5294117647058824,4.830166316719051
XLK,S7,dow,0,438,0.0691167434354118,1.0700935993602865,0.03472893760684692,0.5,1.3291140401554795
XLK,S7,dow,1,492,0.05180604386032753,2.0987085510792918,0.03093601598787521,0.516260162601626,4.260475456681467
XLK,S7,dow,2,489,0.02982474891921853,0.6602853723137546,0.006113658815424361,0.5214723926380368,1.6113445309757701
XLK,S7,dow,3,482,0.04618316520367808,1.6831589410583694,0.022631680182988112,0.529045643153527,4.084207624680462
XLK,S7,dow,4,475,0.06273128156541062,1.7868839928759166,0.02286243117010134,0.5536842105263158,5.195277750024643
XLK,S7,opex,False,2264,0.05051077018002126,2.5210010680332973,0.020297418038721093,0.5242932862190812,3.2993871026248414
XLK,S7,opex,True,112,0.05147217327609499,0.9653330516427003,0.01582455577203934,0.5267857142857143,3.8641603208712514
XLK,S7,month_end,False,2261,0.0519933371296949,2.585664335870358,0.02179670631895758,0.524546660769571,3.45184210724088
XLK,S7,month_end,True,115,0.01718922081394374,0.3215158372285343,0.0014926424204931843,0.5217391304347826,0.8520291461616751
XLK,S7,quarter_end,False,2338,0.05146216409063008,2.623625105381826,0.021086838299005928,0.5248075278015398,3.382147798951983
XLK,S7,quarter_end,True,38,-0.056700800017826965,-0.7116307117431651,0.011262976307072403,0.5,-0.12797888603988702
XLK,S7,absx_quintile,q1,476,-0.11142989242786946,-1.1350955929813598,0.0020337560725097736,0.4894957983193277,-0.046837360900121965
XLK,S7,absx_quintile,q2,475,0.026900818727299703,0.6317303018752032,0.0007823611883925885,0.4863157894736842,0.41853760304466286
XLK,S7,absx_quintile,q3,475,0.02911946191773287,1.2195473419953755,0.00270482073110645,0.5326315789473685,2.241021964691916
XLK,S7,absx_quintile,q4,475,0.02797044569056024,1.5424171157408089,0.005086596117402253,0.5663157894736842,3.4621519594007317
XLK,S7,absx_quintile,q5,475,0.05653106268669945,2.3466386209560417,0.037092249158973356,0.5473684210526316,10.562273609849383
XLK,S7,vol_spike,False,1963,0.060302135615787636,2.380212015940143,0.026293705212029117,0.5308201732042792,3.878805332608961
XLK,S7,vol_spike,True,413,0.03042803853854683,1.0740852094723117,0.008837019864864404,0.4939467312348668,0.6985556619100022
SOXX,S1,rv20,rv_lo,764,0.0007270869669350555,0.05710278620025958,8.005575006242438e-06,0.4908376963350785,0.377840258442341
SOXX,S1,rv20,rv_mid,764,-0.009363627415927486,-0.6768488946041737,0.000986939394384323,0.4712041884816754,-1.060425144193623
SOXX,S1,rv20,rv_hi,764,-1.5804288228393748e-05,-0.0007970185628534503,1.8737953411118724e-09,0.47774869109947643,-3.032880485702316
SOXX,S1,ts_inverted,False,1590,-0.007561628986044129,-0.8966984385428625,0.000737323355797459,0.469811320754717,-1.49547726912313
SOXX,S1,ts_inverted,True,781,0.0047206660658309875,0.205483911993848,0.00015327899416361923,0.5032010243277849,-0.28275780361180425
SOXX,S1,dow,0,434,-0.0059388899146394,-0.23504724175391473,0.0004432220867119918,0.47235023041474655,-2.7344956960994535
SOXX,S1,dow,1,493,0.011280015755151925,0.7344910958241453,0.0016951915323931699,0.4949290060851927,0.434568120232102
SOXX,S1,dow,2,488,-0.04401531016149004,-1.2847536426211137,0.011548283734051812,0.4610655737704918,-4.694150981819124
SOXX,S1,dow,3,483,0.0066149955759331625,0.32134762577889886,0.0005590832942604651,0.4968944099378882,0.29795582268202186
SOXX,S1,dow,4,473,0.01784949293528278,0.7969249989833749,0.002091468011924502,0.47780126849894294,1.1008866027028685
SOXX,S1,opex,False,2259,-0.00022708163276729585,-0.019681362499570556,4.885520501485274e-07,0.4803010181496237,-1.1746052334948953
SOXX,S1,opex,True,112,-0.061713217207561524,-0.7787225752129173,0.023617468531779484,0.49107142857142855,0.48920107087832565
SOXX,S1,month_end,False,2256,-0.0007926272447482717,-0.06690019482330947,5.9888375403271965e-06,0.48138297872340424,-0.7805029484309917
SOXX,S1,month_end,True,115,-0.0263081028299782,-0.5058847868026789,0.00410774159063898,0.46956521739130436,-7.285461311880681
SOXX,S1,quarter_end,False,2333,-0.0012190525385528297,-0.1059069478914005,1.3880661157816832e-05,0.4813544792113159,-1.0180123022522594
SOXX,S1,quarter_end,True,38,-0.07958130857744679,-1.2759808750210107,0.04503332103021529,0.4473684210526316,-5.8847368782124905
SOXX,S1,absx_quintile,q1,475,0.05602623321702867,0.5562008206230286,0.0006191245434489234,0.47368421052631576,0.6353518189621079
SOXX,S1,absx_quintile,q2,474,-0.03801173466200573,-1.1611839813971832,0.002889336924701391,0.4978902953586498,-1.4572587648876434
SOXX,S1,absx_quintile,q3,474,-0.018599481936230962,-0.8404491068009813,0.0014322243940901869,0.4641350210970464,-1.3103796450596272
SOXX,S1,absx_quintile,q4,474,-0.022746575617564123,-1.6646771184781572,0.004246352680440713,0.4767932489451477,-3.41159798752861
SOXX,S1,absx_quintile,q5,474,0.004532437098318451,0.3383695931698168,0.0003112465396205577,0.49156118143459915,0.06017560310120362
SOXX,S1,vol_spike,False,1837,-0.012064147801985298,-0.9093028605874184,0.001009472763025543,0.4757757212847033,-1.4159694577676982
SOXX,S1,vol_spike,True,534,0.00953009037484167,0.4901910251184097,0.0013851148279780956,0.49812734082397003,0.004668897739075353
SOXX,S2,rv20,rv_lo,764,0.002590765938930409,0.17677565815158852,5.9036863722439215e-05,0.49345549738219896,-0.18437822376717772
SOXX,S2,rv20,rv_mid,764,0.010400347621976433,0.5737988621104824,0.0007508556625466234,0.5,1.416197029473775
SOXX,S2,rv20,rv_hi,764,0.02445588618474975,1.0361496225175502,0.0027416805025725077,0.5013089005235603,-2.4999453226878288
SOXX,S2,ts_inverted,False,1590,0.005919704543260205,0.44547290473017376,0.0002611181280248731,0.49559748427672956,-1.1418886692952863
SOXX,S2,ts_inverted,True,781,0.030108324286563553,1.1554580365148264,0.003953139348666368,0.5057618437900128,1.1936844145774592
SOXX,S2,dow,0,434,-0.007841529481418665,-0.28250870856350957,0.0004167968580719439,0.49539170506912444,-2.805422564007694
SOXX,S2,dow,1,493,0.03175968902715917,1.1843267848105055,0.007634760191033152,0.486815415821501,1.1096701339743664
SOXX,S2,dow,2,488,-0.010840861843295477,-0.34217500856628236,0.00043727354297140586,0.4979508196721312,-3.692849555845377
SOXX,S2,dow,3,483,0.03477183664392168,1.3128126430917542,0.008865794594258625,0.5093167701863354,1.3572760513655269
SOXX,S2,dow,4,473,0.031522199200262474,1.1230498084370872,0.004631207954433503,0.5052854122621564,1.9739890291299398
SOXX,S2,opex,False,2259,0.01793456452123453,1.2450815553875034,0.0018441486317531952,0.49756529437804337,-0.6185413934726263
SOXX,S2,opex,True,112,-0.0252335320072224,-0.3774667350507962,0.0028349841518563457,0.5267857142857143,4.588835280894226
SOXX,S2,month_end,False,2256,0.020471592494262038,1.4164917325243571,0.0024014048607402527,0.5062056737588653,0.34144420822322064
SOXX,S2,month_end,True,115,-0.06950207637904346,-1.7303724250620836,0.02266411813359015,0.3565217391304348,-14.379422523009525
SOXX,S2,quarter_end,False,2333,0.01821534101852512,1.2953638547295523,0.0018896034974866804,0.5023574796399486,-0.15008143346555491
SOXX,S2,quarter_end,True,38,-0.13537293869562,-2.059657264680639,0.0876697295391945,0.2894736842105263,-14.031459792614998
SOXX,S2,absx_quintile,q1,475,-0.052271289032537305,-0.35829595161140615,0.00029217775923495726,0.48210526315789476,-1.289899000466077
SOXX,S2,absx_quintile,q2,474,-0.050165588985235036,-1.1018764491629784,0.002527576999518777,0.4831223628691983,-2.189047188912659
SOXX,S2,absx_quintile,q3,474,-0.03389510399502354,-1.125285100549627,0.002447957690141722,0.4704641350210971,-2.0078283428050065
SOXX,S2,absx_quintile,q4,474,-0.004880853224309442,-0.24777633762302992,0.00010592109035634234,0.5084388185654009,-1.152468931927616
SOXX,S2,absx_quintile,q5,474,0.0273943370002824,1.587185820017352,0.008523885939898168,0.5506329113924051,4.778387857794811
SOXX,S2,vol_spike,False,1837,0.007967263611101954,0.5229426151839065,0.00027103444298703927,0.4980947196516059,-0.7415763750879869
SOXX,S2,vol_spike,True,534,0.02661154842120836,1.1352742617480283,0.0064498767271279345,0.50187265917603,0.8968920311650235
SOXX,S3,rv20,rv_lo,764,0.005593201989768225,0.3122302551612658,0.0002929982480542881,0.49345549738219896,-0.28250804059324963
SOXX,S3,rv20,rv_mid,764,0.018374996426217493,1.0768269535694797,0.0024825127842613703,0.5117801047120419,0.7229556459434335
SOXX,S3,rv20,rv_hi,764,0.05579970462584978,1.896099354486137,0.016795670690919695,0.5602094240837696,7.056332282317864
SOXX,S3,ts_inverted,False,1590,0.03325712312088972,2.610272517956704,0.008803486208464495,0.5238993710691824,2.8674873176417273
SOXX,S3,ts_inverted,True,781,0.0408341711246564,1.1735084226235686,0.00870397200214268,0.5185659411011524,1.7212667567005426
SOXX,S3,dow,0,434,0.024723136143434816,1.0763740645648423,0.00336149345595127,0.4976958525345622,0.7320858002965844
SOXX,S3,dow,1,493,0.03698576808730055,1.964931617268343,0.010979891968955768,0.5091277890466531,0.34222117056850376
SOXX,S3,dow,2,488,0.09131617864744945,2.116764860187379,0.04056461071104911,0.5532786885245902,6.545051297460453
SOXX,S3,dow,3,483,0.041329151666243555,1.7755588998287297,0.014749189946723473,0.5362318840579711,5.616433886005393
SOXX,S3,dow,4,473,-0.015883502534298745,-0.6274835247376619,0.0015087837377177893,0.5116279069767442,-1.0349866860186598
SOXX,S3,opex,False,2259,0.03977287119752152,2.1768241792289666,0.010069781312152193,0.5245683930942895,2.4643504736282544
SOXX,S3,opex,True,112,-0.03550751354299749,-0.3834254456297816,0.008452411167018559,0.4732142857142857,3.005771893814672
SOXX,S3,month_end,False,2256,0.035388316142781116,1.9400538713038045,0.008049995063014515,0.523936170212766,2.4254858847306875
SOXX,S3,month_end,True,115,0.06981595618044138,1.1189248829343825,0.027582451754690984,0.48695652173913045,3.7540697050525185
SOXX,S3,quarter_end,False,2333,0.036720458362336394,2.071873591202262,0.008663437599616741,0.5220745820831547,2.42281234382169
SOXX,S3,quarter_end,True,38,0.059498996349768365,0.7911875224701264,0.012588921570181655,0.5263157894736842,6.6103414183544
SOXX,S3,absx_quintile,q1,475,0.04599678046780166,0.3298271311579462,0.0002946478685686982,0.5221052631578947,1.5112212892803856
SOXX,S3,absx_quintile,q2,474,-0.0018829053001714452,-0.04700648096217552,3.5168809838781456e-06,0.5,0.11404860895750042
SOXX,S3,absx_quintile,q3,474,-0.0032285555083991636,-0.12491135862888918,3.242857260588039e-05,0.4936708860759494,-0.39777839878661564
SOXX,S3,absx_quintile,q4,474,0.02806494231561875,1.5213089531503374,0.004120158805753449,0.5210970464135021,3.0901367560771633
SOXX,S3,absx_quintile,q5,474,0.04425916085605527,1.9705714494830304,0.022081521681011962,0.5738396624472574,8.134065733383359
SOXX,S3,vol_spike,False,1837,0.0121390840374326,0.7502817316612823,0.0009089920247907779,0.5220468154599891,2.0453236977309266
SOXX,S3,vol_spike,True,534,0.09048033147232631,2.6054868665829285,0.05669156012064869,0.5224719101123596,4.019390523037
SOXX,S4,rv20,rv_lo,764,0.000747537237351951,0.06302673574167829,9.50176830938343e-06,0.49607329842931935,-0.20109205008094974
SOXX,S4,rv20,rv_mid,764,-0.016331624440712986,-1.459730362400392,0.00357641944096887,0.46596858638743455,-1.4771350296307855
SOXX,S4,rv20,rv_hi,764,0.018890431840228313,1.1313664899277218,0.0036044281867601002,0.5458115183246073,3.189974597935378
SOXX,S4,ts_inverted,False,1590,0.011994389395071177,1.3231088591611262,0.0021674408535271583,0.5106918238993711,1.2436887324373525
SOXX,S4,ts_inverted,True,781,-8.356946397198668e-05,-0.004363295465104775,6.644045280612687e-08,0.48911651728553135,-0.8558861257225512
SOXX,S4,dow,0,434,0.0186191390451371,0.9527308509097281,0.0038568856554976882,0.5069124423963134,0.85764930997732
SOXX,S4,dow,1,493,-0.0008188528612645209,-0.04981537730973604,1.067825506140263e-05,0.4746450304259635,-0.1942457570192249
SOXX,S4,dow,2,488,-0.0009567416046743359,-0.030701234035255077,9.096558906129815e-06,0.5040983606557377,-0.43071904375992753
SOXX,S4,dow,3,483,0.011704456133154528,0.7216488238013326,0.0022769412252101606,0.525879917184265,3.507978016382861
SOXX,S4,dow,4,473,0.0047818594414124485,0.2967070478360405,0.00019416415125339537,0.507399577167019,-0.9547592187984745
SOXX,S4,opex,False,2259,0.004995928166081257,0.4364488188691666,0.0002972076502683052,0.50066401062417,0.25132490292143844
SOXX,S4,opex,True,112,0.02671769791330499,0.3909114467053684,0.006169293663724429,0.5625,6.618527363272754
SOXX,S4,month_end,False,2256,0.00207800845475871,0.2039620641335219,5.217946294555631e-05,0.5031028368794326,0.21608378350859744
SOXX,S4,month_end,True,115,0.11580910801859615,2.643817869513582,0.09182682793554486,0.5130434782608696,7.14376525904941
SOXX,S4,quarter_end,False,2333,0.005956753830949961,0.5854519678653118,0.00041978653549901157,0.5027861123017574,0.4516845974413593
SOXX,S4,quarter_end,True,38,0.03537612120621407,0.6311813887463122,0.007463490200508405,0.5526315789473685,6.716785646194391
SOXX,S4,absx_quintile,q1,475,0.11521117283028394,1.2439787004474776,0.003706091375593523,0.5157894736842106,2.399130817826104
SOXX,S4,absx_quintile,q2,474,-0.014371559150428495,-0.3806359027736551,0.0003859847475552458,0.5063291139240507,-1.1184982373922498
SOXX,S4,absx_quintile,q3,474,0.004086379040800084,0.20397472798781077,8.50588850814793e-05,0.5,0.17010529551748588
SOXX,S4,absx_quintile,q4,474,-0.010226588087525449,-0.5740471307575539,0.0010323121173697603,0.4831223628691983,-1.283381795971953
SOXX,S4,absx_quintile,q5,474,0.0105325650842227,0.82195745125811,0.002182773155435025,0.5126582278481012,2.589223855818612
SOXX,S4,vol_spike,False,1837,-0.004858365026951119,-0.3695271586205702,0.0002595392048921896,0.5040827436037016,0.1493394026296996
SOXX,S4,vol_spike,True,534,0.028397203510786746,1.8384288856193156,0.01101474081235787,0.50187265917603,1.9376058759462917
SOXX,S5,rv20,rv_lo,764,0.0002879182772258619,0.02292950280675339,1.336704398280375e-06,0.4803664921465969,-0.7889621702680932
SOXX,S5,rv20,rv_mid,764,-0.018283127369662255,-1.5997321545665633,0.003985468882419241,0.46596858638743455,-1.6984533790786143
SOXX,S5,rv20,rv_hi,764,0.014752648145442287,0.837725462763174,0.0019213026395142885,0.5366492146596858,1.8540535293920655
SOXX,S5,ts_inverted,False,1590,0.011126189922295577,1.196183575961619,0.0017051734829158782,0.5,0.871851125401814
SOXX,S5,ts_inverted,True,781,-0.004940186288769531,-0.24361812100983224,0.00020093878719396052,0.48655569782330343,-2.1937405810805317
SOXX,S5,dow,0,434,0.006776735233413784,0.34006234856212864,0.0004682245189253642,0.4930875576036866,-0.27335713120062044
SOXX,S5,dow,1,493,-0.003269587445061614,-0.18675508509176714,0.00015103275388028692,0.4645030425963489,-1.838804516895732
SOXX,S5,dow,2,488,4.5275185046434775e-05,0.001363496185654694,1.5975580636151676e-08,0.48975409836065575,-0.6236667947384075
SOXX,S5,dow,3,483,0.010793739666666824,0.655570930995381,0.0017528875668507693,0.5320910973084886,3.2839223332713754
SOXX,S5,dow,4,473,0.0019729251714367714,0.10539696801710728,3.278640992876447e-05,0.4989429175475687,-1.2340075556069292
SOXX,S5,opex,False,2259,0.0018661817482685157,0.15551418424077065,3.663419063493212e-05,0.49358123063302345,-0.4090632475340587
SOXX,S5,opex,True,112,0.031168283725449414,0.36628550530189397,0.009070856425830054,0.5357142857142857,5.330408676289533
SOXX,S5,month_end,False,2256,-0.0017945872371822715,-0.17032523485776213,3.4438749791587675e-05,0.49379432624113473,-0.5591602289735552
SOXX,S5,month_end,True,115,0.12638455642650717,2.5385627163411515,0.11433844745257316,0.5304347826086957,8.125194540255041
SOXX,S5,quarter_end,False,2333,0.003319074170034536,0.3154929135415394,0.0001160852963121295,0.49507072438919847,-0.23166313634435207
SOXX,S5,quarter_end,True,38,0.04934107324208174,1.1106805394752162,0.012868037023565981,0.5263157894736842,5.615841912009537
SOXX,S5,absx_quintile,q1,475,0.05001621419792326,0.5673215377404629,0.0006197245248245054,0.47578947368421054,1.0783594397470482
SOXX,S5,absx_quintile,q2,474,-0.03317359616864723,-1.0337035172827973,0.0018481191710194578,0.5042194092827004,-1.3875692923179381
SOXX,S5,absx_quintile,q3,474,-0.0017348547821573117,-0.08446834863640262,1.7441372661131105e-05,0.5,-0.32099726217994
SOXX,S5,absx_quintile,q4,474,0.0064248988489913235,0.44102203066405515,0.00036794753396363067,0.4936708860759494,0.5596949686666086
SOXX,S5,absx_quintile,q5,474,0.005123676840467406,0.38456951515582594,0.0004467223675109766,0.5042194092827004,-0.6217799717950153
SOXX,S5,vol_spike,False,1837,-0.008648547902460673,-0.6716809964053386,0.0007494968701537985,0.492651061513337,-0.4879065309110817
SOXX,S5,vol_spike,True,534,0.030145971927221234,1.880363368247034,0.010537782728915923,0.5056179775280899,1.065947926682858
SOXX,S6,rv20,rv_lo,764,0.005130435904933478,0.4879852165066725,0.0007268246428858705,0.5026178010471204,0.8297194100410147
SOXX,S6,rv20,rv_mid,764,-0.010923986706958322,-1.2768250266423613,0.0026377886041809573,0.4829842931937173,-0.3125004450286501
SOXX,S6,rv20,rv_hi,764,0.009677381898927693,0.7040511834068868,0.001609900011460108,0.5405759162303665,2.6580257175686346
SOXX,S6,ts_inverted,False,1590,0.002994796357406857,0.4549937593870458,0.00022550592445280682,0.5106918238993711,1.070142278838448
SOXX,S6,ts_inverted,True,781,0.004002990394727445,0.25248097895798355,0.00025590609132697395,0.5070422535211268,1.1724326483327536
SOXX,S6,dow,0,434,0.0068730300462077724,0.36252268263321985,0.001016485374198628,0.5184331797235023,0.9516284933586932
SOXX,S6,dow,1,493,0.0055101543560515855,0.35193291247175207,0.0007602153429973058,0.4847870182555781,0.08396511419748098
SOXX,S6,dow,2,488,-0.020375726619099827,-0.643190468273672,0.006757602069016544,0.5286885245901639,0.48391441536720753
SOXX,S6,dow,3,483,0.009661466121522109,0.7607011352767881,0.002615229120017326,0.5134575569358178,1.750862396634527
SOXX,S6,dow,4,473,0.021228093580885336,1.2906781457195775,0.006206944530352976,0.5031712473572939,2.2853652896623857
SOXX,S6,opex,False,2259,0.003552823846069016,0.4180734379653246,0.0002537912313653745,0.5086321381142098,1.1564856334938078
SOXX,S6,opex,True,112,-0.0071963257755503895,-0.289026251347584,0.000576357406683603,0.5267857142857143,0.04192031820090299
SOXX,S6,month_end,False,2256,0.0021877021113667497,0.25303948300041157,9.697636049321723e-05,0.5093085106382979,1.166204518976572
SOXX,S6,month_end,True,115,0.043094800285698114,1.6192330151063026,0.02003864442160108,0.5130434782608696,-0.11966324443594181
SOXX,S6,quarter_end,False,2333,0.003910658157076942,0.4618647073320675,0.0003031166571767496,0.5105015002143163,1.208466925224878
SOXX,S6,quarter_end,True,38,-0.07099280230421763,-1.1256141314121644,0.041537702956948364,0.4473684210526316,-5.319926706542822
SOXX,S6,absx_quintile,q1,475,0.04861585981765628,0.5544425854094954,0.0006947533835761632,0.52,2.7256112238627765
SOXX,S6,absx_quintile,q2,474,0.005978055939181591,0.17594470719158015,8.41535580429209e-05,0.5337552742616034,0.9972383833968576
SOXX,S6,absx_quintile,q3,474,0.009363741033539366,0.5648732678986484,0.0007793063745454853,0.510548523206751,0.8437752983324314
SOXX,S6,absx_quintile,q4,474,0.0013671166161233447,0.10607443332591358,3.2697332279063573e-05,0.5126582278481012,0.030588547179644706
SOXX,S6,absx_quintile,q5,474,0.0032729257383505845,0.31630274605135644,0.0003655303165140955,0.4704641350210971,0.9185471178551893
SOXX,S6,vol_spike,False,1837,-0.005782830140614531,-0.531214320160972,0.0005620660118277332,0.5106151333696244,0.8642400562669399
SOXX,S6,vol_spike,True,534,0.018092842139081865,1.1506147920970549,0.008798253098083242,0.5056179775280899,1.9280658021322934
SOXX,S7,rv20,rv_lo,764,0.011260023029378063,0.8732946409383405,0.0019572331226603845,0.5117801047120419,1.2544612136204212
SOXX,S7,rv20,rv_mid,764,0.014098377543180433,1.1035728508072578,0.002504117272545847,0.5287958115183246,2.227518126014176
SOXX,S7,rv20,rv_hi,764,0.04208061256331973,2.2553825553312477,0.016827963113418054,0.5575916230366492,8.317184295258773
SOXX,S7,ts_inverted,False,1590,0.022110724564355644,2.1146897780901712,0.006641139669442797,0.5226415094339623,2.287607778394621
SOXX,S7,ts_inverted,True,781,0.03680619359058958,1.735507379957297,0.012403617152735635,0.5492957746478874,6.93066184117464
SOXX,S7,dow,0,434,0.0045257042457259155,0.2169939625195696,0.00022929414615402433,0.5023041474654378,-0.5977490844029216
SOXX,S7,dow,1,493,0.035420804525972086,1.9639618460026438,0.016351057023256454,0.5070993914807302,2.1530844823937727
SOXX,S7,dow,2,488,0.042033883099515605,1.3401012969373765,0.015199165677355908,0.5512295081967213,6.57687264906668
SOXX,S7,dow,3,483,0.03804159047627236,2.172755481449521,0.021507395221879277,0.5383022774327122,5.586977726098348
SOXX,S7,dow,4,473,0.020133321856006848,1.018800180872203,0.003856027778494475,0.5560253699788583,4.947297302252723
SOXX,S7,opex,False,2259,0.030728567733371466,2.616950498476461,0.010540989817568791,0.5312084993359893,3.850535150552578
SOXX,S7,opex,True,112,-0.02881165930797497,-0.6235179953028417,0.0066817361241563455,0.5357142857142857,3.1409317902372185
SOXX,S7,month_end,False,2256,0.029914057719401626,2.515251680442392,0.009983594481044578,0.5336879432624113,3.946507476180463
SOXX,S7,month_end,True,115,0.011859037923287786,0.32356076342591417,0.0012444981832341329,0.48695652173913045,1.2767165160149327
SOXX,S7,quarter_end,False,2333,0.029922425116440013,2.5675477673925684,0.009951039757660873,0.5327903986283755,3.9754518771241236
SOXX,S7,quarter_end,True,38,-0.09800809361038966,-1.445118943449752,0.05305190552253247,0.4473684210526316,-5.9101569401510154
SOXX,S7,absx_quintile,q1,475,0.010025629135470768,0.10360915563228663,2.3484082630198522e-05,0.5031578947368421,0.6979092591273255
SOXX,S7,absx_quintile,q2,474,0.10325359353235078,2.204039763415863,0.010198502658670061,0.5358649789029536,5.714026828042352
SOXX,S7,absx_quintile,q3,474,0.020376839719667073,0.891544105709375,0.0019512187428795125,0.540084388185654,1.657738440014813
SOXX,S7,absx_quintile,q4,474,0.02241462154383775,1.5501265068386303,0.006141062505283235,0.5232067510548524,3.744014474280911
SOXX,S7,absx_quintile,q5,474,0.02937022418724821,2.1596985920074516,0.01627510117601294,0.5548523206751055,7.277967868462267
SOXX,S7,vol_spike,False,1837,0.014141658373780014,1.2597836975748524,0.0019152756796220194,0.5334784975503538,2.911606857948976
SOXX,S7,vol_spike,True,534,0.05302924790409339,2.2985464686929187,0.04114538485767705,0.5243445692883895,6.931688141484219
DIA,S1,rv20,rv_lo,295,-0.015618284683563464,-0.7825613512143584,0.0016588266578418942,0.4915254237288136,-0.6758757752920076
DIA,S1,rv20,rv_mid,294,-0.013203876062036912,-0.35774229933627455,0.0010663739805176764,0.47959183673469385,-1.281522835659425
DIA,S1,rv20,rv_hi,295,-0.024982581494267193,-1.0348204628190603,0.005076764058801642,0.5254237288135594,-1.034250653195557
DIA,S1,ts_inverted,False,539,0.004488432727766176,0.23710007969924943,0.00014928946426751022,0.5287569573283859,0.2023259707490143
DIA,S1,ts_inverted,True,345,-0.04419926960407697,-1.510765453686851,0.014033527703658177,0.45217391304347826,-2.8704600241200615
DIA,S1,dow,0,161,-0.0758053804597875,-1.6382683277236068,0.05481697086011217,0.4968944099378882,-3.358560664449332
DIA,S1,dow,1,185,0.043185844070811816,1.4616681546853123,0.022149794219792684,0.5675675675675675,1.7952426920305533
DIA,S1,dow,2,182,-0.04529075070381613,-1.5000868073166869,0.00920531274439762,0.489010989010989,-2.4374759700992183
DIA,S1,dow,3,179,-0.04566484385654842,-1.3039353161250857,0.01693979283497371,0.4748603351955307,-3.606338448128544
DIA,S1,dow,4,177,0.023434615423188292,0.46248599806214735,0.0030143026606785916,0.4632768361581921,2.3531557493562416
DIA,S1,opex,False,843,-0.020712505399758118,-1.1498661259462388,0.003137183688317835,0.498220640569395,-1.0734705763763879
DIA,S1,opex,True,41,0.01697394393209335,0.2873908978010856,0.0016702436894872053,0.5121951219512195,0.5775777023803028
DIA,S1,month_end,False,841,-0.01733920957553571,-1.0152880617561517,0.002365285214942281,0.4982164090368609,-1.1735507901182118
DIA,S1,month_end,True,43,-0.07271044885093107,-0.8206426622148382,0.011937240728762455,0.5116279069767442,2.4581675442258977
DIA,S1,quarter_end,False,870,-0.019319328150562105,-1.0904331021007143,0.0027519296579014974,0.5,-1.0464021288862682
DIA,S1,quarter_end,True,14,,,,,
DIA,S1,absx_quintile,q1,177,0.12587433457347963,0.47532933453816456,0.0012600618533026298,0.519774011299435,-0.19292155182514054
DIA,S1,absx_quintile,q2,177,0.008986127875269468,0.14044437624972275,8.378129838848558e-05,0.5141242937853108,0.23108206274747936
DIA,S1,absx_quintile,q3,176,-0.05333480346653835,-1.2242500809241317,0.007352520162883791,0.4772727272727273,-1.9241473374784466
DIA,S1,absx_quintile,q4,177,-0.01868552720914851,-0.8234903543486739,0.0020521178971801834,0.4745762711864407,-0.869902851023757
DIA,S1,absx_quintile,q5,177,-0.01843770713275806,-0.8890202819539353,0.005349364510253918,0.5084745762711864,-2.2338230762347173
DIA,S1,vol_spike,False,743,-0.014348250564232848,-0.641445678858089,0.0012051001041578635,0.5047106325706595,-0.4397767767292238
DIA,S1,vol_spike,True,141,-0.030823588049916122,-1.256904121491421,0.012814039952640854,0.46808510638297873,-3.932630248070137
DIA,S2,rv20,rv_lo,295,-0.03797546704958941,-1.3093475525379128,0.00579993794344924,0.4542372881355932,-1.7442779412166651
DIA,S2,rv20,rv_mid,294,-0.006270575464498153,-0.14962942157328452,0.00014622596909474872,0.4965986394557823,-0.6714055512332743
DIA,S2,rv20,rv_hi,295,-0.010613618763890768,-0.35077663317063357,0.0004636831333150182,0.49830508474576274,0.30786964568295827
DIA,S2,ts_inverted,False,539,-0.0013188276526766383,-0.04906557957647232,7.169436641141225e-06,0.49165120593692024,-0.3458771545375856
DIA,S2,ts_inverted,True,345,-0.027103841948023653,-0.7756904113970835,0.00283960038252673,0.46956521739130436,-1.2600170810123699
DIA,S2,dow,0,161,-0.07565639138357647,-1.3187053041904082,0.024433128004806126,0.4720496894409938,-4.251063241321146
DIA,S2,dow,1,185,0.03118143907737987,0.5902403620342594,0.006263615264399669,0.5297297297297298,2.110018858249145
DIA,S2,dow,2,182,-0.02102264720843254,-0.4533605677639424,0.0009707840785474486,0.4725274725274725,-1.6845303441320614
DIA,S2,dow,3,179,-0.027995437764024175,-0.6327118709247738,0.003918744786224337,0.441340782122905,-3.140990776232818
DIA,S2,dow,4,177,0.02067516942477401,0.34538049239038765,0.0015757935178086768,0.4971751412429379,3.0607677141768153
DIA,S2,opex,False,843,-0.015577459539849875,-0.7248916370299797,0.0009761762449906897,0.4863582443653618,-0.7060305197634978
DIA,S2,opex,True,41,0.060160319729445244,0.925145507266837,0.010579129152037958,0.4146341463414634,-0.6329256362048161
DIA,S2,month_end,False,841,-0.009946071416087113,-0.47579354198826734,0.00042148701679767253,0.4803804994054697,-0.8715101310341411
DIA,S2,month_end,True,43,-0.11038787609810319,-1.2655640087971631,0.01675291890519448,0.5348837209302325,2.6001474640624784
DIA,S2,quarter_end,False,870,-0.013018811998699639,-0.6092926282196539,0.0006842961977635564,0.4827586206896552,-0.7380216323762694
DIA,S2,quarter_end,True,14,,,,,
DIA,S2,absx_quintile,q1,177,0.26849457246982783,0.7437450255213591,0.003237877817276469,0.5084745762711864,-0.15358785047467552
DIA,S2,absx_quintile,q2,177,-0.007871115085053948,-0.0834121784473345,3.50120121034303e-05,0.4689265536723164,0.1011100274593314
DIA,S2,absx_quintile,q3,176,-0.060460333815575154,-0.8607978905512378,0.004333153503234044,0.4431818181818182,-2.3964068117103174
DIA,S2,absx_quintile,q4,177,-0.013930579197332064,-0.4319360722776702,0.0005385837529128246,0.4915254237288136,-0.0958443974501914
DIA,S2,absx_quintile,q5,177,-0.012607540802090375,-0.4938915872347628,0.0016025182435711605,0.5028248587570622,-0.9780398156023191
DIA,S2,vol_spike,False,743,-0.009666051102872088,-0.36326298096317955,0.00030871231195861437,0.4899057873485868,-0.20667317558991674
DIA,S2,vol_spike,True,141,-0.023293129902879205,-0.8007296366523997,0.0035483604076677056,0.44680851063829785,-3.3161383672462272
DIA,S3,rv20,rv_lo,295,0.013887806047516767,0.47009753580264874,0.0010160712283031614,0.47796610169491527,0.5839464189594735
DIA,S3,rv20,rv_mid,294,-0.011449543059749568,-0.36350687196658266,0.0005582856234424005,0.48299319727891155,-0.8942425657912273
DIA,S3,rv20,rv_hi,295,0.04091539299577847,0.7662313582750644,0.009255231689244914,0.5559322033898305,0.8582728183155385
DIA,S3,ts_inverted,False,539,0.018186316780098705,0.7437850996594156,0.0016303607411184418,0.5083487940630798,1.4167649325303684
DIA,S3,ts_inverted,True,345,0.030187344257379217,0.5055666414548338,0.0048230362158012685,0.5014492753623189,-1.7422867767546688
DIA,S3,dow,0,161,-0.10780394941094536,-2.4785935806485764,0.045137750014186295,0.4906832298136646,-3.9722043800793227
DIA,S3,dow,1,185,0.02289738203839281,0.5683879263844659,0.003376748235092486,0.5027027027027027,0.1790223983515411
DIA,S3,dow,2,182,0.14312064734016583,2.514413750778957,0.08313026222441144,0.5054945054945055,3.21339472237276
DIA,S3,dow,3,179,-0.020741653242653764,-0.5097880382194069,0.002504626517466968,0.4972067039106145,-0.30720853692131794
DIA,S3,dow,4,177,0.022998644459108257,0.6935114045820666,0.003376939681835056,0.5310734463276836,1.3508791569961422
DIA,S3,opex,False,843,0.028951934170242954,0.8158197163075227,0.004262282765987613,0.5029655990510083,0.10446610570229202
DIA,S3,opex,True,41,-0.07245407634284419,-0.7467909935415208,0.032984153379282954,0.5609756097560976,1.816644720645745
DIA,S3,month_end,False,841,0.014450493373695262,0.38740801214963244,0.0011433800154226903,0.4982164090368609,-0.7162773554104688
DIA,S3,month_end,True,43,0.3168142388672947,3.279614615748399,0.1852246839248899,0.6511627906976745,17.789223640783998
DIA,S3,quarter_end,False,870,0.02341586357050034,0.6572255002416828,0.0028497574707020412,0.506896551724138,0.1467284886607755
DIA,S3,quarter_end,True,14,,,,,
DIA,S3,absx_quintile,q1,177,0.02457370357727773,0.09605173580580233,3.874387548952196e-05,0.4745762711864407,-1.2317237641141774
DIA,S3,absx_quintile,q2,177,-0.018063372031058754,-0.26940398154838485,0.000230636099352588,0.4463276836158192,-0.08994332878883361
DIA,S3,absx_quintile,q3,176,0.04244590012167536,0.7198950941930373,0.002989140145065461,0.5227272727272727,1.9684554502325422
DIA,S3,absx_quintile,q4,177,-0.001603561065300311,-0.05985815672258943,1.3001065800488654e-05,0.5536723163841808,-0.08893468305546971
DIA,S3,absx_quintile,q5,177,0.02895872526771201,0.6768430767399184,0.009392620135535545,0.5310734463276836,0.37161421331769157
DIA,S3,vol_spike,False,743,-0.007898067095425688,-0.3568900330773468,0.00026363731551648506,0.5087483176312247,-0.2047188554309608
DIA,S3,vol_spike,True,141,0.08579695992696054,1.1886390667727875,0.062211399137523715,0.48936170212765956,2.2315848953100113
DIA,S4,rv20,rv_lo,295,0.012198629918411178,0.4528682317576458,0.0014295685473723063,0.511864406779661,1.0458793318975264
DIA,S4,rv20,rv_mid,294,-0.009354569997398891,-0.4097662611061508,0.0006671138187486214,0.47959183673469385,-0.9889688343716116
DIA,S4,rv20,rv_hi,295,0.017022367085996064,0.7584791445577059,0.0036016733953806446,0.5152542372881356,1.1439304989632175
DIA,S4,ts_inverted,False,539,0.022994601300680758,1.274648361297348,0.005045360789275866,0.4842300556586271,0.5396203369523301
DIA,S4,ts_inverted,True,345,5.7726092600033906e-05,0.0022874055997649787,3.7784186002198794e-08,0.5304347826086957,0.1866136266126367
DIA,S4,dow,0,161,-0.020341504300436342,-0.7434583299799233,0.0034659639712192325,0.4968944099378882,0.2602812554040611
DIA,S4,dow,1,185,-2.1187734943373157e-05,-0.0009783116459381772,5.941912073481603e-09,0.5459459459459459,-0.6403380696391878
DIA,S4,dow,2,182,0.025699833049536838,1.193796174946697,0.007430413693001348,0.4725274725274725,0.9242093254011194
DIA,S4,dow,3,179,-0.007232226396847308,-0.1893189776322985,0.000513295542624137,0.5027932960893855,0.8363589766581625
DIA,S4,dow,4,177,0.027724488084227755,1.0951055731541743,0.007607785865159533,0.4915254237288136,0.6433896582883996
DIA,S4,opex,False,843,0.012882266650080272,0.837246273979059,0.0017185244910976616,0.4958481613285884,0.387209472812755
DIA,S4,opex,True,41,-0.06579336732676525,-1.0633917674818671,0.05820588393621129,0.6341463414634146,0.702914078475932
DIA,S4,month_end,False,841,0.000371807223097123,0.02189610136143103,1.5579996299752708e-06,0.4934601664684899,-0.4651494767969718
DIA,S4,month_end,True,43,0.25122883085720715,4.658353103190282,0.2350013928424286,0.6744186046511628,17.358785413602764
DIA,S4,quarter_end,False,870,0.008524337926598007,0.5357265608947164,0.0007708420848524522,0.5022988505747127,0.3974515914414649
DIA,S4,quarter_end,True,14,,,,,
DIA,S4,absx_quintile,q1,177,0.07763249442460093,0.25994056055792136,0.0007858835860613533,0.5141242937853108,0.6724924913628183
DIA,S4,absx_quintile,q2,177,-0.11061965955976516,-1.6479855005712545,0.014592690168042988,0.4463276836158192,-2.0918830146889986
DIA,S4,absx_quintile,q3,176,0.05607000549318114,1.6158153249199259,0.013711332524391495,0.5625,2.362454799717711
DIA,S4,absx_quintile,q4,177,0.0007897799186361894,0.030656920256524483,4.6759316005839935e-06,0.5084745762711864,0.43831915465543436
DIA,S4,absx_quintile,q5,177,0.010439882389226532,0.5241539607087939,0.0027342272561236003,0.480225988700565,0.63895282657102
DIA,S4,vol_spike,False,743,-0.01018117389790226,-0.649324416525719,0.0008613865888177363,0.5047106325706595,0.05796090742854872
DIA,S4,vol_spike,True,141,0.04664122462512293,1.974800187012097,0.04302410456021544,0.48936170212765956,2.2139865856684677
DIA,S5,rv20,rv_lo,295,0.0031352877720262078,0.12254789010042924,8.756467159043435e-05,0.4915254237288136,0.02873743522469617
DIA,S5,rv20,rv_mid,294,-0.01978758996694998,-0.8714538547753372,0.002742602645217085,0.45918367346938777,-2.5041470168735263
DIA,S5,rv20,rv_hi,295,0.011132606342915219,0.4170707401102294,0.0013540215293067481,0.5186440677966102,0.2680689117676471
DIA,S5,ts_inverted,False,539,0.016339789196949145,0.877685175976146,0.0023660171127625196,0.48794063079777367,0.22117550144954448
DIA,S5,ts_inverted,True,345,-0.009150898421200065,-0.30231155270241356,0.000823643611752134,0.4927536231884058,-2.2257244808097965
DIA,S5,dow,0,161,-0.04638354084615489,-1.70651926967757,0.01867349055837264,0.4658385093167702,-2.2306757393822907
DIA,S5,dow,1,185,-0.006752667698499546,-0.2863537563902527,0.0005414169956695636,0.5297297297297298,-1.6357988289287162
DIA,S5,dow,2,182,0.024929120565937008,1.0027549799728503,0.005152762809030542,0.46703296703296704,-0.2789225383284857
DIA,S5,dow,3,179,-0.010064132602311001,-0.2592785461783498,0.0009580333384487938,0.5083798882681564,-0.16265032256362794
DIA,S5,dow,4,177,0.024273596189832623,0.836867956358874,0.005600890859484453,0.4745762711864407,0.5253024661523147
DIA,S5,opex,False,843,0.005876049937158997,0.3335562363137033,0.00031915213681033006,0.48279952550415184,-0.8032002494961225
DIA,S5,opex,True,41,-0.08112005740908032,-1.0765105247363407,0.08200132248126846,0.6341463414634146,0.6935721884672147
DIA,S5,month_end,False,841,-0.006859397441456901,-0.3567445186354661,0.0004757086533299093,0.4827586206896552,-1.4854672601100527
DIA,S5,month_end,True,43,0.2624507964163996,4.629307942208216,0.20876026395569103,0.627906976744186,13.967828259406486
DIA,S5,quarter_end,False,870,0.0013729713080374746,0.07555100705198621,1.7892142156528124e-05,0.4896551724137931,-0.7564546308536397
DIA,S5,quarter_end,True,14,,,,,
DIA,S5,absx_quintile,q1,177,-0.11146908218280417,-0.7149666407069682,0.0015205897837934357,0.4971751412429379,-2.3187628101732614
DIA,S5,absx_quintile,q2,177,-0.01378030017412742,-0.23764950204876045,0.00022245584023106169,0.4632768361581921,-0.33126992237985836
DIA,S5,absx_quintile,q3,176,-0.010163307190889948,-0.22700956972905423,0.0002976600725651535,0.5170454545454546,-0.28114602338427414
DIA,S5,absx_quintile,q4,177,-0.007645431057775648,-0.33815218495937205,0.000460146976387521,0.519774011299435,-0.33299706719798317
DIA,S5,absx_quintile,q5,177,0.00533530072053792,0.23404461214957226,0.0006627844313836784,0.4519774011299435,-0.402165965686429
DIA,S5,vol_spike,False,743,-0.022697918985830328,-1.3840054241002087,0.00385750741406532,0.4939434724091521,-1.1410654652372394
DIA,S5,vol_spike,True,141,0.049275906642602646,1.7078417485274568,0.04231974866400978,0.46808510638297873,1.4124134047744212
DIA,S6,rv20,rv_lo,295,0.003051406708994061,0.16108234491102155,0.00014015853012183666,0.5254237288135594,0.9432215539178398
DIA,S6,rv20,rv_mid,294,-0.005754790444019909,-0.3465204210731477,0.0003525248596354391,0.48299319727891155,-0.06550136728328687
DIA,S6,rv20,rv_hi,295,0.003525116565740713,0.20031407602357268,0.00021337410536914625,0.5220338983050847,-0.7188313115118397
DIA,S6,ts_inverted,False,539,0.01758464599160872,1.322357736566748,0.0043455295145755635,0.5380333951762524,1.2265973208488758
DIA,S6,ts_inverted,True,345,-0.012632353866362913,-0.6556647721924515,0.0024625421709102424,0.4666666666666667,-1.7802847432146676
DIA,S6,dow,0,161,-0.057070878073585185,-2.193964819380272,0.049412673921557126,0.5279503105590062,-2.6626058756918645
DIA,S6,dow,1,185,0.021018350116480643,0.9942006495918828,0.008057659957534047,0.5621621621621622,1.9271774764684644
DIA,S6,dow,2,182,0.012820995924299102,0.6256775302226703,0.0020840669474230245,0.489010989010989,0.8431518635161449
DIA,S6,dow,3,179,-0.026802432176284866,-0.9632711064790667,0.010094713159916613,0.5027932960893855,-1.1578585214788284
DIA,S6,dow,4,177,0.03854573260857835,1.6248397009266875,0.023316748939079646,0.4689265536723164,0.9767936076439536
DIA,S6,opex,False,843,0.0018561021404010945,0.15648571459475127,5.0525832087089384e-05,0.5100830367734283,0.17620552586855004
DIA,S6,opex,True,41,-0.013993481930834878,-0.537872889136375,0.0032522328885619123,0.5121951219512195,-2.4781350921635115
DIA,S6,month_end,False,841,-0.004934277500960993,-0.4040219280070303,0.0003889636156575449,0.5041617122473246,-0.5544344287693546
DIA,S6,month_end,True,43,0.2002934019198688,4.537207569139821,0.17643647278097907,0.627906976744186,11.935280793570023
DIA,S6,quarter_end,False,870,0.0004009538020988702,0.03379848765580147,2.409637529843245e-06,0.5103448275862069,0.04282081037281635
DIA,S6,quarter_end,True,14,,,,,
DIA,S6,absx_quintile,q1,177,-0.028496519943671576,-0.24722177752679828,0.0002650071667604781,0.536723163841808,-0.15350874145594243
DIA,S6,absx_quintile,q2,177,0.012685814278964362,0.230916935975745,0.00029097552351897704,0.480225988700565,0.34658436784446056
DIA,S6,absx_quintile,q3,176,-0.008366670300163522,-0.3116525592178152,0.0003872991944622317,0.5170454545454546,-0.46118272517712605
DIA,S6,absx_quintile,q4,177,0.029409586696365522,1.2270114346315333,0.007728057978895753,0.559322033898305,2.6329846022329733
DIA,S6,absx_quintile,q5,177,-0.0031541680269694256,-0.21377419516991666,0.00034947661795980967,0.4576271186440678,-2.1022981994708823
DIA,S6,vol_spike,False,743,-0.006751077751433936,-0.5350239646848306,0.0005666078301607147,0.5195154777927322,0.2150096721656346
DIA,S6,vol_spike,True,141,0.0181228570578936,0.8901236785183713,0.00814004370895427,0.46099290780141844,-0.8001026020608712
DIA,S7,rv20,rv_lo,295,0.00037772476189254706,0.017813987214050454,1.2185173950962636e-06,0.4745762711864407,0.5463594794455398
DIA,S7,rv20,rv_mid,294,-0.0019601673126461365,-0.0655282489923069,2.3178438396942447e-05,0.5068027210884354,0.5796741541597188
DIA,S7,rv20,rv_hi,295,0.02550602524030429,0.7388892881366417,0.005094955950603608,0.559322033898305,3.1680605861752813
DIA,S7,ts_inverted,False,539,0.022150314967215434,1.021386536892567,0.003591674889669272,0.5324675324675324,2.8977422040872063
DIA,S7,ts_inverted,True,345,0.007313480828997293,0.19025914420997475,0.00040116853313132417,0.48405797101449277,-0.8571157313678399
DIA,S7,dow,0,161,-0.09230821854978669,-2.592453156424302,0.05709168639294582,0.5217391304347826,-2.82050589429383
DIA,S7,dow,1,185,0.02816742777472488,1.0310054946821152,0.0074051762967263235,0.5459459459459459,2.676199334494535
DIA,S7,dow,2,182,0.10764126121071596,2.232799923520185,0.055395497803041316,0.4835164835164835,2.2612490793260913
DIA,S7,dow,3,179,-0.021302286971255146,-0.6428736521016087,0.0037030077040947074,0.49162011173184356,1.2556657349208837
DIA,S7,dow,4,177,0.03171820818898045,1.142659352062987,0.010410323798313637,0.5254237288135594,3.3269558971340705
DIA,S7,opex,False,843,0.015806051065805536,0.6887128230279413,0.0018490171024920787,0.5172004744958482,1.523774298016088
DIA,S7,opex,True,41,-0.01773743311057217,-0.34908565660941787,0.0024878976666107278,0.43902439024390244,-0.4478929889381115
DIA,S7,month_end,False,841,0.008782255181624772,0.37925963583861966,0.0006134687244062631,0.5065398335315101,0.7418408969434225
DIA,S7,month_end,True,43,0.2052459647486563,2.9518098659745236,0.1003219541916246,0.6511627906976745,14.936975031434448
DIA,S7,quarter_end,False,870,0.013930126639608777,0.6147818156987629,0.0014627861834309863,0.5149425287356322,1.4121588117269932
DIA,S7,quarter_end,True,14,,,,,
DIA,S7,absx_quintile,q1,177,0.16857514690964914,0.7866252357908445,0.0036459592171234068,0.519774011299435,2.135298166993382
DIA,S7,absx_quintile,q2,177,0.10406721028596269,1.3142730184096847,0.010998199538211462,0.5028248587570622,2.696034530915714
DIA,S7,absx_quintile,q3,176,0.0070330720684325,0.13686201263076767,8.455235210336198e-05,0.5227272727272727,0.4016740573543078
DIA,S7,absx_quintile,q4,177,0.032563355514948766,1.521678225570163,0.008422232684646258,0.5536723163841808,3.5720631830343765
DIA,S7,absx_quintile,q5,177,0.008311247284162002,0.29597452818292375,0.0010977868757199305,0.4689265536723164,-1.6492518889279846
DIA,S7,vol_spike,False,743,-0.0015415703756095286,-0.08651199582723659,1.5458326948381007e-05,0.5289367429340511,1.7774970079931647
DIA,S7,vol_spike,True,141,0.049189940210891445,0.95995574984315,0.026178989847091327,0.4326241134751773,-0.386540115303701
XBI,S1,rv20,rv_lo,462,-0.005663351907279394,-0.3769022449672653,0.00037022218836479936,0.5173160173160173,1.921279145966669
XBI,S1,rv20,rv_mid,461,0.012705256583386818,0.6096819877462091,0.0012525194988043387,0.5010845986984815,-1.5172822322038881
XBI,S1,rv20,rv_hi,461,0.03798040053759293,1.701214981129302,0.011501603544944117,0.5162689804772235,5.868683275241071
XBI,S1,ts_inverted,False,870,0.022140647382776976,1.635123468137411,0.00436256700154436,0.4954022988505747,1.4673320115254331
XBI,S1,ts_inverted,True,514,0.022436581419321554,0.9007079378527947,0.003999378022863986,0.5389105058365758,3.146007774804699
XBI,S1,dow,0,254,0.07173108928571265,1.6822046970055367,0.05753804017466313,0.547244094488189,6.612934118671247
XBI,S1,dow,1,289,0.007000153076194072,0.3770121488489142,0.0004331595298270319,0.4982698961937716,2.66616894228864
XBI,S1,dow,2,286,0.004143459830736525,0.1582205089298249,0.00012880321862551725,0.506993006993007,1.5740200889969913
XBI,S1,dow,3,280,0.03098415822405242,1.5191431395147574,0.009059389099791981,0.5607142857142857,4.361482905864713
XBI,S1,dow,4,275,-0.01830335641016134,-0.6742330746455862,0.0020505430386155155,0.44727272727272727,-4.465331648299745
XBI,S1,opex,False,1319,0.02298732914125564,1.6233068093408187,0.0044135686550647035,0.513267626990144,2.2191602127382226
XBI,S1,opex,True,65,-0.020652490045872635,-0.6425606444070485,0.0042728788803271245,0.47692307692307695,-0.5145457588457456
XBI,S1,month_end,False,1317,0.026418549430795687,1.8104566269788844,0.006044456771327145,0.5155656795747912,3.063468301194723
XBI,S1,month_end,True,67,-0.06865221502687965,-1.2698065218328818,0.026315374594942265,0.43283582089552236,-17.02926725965235
XBI,S1,quarter_end,False,1362,0.024344794243321703,1.7453371857870952,0.00496553896073626,0.5139500734214391,2.5118869370423744
XBI,S1,quarter_end,True,22,,,,,
XBI,S1,absx_quintile,q1,277,-0.09324375114606372,-0.6459058070953202,0.001737946428870596,0.49458483754512633,-0.5716056455939377
XBI,S1,absx_quintile,q2,277,0.07931387696028323,1.3548585570959042,0.008194055703908854,0.516245487364621,4.081477813736731
XBI,S1,absx_quintile,q3,276,0.011250265018903263,0.4267314106454335,0.0005494317045775521,0.4963768115942029,1.1124802266567628
XBI,S1,absx_quintile,q4,277,-0.0014842402902236255,-0.05733710967251033,1.4900684762064742e-05,0.516245487364621,-0.17430617795936537
XBI,S1,absx_quintile,q5,277,0.027676012544850102,1.3722085999524904,0.01362416227958485,0.5342960288808665,6.0022762615114305
XBI,S1,vol_spike,False,1146,0.027062163837798112,1.6302967572684044,0.005195163129830593,0.5104712041884817,1.5856602976885665
XBI,S1,vol_spike,True,238,0.01355296252548129,0.7240893065881976,0.002203439827444198,0.5168067226890757,4.522941786242206
XBI,S2,rv20,rv_lo,462,-0.01539242907602818,-0.7091890789764561,0.0011847990825879506,0.5064935064935064,-0.30933057029554906
XBI,S2,rv20,rv_mid,461,-0.004661638520532576,-0.1784546140364134,8.227500304713864e-05,0.48590021691973967,-5.234816267276244
XBI,S2,rv20,rv_hi,461,0.08742532099204867,2.6683804135241482,0.03646679903421324,0.5466377440347071,14.284263156855983
XBI,S2,ts_inverted,False,870,0.04163399282464911,2.3051417378580004,0.008067118886693314,0.49885057471264366,1.3101470051265622
XBI,S2,ts_inverted,True,514,0.0433273221816083,1.0965635024579679,0.008161089993731774,0.5369649805447471,5.620732292139312
XBI,S2,dow,0,254,0.11725374354573918,1.9204159911524386,0.0710670702814008,0.5590551181102362,9.97105433768989
XBI,S2,dow,1,289,0.006735470970827876,0.26756141129262745,0.0002471549055079736,0.4809688581314879,2.050584050885521
XBI,S2,dow,2,286,0.017772022832791314,0.4236295741534562,0.0009882846147478697,0.4965034965034965,2.1135928366753656
XBI,S2,dow,3,280,0.06578000497460243,2.2095472045262334,0.023256765947505365,0.5642857142857143,6.362057290526516
XBI,S2,dow,4,275,-0.014500523489711575,-0.44247356502566654,0.0008626607842934231,0.4690909090909091,-5.38998506362186
XBI,S2,opex,False,1319,0.0414840239291952,1.9382811918339675,0.0077883825319964295,0.514783927217589,2.8277846116899874
XBI,S2,opex,True,65,0.03706465619010791,0.6702370301114039,0.005505933030522825,0.47692307692307695,4.600559843086494
XBI,S2,month_end,False,1317,0.04839989850662894,2.2369112025161533,0.010630983156959872,0.5193621867881549,4.0005230310795605
XBI,S2,month_end,True,67,-0.07902163039166227,-1.7453762291623285,0.024878046063867898,0.3880597014925373,-18.504545362866658
XBI,S2,quarter_end,False,1362,0.04513709713810188,2.155276855758091,0.009095700472359747,0.5146842878120411,3.2890153881494073
XBI,S2,quarter_end,True,22,,,,,
XBI,S2,absx_quintile,q1,277,-0.10449934988925284,-0.5895188609798097,0.0012053399247350383,0.49458483754512633,-1.0953250586692178
XBI,S2,absx_quintile,q2,277,0.018643745975429584,0.2181391066318035,0.00018496141884827288,0.5126353790613718,1.4073413575538323
XBI,S2,absx_quintile,q3,276,0.013559105162480146,0.38164020416864386,0.00044251796599314996,0.5,1.3694761681220797
XBI,S2,absx_quintile,q4,277,0.020008390500178205,0.6099234991975961,0.0016059745473653297,0.5270758122743683,2.209784971162331
XBI,S2,absx_quintile,q5,277,0.0520833901618776,1.7429443808389309,0.027361973832377484,0.5306859205776173,10.658375156732916
XBI,S2,vol_spike,False,1146,0.05959429137660607,2.4267183005174946,0.013103798339426875,0.5157068062827225,2.577523114522548
XBI,S2,vol_spike,True,238,0.014219742169086145,0.5131346909753105,0.0014306644739455754,0.5,4.516986568810402
XBI,S3,rv20,rv_lo,462,0.03204443697537962,1.4205197912823637,0.0073798640099846935,0.5367965367965368,2.77100450382537
XBI,S3,rv20,rv_mid,461,0.0340838161306956,1.416909899005064,0.006862357135291486,0.5032537960954447,4.904031880580551
XBI,S3,rv20,rv_hi,461,0.041770335240307724,1.9438694473926503,0.01152618506702685,0.5574837310195228,9.073707603772403
XBI,S3,ts_inverted,False,870,0.061453407712319955,4.603032234133512,0.026576701363989708,0.5528735632183908,7.06179978795849
XBI,S3,ts_inverted,True,514,0.01102566238237597,0.4200489523403155,0.0007228128379488385,0.4980544747081712,3.074272699474995
XBI,S3,dow,0,254,0.0816656049757656,3.584313012383412,0.03796770379071901,0.6141732283464567,11.461977431375066
XBI,S3,dow,1,289,0.0024334520650010428,0.10400263645777051,4.5352381708885225e-05,0.46366782006920415,-1.5050159015745896
XBI,S3,dow,2,286,0.08265739287000927,2.574308782443588,0.035467364337065765,0.5454545454545454,12.253703487732297
XBI,S3,dow,3,280,0.06825036074465504,2.846545491851253,0.03787622183383188,0.5571428571428572,10.913884100423603
XBI,S3,dow,4,275,-0.026613472942378265,-1.0992022456704158,0.004811895896528862,0.4909090909090909,-4.774172489346264
XBI,S3,opex,False,1319,0.04157296496292808,2.902523727289963,0.011109519958750425,0.5344958301743745,6.093087626119026
XBI,S3,opex,True,65,-0.02379886159354294,-0.4314250868375917,0.004713501319182134,0.49230769230769234,-4.812932243030177
XBI,S3,month_end,False,1317,0.04018812552608747,2.8519805106641503,0.010701576053473882,0.5368261199696279,6.447701234850866
XBI,S3,month_end,True,67,-0.002873877665306274,-0.04356260193568447,3.613685979442227e-05,0.44776119402985076,-11.45791855588892
XBI,S3,quarter_end,False,1362,0.039317029742619164,2.798907391538752,0.010091484079845725,0.5345080763582967,5.926806991598037
XBI,S3,quarter_end,True,22,,,,,
XBI,S3,absx_quintile,q1,277,0.3210717941055644,1.9964521143757665,0.012688096556020323,0.5270758122743683,4.278237692066292
XBI,S3,absx_quintile,q2,277,0.023816480522901372,0.4061212878875723,0.0007200480602147508,0.49458483754512633,1.244028663710511
XBI,S3,absx_quintile,q3,276,0.06907192010380685,1.9287729994063252,0.013492201670851522,0.5471014492753623,7.110371141418334
XBI,S3,absx_quintile,q4,277,0.013993165655612465,0.4821292192204797,0.0010372081937349842,0.49097472924187724,1.0704876349601318
XBI,S3,absx_quintile,q5,277,0.04234062634371314,2.4603739601629746,0.029731656479215607,0.6028880866425993,14.206811164579214
XBI,S3,vol_spike,False,1146,0.02885204775126386,2.095630825916193,0.0053785322396116,0.5340314136125655,4.817101935518792
XBI,S3,vol_spike,True,238,0.06365811566349609,1.9077986651633296,0.027027099252671327,0.5252100840336135,9.25858472667856
XBI,S4,rv20,rv_lo,462,0.027785678890053248,2.055134736559964,0.013857622493704369,0.5216450216450217,2.85247775088844
XBI,S4,rv20,rv_mid,461,0.020230223857182473,1.1309882198211758,0.005488700789920697,0.5097613882863341,3.527635536431459
XBI,S4,rv20,rv_hi,461,0.009998266301557729,0.7176366408138058,0.0012390769780635802,0.5488069414316703,4.414449738639911
XBI,S4,ts_inverted,False,870,0.04135510441402768,3.927346179139922,0.025318487042169324,0.5436781609195402,6.399247058997676
XBI,S4,ts_inverted,True,514,-0.01130770690796039,-0.6762227162248285,0.0015595154612274564,0.4980544747081712,-1.1443558533261038
XBI,S4,dow,0,254,0.04128319734732152,2.2750450537920184,0.024385003080135914,0.531496062992126,6.402884346321337
XBI,S4,dow,1,289,-0.003050134489941877,-0.15824859531929558,0.00012253317252497453,0.4671280276816609,-1.5735771272059942
XBI,S4,dow,2,286,0.03952167543457219,2.1329445408158008,0.023027118450781092,0.5629370629370629,8.604783578602467
XBI,S4,dow,3,280,0.02743482717863535,1.51251829520254,0.012117012515030723,0.5714285714285714,6.611644324119659
XBI,S4,dow,4,275,-0.01892079369900788,-0.9392099856807389,0.003752408927989115,0.5018181818181818,-1.8350956935219498
XBI,S4,opex,False,1319,0.017444885689598576,1.7137071821742422,0.004026094814221337,0.5261561789234268,3.6829917805363106
XBI,S4,opex,True,65,0.007110788120917314,0.211730096714176,0.0010630476070360162,0.5384615384615384,1.8658442183225705
XBI,S4,month_end,False,1317,0.01575059564927171,1.689321275617385,0.0035029143197183865,0.5254365983295368,3.470655194990594
XBI,S4,month_end,True,67,0.06155256954117096,1.0487818130234914,0.021948698626577112,0.5522388059701493,6.093927476354457
XBI,S4,quarter_end,False,1362,0.018554898137997527,1.9266585569333015,0.004676660314754333,0.526431718061674,3.7335332005168924
XBI,S4,quarter_end,True,22,,,,,
XBI,S4,absx_quintile,q1,277,-0.010552341107884755,-0.12445955633377707,4.544158578501101e-05,0.47653429602888087,0.6060386809955096
XBI,S4,absx_quintile,q2,277,0.03128537142906898,0.7783384244627926,0.0022162326519624687,0.5342960288808665,2.714756661101303
XBI,S4,absx_quintile,q3,276,0.02309617987916099,0.8221117927207204,0.0029412149269457677,0.5362318840579711,2.5632484501177655
XBI,S4,absx_quintile,q4,277,0.04312612830594804,2.5997929783664704,0.019100851882110415,0.5487364620938628,7.999453222170273
XBI,S4,absx_quintile,q5,277,0.010490102565664437,0.7440965472811207,0.0032647688977622824,0.5379061371841155,4.101013025934567
XBI,S4,vol_spike,False,1146,0.014594026482847276,1.3962129074091838,0.0029064609866430446,0.5261780104712042,3.7326527120309825
XBI,S4,vol_spike,True,238,0.023028443895594733,1.0476118179337175,0.00683049337839714,0.5294117647058824,2.947588339205274
XBI,S5,rv20,rv_lo,462,0.018878596635047776,1.363762980392092,0.005912449476998205,0.5108225108225108,1.565600209114817
XBI,S5,rv20,rv_mid,461,0.012062030438509438,0.7374623074069578,0.0017613457859625425,0.5184381778741866,3.177066092867534
XBI,S5,rv20,rv_hi,461,0.008218932838857515,0.5167285418191798,0.0007457558521488661,0.5466377440347071,3.577277336140709
XBI,S5,ts_inverted,False,870,0.03866325217374322,3.4039551006612667,0.020116158457910593,0.5344827586206896,5.189355580787849
XBI,S5,ts_inverted,True,514,-0.01934519402286956,-1.0999265057646004,0.004066467185487532,0.5097276264591439,-1.318443069847438
XBI,S5,dow,0,254,0.02875762044616372,1.5304086218734776,0.01018514217907196,0.531496062992126,3.7154267302054818
XBI,S5,dow,1,289,-0.0022529553078436643,-0.11934062422270508,6.30752765293785e-05,0.4740484429065744,-0.30582334647613996
XBI,S5,dow,2,286,0.03713536746332779,1.89784679048581,0.017164576883996974,0.5629370629370629,7.049834856898082
XBI,S5,dow,3,280,0.02986418077140029,1.6227418143630403,0.012732566460017192,0.5714285714285714,6.4732102959693005
XBI,S5,dow,4,275,-0.0241008519195008,-1.1590702795524577,0.0058872520624073665,0.48727272727272725,-3.080099916003628
XBI,S5,opex,False,1319,0.013408194447121713,1.2469329783993317,0.002132756284091819,0.5238817285822593,2.8173934262916918
XBI,S5,opex,True,65,-0.010101676659341443,-0.2740052215550297,0.002122672333787601,0.5538461538461539,1.8602721246939138
XBI,S5,month_end,False,1317,0.010257343815999336,1.0337832903065023,0.001330383590639972,0.5254365983295368,2.9122970801145995
XBI,S5,month_end,True,67,0.0659933401646991,1.1434499315957225,0.02670485530125577,0.5223880597014925,0.02334869959578858
XBI,S5,quarter_end,False,1362,0.013618649693379154,1.3245965245464237,0.0022722023902143063,0.526431718061674,3.069802993513177
XBI,S5,quarter_end,True,22,,,,,
XBI,S5,absx_quintile,q1,277,0.18172052880493622,1.4503712567177256,0.00990498783908944,0.51985559566787,2.1922321083655065
XBI,S5,absx_quintile,q2,277,0.03834204838755846,0.8357049204111454,0.003129680767400389,0.516245487364621,2.127556003168178
XBI,S5,absx_quintile,q3,276,0.05117305840920498,1.9870873212285665,0.014651970983531437,0.5615942028985508,5.11246536878424
XBI,S5,absx_quintile,q4,277,0.003016814823714513,0.16128635828945556,8.51681966942408e-05,0.48736462093862815,0.2841287610722199
XBI,S5,absx_quintile,q5,277,0.010084115856456256,0.8352276597787645,0.0028913802706991287,0.5415162454873647,4.1542750970670035
XBI,S5,vol_spike,False,1146,0.009680458912427093,0.9305415251252281,0.001164095616490779,0.5244328097731239,2.61514679234479
XBI,S5,vol_spike,True,238,0.01907314028579723,0.7775602431588741,0.004113529874164246,0.5294117647058824,3.5298377872130917
XBI,S6,rv20,rv_lo,462,0.015404691719179246,1.2526213752085489,0.005635638157468592,0.5216450216450217,2.9580421776645593
XBI,S6,rv20,rv_mid,461,0.02448151968130175,1.6235456391907748,0.009364467236783858,0.5314533622559653,5.531981299916425
XBI,S6,rv20,rv_hi,461,0.026600681025294982,2.023850292865873,0.012458026223549523,0.544468546637744,6.926936186749376
XBI,S6,ts_inverted,False,870,0.030429854092147438,3.280988968369931,0.017156672297692355,0.542528735632184,6.237212327422964
XBI,S6,ts_inverted,True,514,0.017494946360238902,1.1378446173133467,0.0052955795742892775,0.5155642023346303,3.2758788376964643
XBI,S6,dow,0,254,0.055651593155583504,1.99695522514071,0.0661797947706595,0.5118110236220472,5.834702358011885
XBI,S6,dow,1,289,0.015340968998473105,0.8650406022671908,0.004068359938258714,0.5086505190311419,4.152684580560579
XBI,S6,dow,2,286,0.02262276128874941,1.3259613621041062,0.00991312932932431,0.5629370629370629,7.177640340698254
XBI,S6,dow,3,280,0.023639160342263835,1.4720484289185514,0.011460899731668861,0.575,6.644782576004113
XBI,S6,dow,4,275,-0.00041216781813830294,-0.03295075131917017,2.242663053264593e-06,0.5018181818181818,1.871607076349393
XBI,S6,opex,False,1319,0.0241823260686563,2.7041944579850288,0.010336723586325536,0.5314632297194845,5.264311180025269
XBI,S6,opex,True,65,0.011708446738833127,0.4432518798197498,0.003334581247076529,0.5538461538461539,2.5623077073943383
XBI,S6,month_end,False,1317,0.02480436658779941,2.7547617497141443,0.011561139401745302,0.5299924069855733,5.402378247383067
XBI,S6,month_end,True,67,0.0017932210589488018,0.03258521325080937,2.3382435722862915e-05,0.582089552238806,-0.07098066223190855
XBI,S6,quarter_end,False,1362,0.02521259592510375,2.839285821932502,0.011463560715362697,0.5323054331864905,5.325788975487944
XBI,S6,quarter_end,True,22,,,,,
XBI,S6,absx_quintile,q1,277,0.05213219083708737,0.5457693048748131,0.0012767762181142839,0.4657039711191336,2.8750913265785347
XBI,S6,absx_quintile,q2,277,0.04800090320533677,1.2590864701772133,0.005368819955535842,0.5667870036101083,3.93956289770006
XBI,S6,absx_quintile,q3,276,0.02889553336304195,1.3543176576647513,0.006081690181788391,0.5289855072463768,3.139509419080729
XBI,S6,absx_quintile,q4,277,0.039042440943681256,2.425819808949472,0.023660474003251664,0.5740072202166066,7.867345276023999
XBI,S6,absx_quintile,q5,277,0.018442580277230752,1.645055917624095,0.016369562283789607,0.5270758122743683,7.858332080086142
XBI,S6,vol_spike,False,1146,0.026583600480784873,2.520121776780199,0.012180853493804489,0.5322862129144852,4.916163584394639
XBI,S6,vol_spike,True,238,0.01647264654378935,1.2665524055038149,0.0052966925564948975,0.5336134453781513,6.2027436122592645
XBI,S7,rv20,rv_lo,462,0.010097357432147307,0.5167980812676691,0.001004246307702239,0.5173160173160173,2.3616703119874605
XBI,S7,rv20,rv_mid,461,0.025288826690511895,1.2381548093589156,0.004564995156194462,0.4967462039045553,2.969598758163164
XBI,S7,rv20,rv_hi,461,0.06711183011574436,3.3321967240494237,0.04252657852632935,0.579175704989154,14.550088938614904
XBI,S7,ts_inverted,False,870,0.0451176607313877,3.583885073981508,0.018287483964493978,0.539080459770115,5.004016293829746
XBI,S7,ts_inverted,True,514,0.04528144756654824,1.9006184790547553,0.01763691885347729,0.5175097276264592,9.366096374943613
XBI,S7,dow,0,254,0.09776473417712832,2.4524333924403003,0.08365671711519373,0.562992125984252,10.481125040698723
XBI,S7,dow,1,289,0.007674320639440276,0.3782106998251599,0.000616108844412544,0.4844290657439446,0.523723904849134
XBI,S7,dow,2,286,0.06660289770814261,2.6971864877415266,0.03079615769900035,0.5454545454545454,10.570690613973936
XBI,S7,dow,3,280,0.06457890585524181,3.049744533023085,0.04366146777777302,0.5642857142857143,10.979922013404392
XBI,S7,dow,4,275,-0.004647663865123875,-0.2712996051783656,0.00018552093275781,0.5018181818181818,0.932763869688163
XBI,S7,opex,False,1319,0.04682544767754355,3.4761713467346915,0.019241650326471293,0.533737680060652,7.050628930978629
XBI,S7,opex,True,65,-0.0032264593221026745,-0.06713541822362801,9.787128703908632e-05,0.47692307692307695,-2.0324899631987137
XBI,S7,month_end,False,1317,0.04866894387472555,3.6011340989127043,0.021314411430276348,0.5345482156416097,7.789684424650601
XBI,S7,month_end,True,67,-0.049737679450790946,-1.1077844897116296,0.013477266506592422,0.4626865671641791,-16.288756341969343
XBI,S7,quarter_end,False,1362,0.04651395292333494,3.483960044661744,0.01908324863970401,0.5337738619676946,7.175772731121016
XBI,S7,quarter_end,True,22,,,,,
XBI,S7,absx_quintile,q1,277,0.05761941100073844,0.45514602206036103,0.0006512806041911734,0.48736462093862815,0.14472593932067018
XBI,S7,absx_quintile,q2,277,0.08768230297787821,1.3385568749666976,0.007060341225483602,0.5379061371841155,6.574268755994677
XBI,S7,absx_quintile,q3,276,0.030769624322046527,1.106957164532383,0.004006112224611558,0.5362318840579711,3.1309740820434526
XBI,S7,absx_quintile,q4,277,0.03595405410481462,1.7144303874562534,0.012214353131177691,0.5090252707581228,6.656326992210263
XBI,S7,absx_quintile,q5,277,0.047178474995618495,2.6670174854497946,0.052236636570138995,0.5848375451263538,16.60128071575563
XBI,S7,vol_spike,False,1146,0.04827482042926131,3.068385934959254,0.01908497056138181,0.5349040139616056,6.441836203149541
XBI,S7,vol_spike,True,238,0.03501290474534394,1.7779629303092135,0.013155836547633193,0.5126050420168067,7.501358922451769
NVDA,S1,rv20,rv_lo,464,-0.005411209878612462,-0.3534505214390554,0.0006083995764096795,0.49353448275862066,-0.7023601139707017
NVDA,S1,rv20,rv_mid,463,0.012078486881629975,0.7134615499418953,0.0016717879050016649,0.5248380129589633,2.941313402668655
NVDA,S1,rv20,rv_hi,464,0.0002981122712089647,0.009927803231590161,6.835069205068933e-07,0.5107758620689655,-3.952717220039941
NVDA,S1,ts_inverted,False,875,0.006500669915709677,0.6770767711634427,0.0005480213069293249,0.52,-0.13387967711462778
NVDA,S1,ts_inverted,True,516,-0.002653944535074969,-0.098482705662028,6.294476264845361e-05,0.49224806201550386,-1.3197346125388598
NVDA,S1,dow,0,259,0.038398933443255456,0.6906852021679395,0.01686847694385163,0.47876447876447875,0.8861140559628621
NVDA,S1,dow,1,289,0.020705978315033922,1.4715840827571336,0.0059428641405809834,0.5467128027681661,4.7239543861536815
NVDA,S1,dow,2,287,-0.049675059027721215,-1.1531239890763803,0.014709121343690179,0.5296167247386759,-5.029814333554462
NVDA,S1,dow,3,281,0.0011964422012144212,0.06222529190948896,3.226413688217633e-05,0.49466192170818507,0.6953025581968467
NVDA,S1,dow,4,275,-0.015860123485259014,-0.6317353011446696,0.0015092732869285141,0.49454545454545457,-4.162463420950288
NVDA,S1,opex,False,1326,0.0052731709288477155,0.35316759723897895,0.00030012033402948557,0.5067873303167421,0.0355059450514787
NVDA,S1,opex,True,65,-0.14008732362383983,-2.536255996566283,0.11375599149690097,0.5692307692307692,-13.003210164363256
NVDA,S1,month_end,False,1324,0.0030471391771900117,0.2024080553048852,0.00010255225468203122,0.5105740181268882,-0.2727168272375274
NVDA,S1,month_end,True,67,-0.022979356065085076,-0.43083442984501275,0.002860363413244693,0.4925373134328358,-6.52314475049052
NVDA,S1,quarter_end,False,1369,0.003200834304544671,0.21937683805651695,0.00010922619055109273,0.5127830533235939,-0.1817911628941004
NVDA,S1,quarter_end,True,22,,,,,
NVDA,S1,absx_quintile,q1,279,0.01069282474334524,0.09243851878246871,2.6297254171248063e-05,0.5089605734767025,-0.028607117537411592
NVDA,S1,absx_quintile,q2,278,0.0010757760931654928,0.024106729078913338,1.6656405897874649e-06,0.5,-0.7876496776558803
NVDA,S1,absx_quintile,q3,278,-0.021170003779456506,-0.7744130851705409,0.0024596144243439477,0.5,-2.0598164841210833
NVDA,S1,absx_quintile,q4,278,-0.024449148142548283,-1.288225450429876,0.006109934663131256,0.5035971223021583,-3.4428676370281863
NVDA,S1,absx_quintile,q5,278,0.00725387577457091,0.41185983598440695,0.0009468239912925336,0.5359712230215827,3.4480805910626566
NVDA,S1,vol_spike,False,1190,0.009658472866398995,0.41396099371329736,0.0006694368831591246,0.5016806722689076,-0.44110751393740233
NVDA,S1,vol_spike,True,201,-0.007024261167688628,-0.4658056696725809,0.001191993333823138,0.5572139303482587,-1.3592529152230959
NVDA,S2,rv20,rv_lo,464,0.0017207089577974122,0.11193358589079683,3.329980249411335e-05,0.5,-0.1804253499378678
NVDA,S2,rv20,rv_mid,463,-4.110555291157833e-05,-0.0019989776383833495,1.0713775644433099e-08,0.5226781857451404,3.7603953438421347
NVDA,S2,rv20,rv_hi,464,0.012747564416056418,0.37129444472471573,0.0008751776468558514,0.5,-6.347263797311098
NVDA,S2,ts_inverted,False,875,0.015376677663424708,1.1088890610786901,0.0017725679656925841,0.5234285714285715,0.3311408132728566
NVDA,S2,ts_inverted,True,516,-0.0036700337322707575,-0.11924251795655441,8.101458053322297e-05,0.4806201550387597,-3.057234363834034
NVDA,S2,dow,0,259,0.028622080343552344,0.4859776611066238,0.005650812442415276,0.4594594594594595,-2.122295566782542
NVDA,S2,dow,1,289,0.03165371316448238,1.4800318784182933,0.009090683116973475,0.5501730103806228,6.652382749459407
NVDA,S2,dow,2,287,-0.04702957655126781,-1.3511838902006403,0.008567883664908127,0.519163763066202,-2.6133499102427833
NVDA,S2,dow,3,281,0.014014224556614384,0.6257109256746604,0.002365648709903412,0.5088967971530249,-1.0727703734306826
NVDA,S2,dow,4,275,-0.012012423753406129,-0.42743614304762534,0.0006207978334813458,0.49454545454545457,-5.851523213629095
NVDA,S2,opex,False,1326,0.0073434461473144775,0.41923428686552305,0.00036664812784414913,0.5060331825037707,-0.619437460082593
NVDA,S2,opex,True,65,-0.05781831606933641,-1.387413165070761,0.012766573372794743,0.5384615384615384,-7.1755484316168205
NVDA,S2,month_end,False,1324,0.010368226789820328,0.5899239282929769,0.0007334080315534175,0.5128398791540786,-0.3008025424995741
NVDA,S2,month_end,True,67,-0.09600915480978756,-2.4886334414739286,0.04169129648755121,0.40298507462686567,-13.276450057539936
NVDA,S2,quarter_end,False,1369,0.007669317586399763,0.4507304363201599,0.00039295713354348116,0.5120525931336742,-0.28206992119083807
NVDA,S2,quarter_end,True,22,,,,,
NVDA,S2,absx_quintile,q1,279,0.016868192138169803,0.11242196129468637,3.635391067635663e-05,0.4910394265232975,0.380920388561315
NVDA,S2,absx_quintile,q2,278,-0.03585300765321348,-0.623025774314141,0.0010645157239453917,0.49640287769784175,-3.5145944555431563
NVDA,S2,absx_quintile,q3,278,-0.03645529564365448,-0.9710103264895994,0.0032091514435824697,0.5323741007194245,-4.320080916465302
NVDA,S2,absx_quintile,q4,278,-0.014542612087492622,-0.5907350884535583,0.0012635132819298622,0.48201438848920863,-2.62896676132346
NVDA,S2,absx_quintile,q5,278,0.013649630578930663,0.63824014586518,0.0027029610108361135,0.5359712230215827,5.449032390406672
NVDA,S2,vol_spike,False,1190,0.025793032433718634,0.9532087727678531,0.0029179763309085116,0.5084033613445378,0.10769010213984483
NVDA,S2,vol_spike,True,201,-0.018986012103799483,-1.1059318264573736,0.0063947290739789775,0.5024875621890548,-7.044457421248891
NVDA,S3,rv20,rv_lo,464,0.03744354187602144,1.5688483847584802,0.012651082430098382,0.5043103448275862,2.7030267978047977
NVDA,S3,rv20,rv_mid,463,0.05205083464258769,3.116332874939038,0.021059247615813348,0.5334773218142549,12.548674388662505
NVDA,S3,rv20,rv_hi,464,0.011826558891171362,0.5164378672508941,0.0008836772549057903,0.5431034482758621,2.770223305999912
NVDA,S3,ts_inverted,False,875,0.04535988341725963,2.77634265788082,0.0176482691935137,0.5245714285714286,6.694329613699824
NVDA,S3,ts_inverted,True,516,0.01329937481165116,0.6166180478953596,0.001077512505946343,0.5310077519379846,4.829623794823213
NVDA,S3,dow,0,259,0.056583740192733725,2.2327649659063478,0.018573649943748105,0.5096525096525096,11.810266771488447
NVDA,S3,dow,1,289,0.01029898995182972,0.5364799367006403,0.0011504363896273073,0.5467128027681661,0.9376296764099493
NVDA,S3,dow,2,287,0.05173440406239637,1.3747907862592186,0.012351537055224626,0.5400696864111498,8.235145958303908
NVDA,S3,dow,3,281,0.028914153202876127,0.9915637450825583,0.00884374403585475,0.505338078291815,4.644821246729698
NVDA,S3,dow,4,275,0.014896275896952218,0.5140646627232385,0.0015223369048769086,0.5309090909090909,4.913122034377724
NVDA,S3,opex,False,1326,0.03023885882104116,2.3745668343597326,0.006515127739447624,0.5211161387631976,5.598970306053774
NVDA,S3,opex,True,65,0.02857380872439731,0.4062259444519159,0.006642839034208703,0.6461538461538462,14.236764065981852
NVDA,S3,month_end,False,1324,0.025156303721482774,1.8963401234228419,0.004662928822050549,0.5279456193353474,5.581398327194469
NVDA,S3,month_end,True,67,0.14650578122773947,1.6829166674785285,0.10056802974713464,0.5074626865671642,14.32616275986041
NVDA,S3,quarter_end,False,1369,0.029980036448161714,2.264448503801152,0.006499013965369893,0.5288531775018261,6.106066121471611
NVDA,S3,quarter_end,True,22,,,,,
NVDA,S3,absx_quintile,q1,279,-0.10339966379043994,-0.5490470956031767,0.001304895870400391,0.4874551971326165,-1.4170241095955514
NVDA,S3,absx_quintile,q2,278,0.1203755910301555,1.9443921169317884,0.01732476135293437,0.5215827338129496,9.163540832321475
NVDA,S3,absx_quintile,q3,278,0.0864619337963696,3.0311207037346013,0.025350332601125736,0.5467625899280576,11.430396189378968
NVDA,S3,absx_quintile,q4,278,0.013665927555441203,0.4554631439004995,0.001039390171964194,0.5287769784172662,2.935627046300212
NVDA,S3,absx_quintile,q5,278,0.027667846009478487,1.7562912813042084,0.012208903302814877,0.5503597122302158,7.92717699924137
NVDA,S3,vol_spike,False,1190,0.021245762525975334,1.3780203449200197,0.002814041598627637,0.5243697478991597,5.448554010173268
NVDA,S3,vol_spike,True,201,0.05468227803780872,2.040404023644324,0.03535642528991445,0.5422885572139303,9.282811034875298
NVDA,S4,rv20,rv_lo,464,0.0242681743295289,1.849471581646816,0.010496689772203527,0.49353448275862066,1.969133964615862
NVDA,S4,rv20,rv_mid,463,0.03190385642510961,2.1716669250066656,0.01558304840169411,0.572354211663067,9.116641643005691
NVDA,S4,rv20,rv_hi,464,0.007147655112657006,0.42741205824995493,0.0004878346528629507,0.5452586206896551,2.769131830248757
NVDA,S4,ts_inverted,False,875,0.035608308110622745,3.400997483662901,0.020001673952691923,0.5348571428571428,6.075246181408064
NVDA,S4,ts_inverted,True,516,0.0008920435416531042,0.053888421010418706,7.766930512853598e-06,0.5406976744186046,2.1389922496061295
NVDA,S4,dow,0,259,0.05302091202947205,2.8005409581790928,0.028814774047387304,0.5482625482625483,12.034452752903473
NVDA,S4,dow,1,289,-0.004450411021350091,-0.25224329205869217,0.00034795404387366613,0.49480968858131485,-0.8735762024671782
NVDA,S4,dow,2,287,0.007333687552257991,0.2185716457618671,0.0004459543442733027,0.5505226480836237,3.4343065216579616
NVDA,S4,dow,3,281,0.020645454092897204,1.4219927787417297,0.0089017391192997,0.5231316725978647,5.355158399937599
NVDA,S4,dow,4,275,0.023657947645166863,0.9992322716176125,0.005482287151584053,0.5709090909090909,3.8714734070601207
NVDA,S4,opex,False,1326,0.017309198850562372,1.743808423958093,0.003640758813995393,0.530920060331825,4.367689149351421
NVDA,S4,opex,True,65,0.044238655095072923,0.8353048507361687,0.02453003125509834,0.6615384615384615,9.661609192135904
NVDA,S4,month_end,False,1324,0.013001961911578264,1.42944281947768,0.002165318313014697,0.5332326283987915,3.342335734468533
NVDA,S4,month_end,True,67,0.16857712580744244,2.700731471784216,0.15825239724077467,0.6119402985074627,29.765789508843003
NVDA,S4,quarter_end,False,1369,0.018995708220392142,2.046896864747579,0.0044567031723405925,0.5361577794010226,4.471480826074509
NVDA,S4,quarter_end,True,22,,,,,
NVDA,S4,absx_quintile,q1,279,0.27215543932277275,1.770527316086301,0.013981301690394576,0.5376344086021505,11.520590419141449
NVDA,S4,absx_quintile,q2,278,0.01445282627948894,0.362365292528777,0.0004985662737096996,0.5323741007194245,0.8654776983303821
NVDA,S4,absx_quintile,q3,278,-0.0018306391879405086,-0.08551224861753716,2.5673924622604538e-05,0.5071942446043165,-0.740319008179446
NVDA,S4,absx_quintile,q4,278,0.010275078238008724,0.5545384416742062,0.001063634023810489,0.5179856115107914,3.0218871728791354
NVDA,S4,absx_quintile,q5,278,0.02272243141115325,1.9056435898491102,0.012530115006615161,0.5899280575539568,8.382866664266167
NVDA,S4,vol_spike,False,1190,0.011672356859049018,1.0071889717246694,0.0015010036641874835,0.5403361344537815,4.245908056086832
NVDA,S4,vol_spike,True,201,0.04020427909073477,2.2087200355506322,0.027188220509031358,0.5174129353233831,6.800645884504913
NVDA,S5,rv20,rv_lo,464,0.02127600851194568,1.5906601969538867,0.007546185508828018,0.49353448275862066,1.985360695969569
NVDA,S5,rv20,rv_mid,463,0.02843619105122505,2.10837377561006,0.011359124279268773,0.5615550755939525,7.232446534078215
NVDA,S5,rv20,rv_hi,464,0.0055456278515726674,0.34477101658558534,0.00027747237217690124,0.521551724137931,-1.0407041257359329
NVDA,S5,ts_inverted,False,875,0.033218892447184345,3.098130176426662,0.01637313704865362,0.5222857142857142,4.222100754583631
NVDA,S5,ts_inverted,True,516,-0.0022625293423057485,-0.14426808644528724,4.633414444599193e-05,0.5310077519379846,0.17946750698826264
NVDA,S5,dow,0,259,0.04553762695466427,2.39403215572741,0.01995187856620484,0.5328185328185329,8.68841353139962
NVDA,S5,dow,1,289,-0.0033529366464874998,-0.1753012393709255,0.00018628639349405063,0.5086505190311419,-0.6439601421756753
NVDA,S5,dow,2,287,0.0053060119553665535,0.16336662474722566,0.0001999295900154685,0.5296167247386759,0.41891482252343026
NVDA,S5,dow,3,281,0.01860545038660098,1.3200604224178771,0.006852042992666951,0.498220640569395,1.8676426210725148
NVDA,S5,dow,4,275,0.020540908790824586,0.8387353148706708,0.004037016473549371,0.56,3.9189550535901394
NVDA,S5,opex,False,1326,0.014383281784695244,1.539482828590423,0.0023399695066158577,0.5180995475113123,1.9978779114259273
NVDA,S5,opex,True,65,0.04525991857662375,0.7358711716499129,0.025297530910736166,0.676923076923077,17.503958204859096
NVDA,S5,month_end,False,1324,0.009403246037510922,1.0682845816392372,0.0010547381928202038,0.5234138972809668,1.916759393130975
NVDA,S5,month_end,True,67,0.17868795408487706,2.567248022959324,0.17917044271626903,0.5671641791044776,18.644088915838953
NVDA,S5,quarter_end,False,1369,0.016101156932429635,1.8046994723814838,0.00299134147048441,0.5259313367421475,2.8398443554802375
NVDA,S5,quarter_end,True,22,,,,,
NVDA,S5,absx_quintile,q1,279,-0.13791971544274248,-1.0161916966617237,0.0033689021175358214,0.4767025089605735,-0.713125706597775
NVDA,S5,absx_quintile,q2,278,0.04873024623259381,1.1266347775665397,0.004966226408992913,0.5143884892086331,3.6532331531792055
NVDA,S5,absx_quintile,q3,278,0.04020031555175427,1.7993527225040802,0.010405316360405759,0.5467625899280576,5.8148168499681265
NVDA,S5,absx_quintile,q4,278,0.007686551774260999,0.3274721407315363,0.0005152012791819205,0.5287769784172662,1.722754990035542
NVDA,S5,absx_quintile,q5,278,0.016168254848151774,1.514272909899807,0.006267469664795744,0.5611510791366906,3.1469844528869095
NVDA,S5,vol_spike,False,1190,0.005524169988259855,0.5221530562193343,0.000311268868968928,0.5285714285714286,1.9657481233271916
NVDA,S5,vol_spike,True,201,0.04639057262245234,2.3069759869414512,0.034653930576388214,0.5074626865671642,7.20250311993663
NVDA,S6,rv20,rv_lo,464,0.004019615405395136,0.34510131950499634,0.0005613321671228411,0.5043103448275862,0.9190771659294353
NVDA,S6,rv20,rv_mid,463,0.027139513658004686,2.4094130348612746,0.016448124345751824,0.5701943844492441,9.182570261104688
NVDA,S6,rv20,rv_hi,464,0.006121961761665381,0.3475182119012013,0.0005987312524772248,0.5517241379310345,2.8967527295302107
NVDA,S6,ts_inverted,False,875,0.018240612193371305,2.437843130439143,0.008470727918490462,0.5462857142857143,4.858666095301662
NVDA,S6,ts_inverted,True,516,0.004291959243290531,0.24921561998995226,0.0003092983642214442,0.5348837209302325,3.431671063945333
NVDA,S6,dow,0,259,0.04614488135314519,1.2172763089802054,0.039865111844954226,0.528957528957529,8.75418055592665
NVDA,S6,dow,1,289,0.015897920546052685,1.2455343787595976,0.006463506822086074,0.5467128027681661,1.7772243390649678
NVDA,S6,dow,2,287,-0.023524473231093582,-0.6411102514790379,0.00821687743894306,0.5888501742160279,2.03986245294851
NVDA,S6,dow,3,281,0.006557713659104008,0.45456761549321056,0.0016996600035440457,0.5088967971530249,3.4693122406728008
NVDA,S6,dow,4,275,0.0241573828380306,1.3999010675739096,0.007723638554945955,0.5345454545454545,6.112026330126141
NVDA,S6,opex,False,1326,0.01084805477974731,1.1197197830778978,0.002413533591213768,0.5384615384615384,4.249340604554499
NVDA,S6,opex,True,65,0.018583726360447285,0.5672924365697335,0.005195296872053556,0.6153846153846154,5.960760934545869
NVDA,S6,month_end,False,1324,0.009568063256681846,1.000498037223354,0.0019537946533390027,0.5438066465256798,4.296311253767278
NVDA,S6,month_end,True,67,0.0643262997833125,1.9435389840901693,0.036763440601791375,0.5074626865671642,4.981477647714486
NVDA,S6,quarter_end,False,1369,0.012152074277485542,1.2943293679739165,0.0030378645647211044,0.5463842220598978,5.0282703741394394
NVDA,S6,quarter_end,True,22,,,,,
NVDA,S6,absx_quintile,q1,279,-0.00884955253935181,-0.10975160266255907,4.089573342280772e-05,0.5448028673835126,1.0524541936637868
NVDA,S6,absx_quintile,q2,278,0.053605662635331314,1.2399975048122014,0.009396075552453809,0.5323741007194245,6.465136259430716
NVDA,S6,absx_quintile,q3,278,-0.01071316553387203,-0.5448570039039095,0.0010703355791280567,0.5143884892086331,-2.34031832900781
NVDA,S6,absx_quintile,q4,278,0.025903423830025397,2.30187045323386,0.012622827830257255,0.564748201438849,7.852349063837962
NVDA,S6,absx_quintile,q5,278,0.00791938491091525,0.6489277817674355,0.0021520261357994563,0.5539568345323741,8.628733661683556
NVDA,S6,vol_spike,False,1190,0.014081574624353011,1.0873189951579616,0.0033556862995225423,0.5411764705882353,3.872356717604842
NVDA,S6,vol_spike,True,201,0.0067279526961391695,0.5206244944304249,0.001513275100946121,0.5472636815920398,7.034679643955147
NVDA,S7,rv20,rv_lo,464,0.01196237624104314,0.8405491055932579,0.0025839981960120717,0.5387931034482759,5.470251574283644
NVDA,S7,rv20,rv_mid,463,0.03635278350105495,2.5861751389758014,0.0155483774246572,0.5248380129589633,11.128202350119796
NVDA,S7,rv20,rv_hi,464,0.017469652484405494,0.793778925723949,0.0032451529379743382,0.5603448275862069,6.400983088588742
NVDA,S7,ts_inverted,False,875,0.029146982546066395,2.4493118515948353,0.011904098457197532,0.5542857142857143,9.429602345273189
NVDA,S7,ts_inverted,True,516,0.012764776026515365,0.6199334205360217,0.001759286865141596,0.5193798449612403,4.669977751093437
NVDA,S7,dow,0,259,0.046043213001530754,1.1444350467668092,0.023206344630425813,0.5173745173745173,8.935716410420811
NVDA,S7,dow,1,289,0.028299675373683168,1.9316414645554545,0.012833348658798815,0.5536332179930796,3.39455154221468
NVDA,S7,dow,2,287,0.0010230517911012746,0.03316670526630576,9.234023582438411e-06,0.5714285714285714,8.073441057237323
NVDA,S7,dow,3,281,0.01966711170504412,1.0170241512024762,0.007785977389961007,0.5373665480427047,10.496011476219959
NVDA,S7,dow,4,275,0.020825580553478516,1.0385216721756174,0.004019184536095732,0.5236363636363637,7.631919336124726
NVDA,S7,opex,False,1326,0.021067748698164197,1.7410870377751169,0.005464426875971817,0.5392156862745098,7.598267152911149
NVDA,S7,opex,True,65,0.020883521072080056,0.47069841167381915,0.004152600057833911,0.5846153846153846,9.0047434910472
NVDA,S7,month_end,False,1324,0.021093770122885998,1.7600087201911216,0.005570558610176524,0.547583081570997,8.148409909001538
NVDA,S7,month_end,True,67,0.025392603218466942,0.4596402748523183,0.005078269785098621,0.417910447761194,-1.9087186244743726
NVDA,S7,quarter_end,False,1369,0.02196933561261417,1.8406340369760381,0.005932102255928884,0.5463842220598978,8.476576915535386
NVDA,S7,quarter_end,True,22,,,,,
NVDA,S7,absx_quintile,q1,279,0.29865017245088227,2.262603359802092,0.022283737285760052,0.5806451612903226,11.642436989549443
NVDA,S7,absx_quintile,q2,278,-0.00967423782772929,-0.23177685947978793,0.0001772661720573776,0.4784172661870504,-1.3589486943556723
NVDA,S7,absx_quintile,q3,278,0.05419235613716266,1.9991238580310298,0.014513056087913423,0.5539568345323741,9.758083166807141
NVDA,S7,absx_quintile,q4,278,0.02603071633924565,1.427412309490003,0.008334527306663175,0.5323741007194245,7.5360610558765035
NVDA,S7,absx_quintile,q5,278,0.016397198465983885,1.0925129721876745,0.00604285849203845,0.5611510791366906,10.728008254384108
NVDA,S7,vol_spike,False,1190,0.030621130790993174,1.9105933297887543,0.009055772270452511,0.5487394957983194,8.586995220192811
NVDA,S7,vol_spike,True,201,0.0027597875987807295,0.16218847323448246,0.0001862526958912314,0.4975124378109453,2.199434127606001
