sym,spec,year,share,n,b,t,r2,hit,signed_bp
QQQ,S1,2016,0.004435035913401555,249,0.0018717560428901775,0.05579842138693977,4.484217396416579e-05,0.5421686746987951,-0.08090396322976756
QQQ,S1,2017,-0.018607151635445414,249,-0.021318870853682854,-0.8459857072153091,0.004961455357875066,0.46987951807228917,-0.5629531900082068
QQQ,S1,2018,0.014756040570529027,246,0.006047702236552305,0.1597548232209361,0.00017043092788138203,0.5365853658536586,2.275477065506482
QQQ,S1,2019,-0.020812409442622363,247,-0.007694975231454437,-0.4203401781324641,0.0008669742044639106,0.5182186234817814,-0.09669851403882891
QQQ,S1,2020,1.400132538680593,251,0.14198567228239492,1.8148160831663893,0.06699191237283852,0.5258964143426295,5.790031814330256
QQQ,S1,2021,-0.169479130929034,251,-0.061265280259111335,-2.146545942770575,0.03236659182721058,0.4581673306772908,-3.3329930203484803
QQQ,S1,2022,-0.06363499027227072,250,-0.007912292282074159,-0.3374386387549931,0.0005836934434918506,0.476,-3.2785022299054534
QQQ,S1,2023,-0.002471233075701769,248,-0.0011003542046410502,-0.05287549512948749,9.726913501317824e-06,0.4838709677419355,-1.3447883515795953
QQQ,S1,2024,-0.024688730619806587,249,-0.008005999882174432,-0.35824686565784425,0.0005346796007885679,0.4899598393574297,-0.15383185312682873
QQQ,S1,2025,-0.11962996918964282,143,-0.03172962506841746,-0.8928980949799874,0.010191077089037992,0.4755244755244755,-2.737818713248578
QQQ,S2,2016,-0.06522103578462256,249,-0.04711637279675131,-1.0737859705868833,0.01194823620174712,0.4939759036144578,-1.2309359546237535
QQQ,S2,2017,0.003926846594346619,249,0.00799264070261099,0.27079632626108574,0.0004001245087056349,0.5261044176706827,0.907392209557986
QQQ,S2,2018,0.024417486415592007,246,0.015790931751490322,0.26720475705318536,0.0006656844738094359,0.4715447154471545,1.2932878985352034
QQQ,S2,2019,-0.023169089809644598,247,-0.015814825778968308,-0.667515985971065,0.0024857036968718438,0.48582995951417,-1.3310635200283132
QQQ,S2,2020,1.0632976697999554,251,0.19218755916167568,1.9839428302826005,0.1015465780567365,0.545816733067729,8.451744005853916
QQQ,S2,2021,-0.15285354738832901,251,-0.09785425588930742,-2.81324152935883,0.0406578505652927,0.4103585657370518,-5.632017568357522
QQQ,S2,2022,0.1476981047254699,250,0.033036492371781,1.015491118554494,0.0044190744020313755,0.532,1.2672510561036443
QQQ,S2,2023,0.09963544566947106,248,0.07006534353773433,2.811140684168649,0.02428139088065162,0.5443548387096774,2.713448757755967
QQQ,S2,2024,-0.03500433645125549,249,-0.020331182740958645,-0.6298087845976629,0.002337203882840422,0.5020080321285141,0.46234083010989396
QQQ,S2,2025,-0.06272754377098329,143,-0.030419401660299977,-0.7201742171551092,0.005725823770700744,0.5034965034965035,-0.5430434096665969
QQQ,S3,2016,-0.018186996090643216,249,-0.010399375143914716,-0.3157138078314218,0.0006923172706362335,0.4939759036144578,0.007691575652223333
QQQ,S3,2017,-0.010497105822638401,249,-0.014510463446174782,-0.38281303494571384,0.0018981981969294903,0.42971887550200805,-1.6992214973476647
QQQ,S3,2018,0.40560653834156285,246,0.13088069613729256,3.423110421137818,0.08222139142109774,0.5365853658536586,5.604972276642027
QQQ,S3,2019,-0.049520698086043306,247,-0.03342177695618272,-1.3609306384593511,0.010454417751181388,0.47368421052631576,-1.4085162491441923
QQQ,S3,2020,-0.15237174686521068,251,-0.037382100014467845,-0.49411147510095416,0.0028115750081610935,0.5099601593625498,1.2126377917724425
QQQ,S3,2021,0.039907270965834345,251,0.022282516809100365,0.6618127298220585,0.00266907422348428,0.5219123505976095,3.338176965866417
QQQ,S3,2022,0.3858289889052694,250,0.06235599768987666,1.8958092961984587,0.020765737495166414,0.596,8.032121493645805
QQQ,S3,2023,0.11759197293857146,248,0.05846909937236337,2.580650458050427,0.02451596572053838,0.5483870967741935,4.186020957403144
QQQ,S3,2024,-0.0397152560230411,249,-0.02081917160024576,-0.6889395625441842,0.0028316932875049883,0.5020080321285141,-1.212774241274335
QQQ,S3,2025,0.32135703173633867,143,0.12052199048930236,1.5562004514844088,0.11683140359790078,0.5384615384615384,2.7816804668189588
QQQ,S4,2016,-0.001553153936366114,249,-0.00036104372369617283,-0.017088298420458115,2.127076900171332e-06,0.5220883534136547,0.8343621960851085
QQQ,S4,2017,0.008550618785694936,249,0.004593595935797138,0.1977953425197739,0.0003350971235207556,0.4457831325301205,-0.27737685702248227
QQQ,S4,2018,0.6674153503386977,246,0.07135113717470724,2.1878642867130194,0.05031611992465046,0.524390243902439,5.233552719330938
QQQ,S4,2019,-0.04178515044602873,247,-0.01130184132969328,-0.47422400048710917,0.0017431675153583015,0.4939271255060729,-1.1422333210166995
QQQ,S4,2020,-0.2968998950370744,251,-0.027072345740489015,-0.49761927498025627,0.0019053223663281216,0.4940239043824701,-3.367885092780655
QQQ,S4,2021,-0.04636314750597577,251,-0.007398899136543741,-0.3736034412725625,0.0006904695479368339,0.5059760956175299,0.5710375070751024
QQQ,S4,2022,0.7144481861608994,250,0.03884639027906771,1.8244575637562004,0.021199853098213706,0.568,7.360988127639083
QQQ,S4,2023,-0.03871942854469413,248,-0.0063796270815584845,-0.42185169277611506,0.0005620377668729137,0.49193548387096775,-0.588847426847498
QQQ,S4,2024,-0.08337393456351554,249,-0.016388171848617364,-0.717463296974472,0.002696740456613611,0.4979919678714859,-2.124643279508578
QQQ,S4,2025,0.11828055474836259,143,0.013857078291450392,0.3984175516755443,0.0032032235632957207,0.42657342657342656,-1.7991975107666824
QQQ,S5,2016,0.03653041313244646,249,0.005431490641039983,0.26631423290012957,0.0004491142315760088,0.4899598393574297,0.23240774254928365
QQQ,S5,2017,0.013982153235555975,249,0.004677638912417452,0.21522671101530028,0.0003437941593338323,0.40963855421686746,-1.121326282221465
QQQ,S5,2018,0.962145424580523,246,0.07275563894625033,2.0642367439696145,0.044348776296275316,0.5447154471544715,4.509400324327164
QQQ,S5,2019,-0.04857897385353733,247,-0.00775680145575998,-0.3263303923765962,0.0008296163772053555,0.4979757085020243,-0.8990060024588307
QQQ,S5,2020,-0.5110653432577457,251,-0.030159694158373256,-0.47107853029148716,0.0022120489385486497,0.5219123505976095,0.5597506388179632
QQQ,S5,2021,-0.18285811563374701,251,-0.020863135619944483,-1.0368599729391583,0.004751978554731973,0.5099601593625498,-0.256175319200628
QQQ,S5,2022,0.6517949786160708,250,0.02417459752650756,1.0351215735562365,0.007186974731667406,0.544,2.8510027350282425
QQQ,S5,2023,-0.027621904027624843,248,-0.0034752167322015005,-0.2232499229208671,0.0001406704823286864,0.5040322580645161,0.707822519858251
QQQ,S5,2024,-0.1637167180159083,249,-0.020003541620400776,-0.8612606366734447,0.0038567745708085743,0.5020080321285141,-0.9224410328993051
QQQ,S5,2025,0.26938808522396684,143,0.02337438516740446,0.5689212888005437,0.00718887544265423,0.4195804195804196,-2.2584319908432384
QQQ,S6,2016,0.005204574711963485,249,0.001971867067925212,0.13176262487695375,0.00010193377895273414,0.5060240963855421,0.03288387412757159
QQQ,S6,2017,-0.0026770451540005765,249,-0.0027316380004896203,-0.1520184238645666,0.00018446278768502467,0.46586345381526106,-0.49702862258707514
QQQ,S6,2018,0.23939695807116693,246,0.050886443536052685,1.6382441708488034,0.03415019816194531,0.540650406504065,3.7454349576650956
QQQ,S6,2019,-0.02136962552022177,247,-0.008050664228930153,-0.495134294458811,0.001681364103851668,0.5060728744939271,0.0023922002337013735
QQQ,S6,2020,0.7076645476405558,251,0.06322843154348493,1.33089612301814,0.027544974683986312,0.5179282868525896,5.729858977460013
QQQ,S6,2021,-0.07704307321716741,251,-0.021093783404027275,-1.2284882249601352,0.009084091129642147,0.5219123505976095,1.2857503890382256
QQQ,S6,2022,0.2545880865823695,250,0.024743280992937336,1.5684255808065206,0.012623960533151846,0.56,5.008163041374352
QQQ,S6,2023,-0.010099988450766548,248,-0.003250019266065859,-0.24728749170147374,0.00020052950086779653,0.4717741935483871,-0.10950822969879234
QQQ,S6,2024,-0.04026563776879313,249,-0.011889067204799325,-0.7976787618313358,0.002418381349060472,0.4939759036144578,-2.256814733493266
QQQ,S6,2025,-0.05539879689510619,143,-0.011599605494010854,-0.3397332344324983,0.003157601184539449,0.42657342657342656,-6.170415694356742
QQQ,S7,2016,-0.026999468675989964,249,-0.01925975034086464,-0.6762501034288633,0.004047531388086001,0.4979919678714859,-1.6520762285760628
QQQ,S7,2017,-0.0029769892188999496,249,-0.006443782386847371,-0.22198763944687327,0.0005747692527809933,0.4979919678714859,-0.3060606863196932
QQQ,S7,2018,0.16931619304635717,246,0.08032729684488661,2.1117313081169478,0.04394431360602469,0.5203252032520326,5.4717823722010035
QQQ,S7,2019,-0.025294745221690375,247,-0.019113159359700798,-0.9620556198906716,0.0064592639063280055,0.46963562753036436,-1.683759034821386
QQQ,S7,2020,0.5205938870634178,251,0.10299767461508164,1.9455869917641402,0.055145819917368,0.5338645418326693,8.3743767341779
QQQ,S7,2021,-0.0367976668835046,251,-0.020439660939140857,-0.8768627433885252,0.003977426854249955,0.47410358565737054,1.2312351922483167
QQQ,S7,2022,0.25344912285894167,250,0.05822138505202939,2.4132765374304164,0.02679237570620685,0.596,7.600076623481726
QQQ,S7,2023,0.10244103388309866,248,0.07653741786408111,4.106869801335584,0.05702479468544197,0.5483870967741935,6.33214259627139
QQQ,S7,2024,-0.03970176546175297,249,-0.023632773940233377,-0.888770960216707,0.006448441857442755,0.5060240963855421,-1.0720031120125202
QQQ,S7,2025,0.0859703986100225,143,0.04344247093211972,0.6137402750388045,0.023459852163612904,0.4965034965034965,-1.385250337304121
IWM,S1,2016,0.9216064629999442,249,0.05598233919052068,1.984414524213626,0.03528379087460565,0.5421686746987951,2.172260752171215
IWM,S1,2017,-0.03473939445268468,249,-0.004670524730121305,-0.23188954947888224,0.00018730362407259893,0.4939759036144578,-0.43315526733417076
IWM,S1,2018,-0.21575193909490598,246,-0.02378992244758073,-0.4606957365722727,0.0021400812858999307,0.46747967479674796,0.013535450059723836
IWM,S1,2019,-0.20844816311503941,247,-0.015055981940252521,-0.637362713626295,0.0026988101952939436,0.5020242914979757,-0.6253927612176065
IWM,S1,2020,3.7434085255706555,249,0.033972762705733496,0.8740237664690008,0.008510732070071358,0.4538152610441767,-1.1457062355024348
IWM,S1,2021,-0.903840704239097,251,-0.03623894543599726,-1.5864695921127725,0.011849878872032371,0.41832669322709165,-5.124328230849829
IWM,S1,2022,-2.1078934989385525,249,-0.0452777093130885,-2.376737927938203,0.02090583438203575,0.46586345381526106,-5.595094135134686
IWM,S1,2023,0.156137694750361,248,0.007044598926530627,0.5035854790077368,0.0006307613101568244,0.47580645161290325,0.6307516162390358
IWM,S1,2024,-0.34401067874090113,249,-0.012139563019184434,-0.7560379958527371,0.0021026294245173327,0.5140562248995983,-0.9284092308266507
IWM,S1,2025,-0.006468304739780518,143,0.002281520723198583,0.08850235540964752,7.824730396877033e-05,0.5174825174825175,0.9693652092700168
IWM,S2,2016,0.04824145928003365,249,0.01600943671056549,0.49167090855723017,0.0014784170137741581,0.5542168674698795,2.6464953435938394
IWM,S2,2017,0.0028265157420963058,249,0.002176378254112455,0.08435539029332875,2.4344852824653707e-05,0.4939759036144578,0.049491776707359644
IWM,S2,2018,-0.045898086330431846,246,-0.026044363024915702,-0.35482991400222447,0.001358604927095164,0.516260162601626,1.6883563889301072
IWM,S2,2019,0.017062610306561383,247,0.005941445502085983,0.19393310399815328,0.00026233899445859965,0.4979757085020243,0.316354691354095
IWM,S2,2020,1.653626698950832,249,0.07837286316699879,1.445577574668065,0.0417192341630398,0.4819277108433735,0.7265748783658222
IWM,S2,2021,-0.3667092045605185,251,-0.07828027141071725,-2.319022756861108,0.027078379226600613,0.43824701195219123,-6.537083026371976
IWM,S2,2022,-0.28457038487175856,249,-0.03098272537441073,-1.0722298900218121,0.004264044835160186,0.5180722891566265,-4.992663110717759
IWM,S2,2023,0.10722113189462507,248,0.024190052963488633,1.0014145446776261,0.004187273555290361,0.5403225806451613,2.4805363380655816
IWM,S2,2024,-0.118557898770334,249,-0.021480376612894488,-0.8843472215989371,0.003199855655891981,0.4899598393574297,-0.6135027312939076
IWM,S2,2025,-0.013242841641105476,143,0.00042684471755174275,0.014942102002215003,1.8034671379618672e-06,0.5524475524475524,1.7272919137987588
IWM,S3,2016,0.10569215961437478,249,0.017362918628806834,0.5464193409588903,0.002268286237189443,0.5220883534136547,1.2182642841384792
IWM,S3,2017,0.06542594576284688,249,0.026218467963429887,0.9426083357862973,0.00518298960727559,0.4979919678714859,0.14386982565898224
IWM,S3,2018,0.3319075499982489,246,0.0540453454802171,1.564574004264747,0.01640942753629604,0.5447154471544715,2.678229095930989
IWM,S3,2019,0.03624291080085332,247,0.008209584169673241,0.30507662839038685,0.0006218185090053341,0.5101214574898786,0.09965303941329139
IWM,S3,2020,-0.58475336106172,249,-0.041994407993499704,-0.95040482669353,0.006358513026770929,0.5341365461847389,-0.1626039221951655
IWM,S3,2021,0.33005093837696947,251,0.042515140245333975,1.384170252708637,0.011061181871471204,0.4860557768924303,2.842718198575662
IWM,S3,2022,0.43444246008509696,249,0.03548707485182611,1.0649649901980653,0.006588218525571121,0.570281124497992,3.0794411367389003
IWM,S3,2023,-0.0026605312834015278,248,0.00046171637359226567,0.01856486999727911,1.8842002282859482e-06,0.5120967741935484,0.8983840361355098
IWM,S3,2024,-0.12072892962304223,249,-0.020137433834616962,-0.48568431818412133,0.0026363845625327897,0.4899598393574297,-0.848557126515234
IWM,S3,2025,0.4043808573297735,143,0.06195238629444191,1.2414148546670516,0.04633867204644193,0.5804195804195804,1.860746408622618
IWM,S4,2016,-0.13459445353936197,249,0.027937798197251305,1.3817758064260586,0.011967370810480493,0.5421686746987951,3.2963284797699077
IWM,S4,2017,-0.01928942096391929,249,0.008082745799939882,0.3148112276310445,0.0008954512073243714,0.4779116465863454,-0.810661204651936
IWM,S4,2018,-0.21554572990499396,246,0.036833215174637925,1.6314858680064612,0.01593813033050817,0.5,3.4300035739996897
IWM,S4,2019,0.00836876169099648,247,-0.002512660182460891,-0.14010201008687972,9.913666773730956e-05,0.4939271255060729,-0.7379943946134508
IWM,S4,2020,1.3752326171325395,249,-0.09902688139227701,-1.672424812041462,0.04480901024134021,0.5140562248995983,-2.888066541585894
IWM,S4,2021,-0.16805522405865092,251,0.02242216725884472,1.258947810248031,0.007022533668895159,0.4820717131474104,1.3043253936325807
IWM,S4,2022,-0.22996325053821004,249,0.01955879368778181,0.8070482182222962,0.005212328278800471,0.4979919678714859,1.5715840734477924
IWM,S4,2023,0.041326445607494336,248,-0.0060112700335546365,-0.3428386394667103,0.0006031281034064584,0.4717741935483871,-0.21626598212151357
IWM,S4,2024,0.10565125294071556,249,-0.018843823739876694,-0.7820752838217502,0.005126632326446057,0.46184738955823296,-2.712085524973094
IWM,S4,2025,0.2368690016333902,143,-0.034428572451013696,-1.7786085456726701,0.0271695747204469,0.5034965034965035,-4.178834135599431
IWM,S5,2016,-0.1831818859161779,249,0.03561930524470132,2.0378906549195683,0.018631661900582297,0.5381526104417671,2.802099959201728
IWM,S5,2017,-0.020763053668221534,249,0.008581324869579736,0.33381216266664254,0.0009275788439387922,0.46586345381526106,-0.9430737108843449
IWM,S5,2018,-0.1848174016199321,246,0.030533441759541334,1.1372908942744926,0.009887963847548198,0.4796747967479675,1.74213102149844
IWM,S5,2019,0.0037475862854182158,247,-0.0011773813316135532,-0.062042936356421136,2.0489491210695654e-05,0.5020242914979757,0.0035196064152976047
IWM,S5,2020,1.1256401408105359,249,-0.083404934951411,-1.5465672663709378,0.02723055045060163,0.5220883534136547,-3.5465325983065825
IWM,S5,2021,-0.14658678938459524,251,0.019468849317456346,0.993647326164733,0.004736304951331927,0.5059760956175299,1.7657725014237586
IWM,S5,2022,-0.016629202879616424,249,0.0022801812531561966,0.09345466424849165,6.244280681932945e-05,0.5020080321285141,-1.288269593240069
IWM,S5,2023,0.06290268277523121,248,-0.008695287822646374,-0.4730930734791962,0.0011869686010452796,0.47580645161290325,0.015894880359269524
IWM,S5,2024,0.17492654617256395,249,-0.029386596699066722,-1.1961684673623256,0.011550721625690152,0.4497991967871486,-2.6567505254563004
IWM,S5,2025,0.18476137742479404,143,-0.029518944645756422,-1.42114748021904,0.015976487156371122,0.5244755244755245,-2.4792697488129622
IWM,S6,2016,-0.4608953816536584,249,0.0272175878189451,1.7881873930729912,0.017437187125058373,0.5542168674698795,3.11384385059773
IWM,S6,2017,-0.007243251995269788,249,0.0009467922216489967,0.044505977698482475,1.6238871844320713e-05,0.5020080321285141,-0.4646769716708962
IWM,S6,2018,-0.4048432353876269,246,0.025954386691477264,0.881707258726771,0.008759295690517144,0.46747967479674796,1.5489191992403288
IWM,S6,2019,0.08727835843984934,247,-0.006553884694491419,-0.42866416652681993,0.0010525408145333204,0.4939271255060729,-0.5067690563955127
IWM,S6,2020,1.012388731597215,249,-0.011635410882405182,-0.3785031185468381,0.001659773697827438,0.4899598393574297,2.837964562773496
IWM,S6,2021,-0.18888983811477825,251,0.009146007103256961,0.541637655396655,0.0016464781532009587,0.49800796812749004,1.5948425399925403
IWM,S6,2022,-0.029800365839663792,249,0.002130030849915898,0.1354245668821176,8.985172464359703e-05,0.5301204819277109,3.5537002347390856
IWM,S6,2023,-0.13363999337676416,248,0.006485857546861161,0.5093280129668438,0.0010048617193787468,0.47580645161290325,0.416505071815402
IWM,S6,2024,0.38870078098156174,249,-0.01606953745548858,-1.1260353045554583,0.006679916947782583,0.4939759036144578,-1.6644932098603498
IWM,S6,2025,0.7369441953491349,143,-0.034394168408192954,-2.018911043900061,0.03484849492489184,0.4755244755244755,-6.483689209769204
IWM,S7,2016,0.035534918479523434,249,0.009528639023024223,0.40839883229060786,0.0010887394691624364,0.5461847389558233,2.48489214289281
IWM,S7,2017,0.031280523569174615,249,0.02167375847271518,0.9879066894356618,0.004709293688170302,0.46987951807228917,0.4163665280059199
IWM,S7,2018,0.1031876932156516,246,0.033592157661300935,0.7577604870820418,0.007176519877072907,0.532520325203252,3.1916309135891585
IWM,S7,2019,0.022080063999579434,247,0.007310509677072254,0.3103166804886359,0.0007754146072563861,0.47368421052631576,0.6237738625507165
IWM,S7,2020,0.6328567207952451,249,0.03720933297570094,0.9741246126637054,0.014196057436327125,0.4899598393574297,3.0195606170135476
IWM,S7,2021,-0.012301789398857465,251,-0.0002580870053884058,-0.010481580542460909,6.20118205785225e-07,0.46613545816733065,-1.4406056114485357
IWM,S7,2022,0.14209657693950575,249,0.01936333135682359,0.8535207465025434,0.002922752078386215,0.5783132530120482,3.369056115795915
IWM,S7,2023,0.09596555139950319,248,0.022825434831007886,1.1041414163008063,0.00656774349574929,0.5161290322580645,1.2778126581324125
IWM,S7,2024,-0.13690590938693106,249,-0.026904929049960086,-0.978085060524314,0.008911392383956107,0.4819277108433735,-1.182759089259411
IWM,S7,2025,0.08620565038760515,143,0.02314570938074359,0.6504431956023551,0.009018590565256224,0.5664335664335665,1.7902919055918802
XLK,S1,2016,0.006946633471028264,249,0.005291879430788253,0.1830559530971707,0.0003490845949630783,0.46586345381526106,-0.1759566464960498
XLK,S1,2017,-0.0022301232413593592,247,-0.003411212916599702,-0.12927878505825,0.0001360984757535766,0.4777327935222672,0.45455959447539324
XLK,S1,2018,0.04192700222609362,246,0.02151618438827583,0.5381695556511353,0.002211612194432,0.5284552845528455,1.9605127084489817
XLK,S1,2019,0.0028876903127453787,246,0.0010591467820790798,0.055114724868699824,1.7260888795500584e-05,0.4959349593495935,-1.1906919500449955
XLK,S1,2020,1.16255748368334,249,0.1521180815355203,1.975008953001025,0.0740465418945887,0.5060240963855421,6.915136228084446
XLK,S1,2021,-0.07620775296313313,251,-0.03929934711681364,-1.2809091398569326,0.012303629685005424,0.46613545816733065,-2.469546351890399
XLK,S1,2022,-0.021065778333739456,249,-0.004270124247119531,-0.16642737375021818,0.00016069891691361526,0.4939759036144578,-1.6422538470037642
XLK,S1,2023,-0.02819854121578846,248,-0.015798109267441372,-0.7905320025517258,0.0020322428100767453,0.4879032258064516,0.1420307974072549
XLK,S1,2024,0.008201660928435082,248,0.0028044351146727297,0.11238531550026161,7.251282891751476e-05,0.4959677419354839,0.589276783645024
XLK,S1,2025,-0.09481827486762215,143,-0.028201080915083852,-0.7810150641477163,0.008560992807942203,0.4755244755244755,-2.5946296812805723
XLK,S2,2016,-0.027511345583188105,249,-0.02915033300605469,-0.718515717039203,0.005144844226459666,0.42971887550200805,-1.5371448068831337
XLK,S2,2017,0.008181743164703393,247,0.02206721019290096,0.7264775091873242,0.0031143548792239573,0.5303643724696356,0.955950009316936
XLK,S2,2018,0.03047824635222415,246,0.02439104675979237,0.38303814377876355,0.0016528636412652675,0.44715447154471544,0.4978917838097322
XLK,S2,2019,0.0011156743494287135,246,-0.000598988548971786,-0.02398901113754524,3.7539754828008753e-06,0.4715447154471545,-1.4934563403540222
XLK,S2,2020,0.9536151679239727,249,0.1961539996794691,2.155379729517233,0.10447409974828559,0.5301204819277109,8.503681866895887
XLK,S2,2021,-0.07907540756509956,251,-0.06400498210660437,-1.8354775062762694,0.017634280021084914,0.4342629482071713,-5.099860625557091
XLK,S2,2022,0.14462530653637595,249,0.041690263693590794,1.2076963704859849,0.007097518300394512,0.5301204819277109,4.161052705114945
XLK,S2,2023,0.06210294581876685,248,0.05406185424541904,2.5285421322543806,0.015375187256848277,0.5443548387096774,4.185178259037942
XLK,S2,2024,-0.04265046929674186,248,-0.023219254653867184,-0.6941960441967083,0.003386788474886049,0.532258064516129,0.5424133065682641
XLK,S2,2025,-0.05088186170044225,143,-0.024507532000563284,-0.5685350749736937,0.0037643926115527027,0.5174825174825175,-0.0536027154934255
XLK,S3,2016,-0.004012844535089418,249,-0.002753962801975292,-0.08638245599497855,5.122972077054033e-05,0.4819277108433735,-0.3740576400815165
XLK,S3,2017,-0.019512981327638863,247,-0.02441355752948169,-0.5838924445809355,0.00517402017929347,0.4979757085020243,-0.6153759308604626
XLK,S3,2018,0.4129247636826761,246,0.13704498032528203,3.4306833163094828,0.08124314341246652,0.516260162601626,5.997974753647086
XLK,S3,2019,-0.03749157625963403,246,-0.022498287720197428,-0.8697758175813625,0.004351781808410782,0.46747967479674796,-1.2096681807965428
XLK,S3,2020,-0.3275865846920232,249,-0.06188960864662528,-0.6065055094607279,0.007698047630536831,0.5301204819277109,-0.24777574161084284
XLK,S3,2021,0.08130570322929485,251,0.03870892011415451,1.2348138420487154,0.007961659198836513,0.5577689243027888,6.392198259395011
XLK,S3,2022,0.3553900366100391,249,0.053911550040029066,1.6224050938821502,0.014857049818559842,0.5863453815261044,6.7864110965848985
XLK,S3,2023,0.11584376253175331,248,0.04987679019794487,2.3629779940583044,0.0185695467228133,0.5483870967741935,3.817747137469675
XLK,S3,2024,-0.03365288712630267,248,-0.011326905873903233,-0.40823482307995307,0.0009227281147378141,0.4717741935483871,-2.0473852682521474
XLK,S3,2025,0.4567926078869248,143,0.1299225205387543,1.6244153561854546,0.12425792704014682,0.5314685314685315,3.8245471661446806
XLK,S4,2016,0.006785495047122463,249,0.001709063245736777,0.08167385387648127,4.339805564745891e-05,0.46987951807228917,0.6329311260501007
XLK,S4,2017,0.027841970934175616,247,0.01531613611577579,0.7163497334666898,0.003632728462257706,0.44534412955465585,0.4785805082074059
XLK,S4,2018,0.7154158403520607,246,0.08106672206703681,2.474440253016009,0.05757121726836567,0.5487804878048781,6.7867461027443
XLK,S4,2019,-0.03139819568972506,246,-0.007575696940390762,-0.303910249598845,0.000731128106490786,0.491869918699187,-0.7988336771070615
XLK,S4,2020,-0.5527616772203385,249,-0.041157990715608696,-0.5291070800817356,0.004148691827538187,0.5140562248995983,-1.260075516013822
XLK,S4,2021,0.08828485775417291,251,0.015124841747221437,0.7237477512362404,0.0025420087288369198,0.5657370517928287,3.108603519999206
XLK,S4,2022,0.6902195153867797,249,0.036936384773718654,1.6947725126050772,0.017006826722628765,0.5461847389558233,4.854604407538088
XLK,S4,2023,-0.17124226246279756,248,-0.024471728183897902,-1.5182227433965645,0.008348197245630185,0.4475806451612903,-2.8931898092001442
XLK,S4,2024,0.0055393916157497475,248,0.0010238070522999238,0.049014983872867755,1.1281486801517637e-05,0.5161290322580645,-2.182682503750992
XLK,S4,2025,0.2213150642827998,143,0.019994678547207156,0.6097904564771173,0.0064708071906312,0.44755244755244755,-1.9535524341288077
XLK,S5,2016,0.06993792500496604,249,0.0115235519025131,0.5703232701496559,0.00184673332690799,0.46987951807228917,0.06026941037016612
XLK,S5,2017,0.03677763987617389,247,0.0117527241335015,0.6168398876791534,0.002192832380147891,0.46963562753036436,0.4109668715707373
XLK,S5,2018,1.06816428413066,246,0.08293225321567095,2.224892765432392,0.051157545018845396,0.5609756097560976,5.485812789982641
XLK,S5,2019,-0.04326591281219937,246,-0.006084443001345634,-0.23908720019310828,0.0004680651361198551,0.4796747967479675,-1.223170992038331
XLK,S5,2020,-0.9753696814194509,249,-0.04403373875907383,-0.5064732871637568,0.004592456426514957,0.5180722891566265,-2.212064014637031
XLK,S5,2021,0.03066342032792393,251,0.004197217767474837,0.19683694645626526,0.00017323549679992833,0.5776892430278885,3.470131546605958
XLK,S5,2022,0.6234847708125545,249,0.02185130159761667,0.9035006362215202,0.005267666288768735,0.5301204819277109,1.5637013611788564
XLK,S5,2023,-0.21903691654172835,248,-0.022416984869423867,-1.328163525887202,0.0058061137025891,0.4798387096774194,-0.32867408836350126
XLK,S5,2024,-0.03518891243961163,248,-0.0024186418414879856,-0.11320840296186328,6.174855877461027e-05,0.532258064516129,-1.1432878113153715
XLK,S5,2025,0.44383338306071174,143,0.02920963139008385,0.7358897187812192,0.010787088690640156,0.4755244755244755,0.2797956642998765
XLK,S6,2016,0.006855605807729407,249,0.004351429826761979,0.3100589406059719,0.00047495055365365246,0.46987951807228917,-0.44838343435927147
XLK,S6,2017,0.007930438907966105,247,0.010789868095173164,0.5975512981889017,0.002779515706756386,0.4817813765182186,0.5134571422398808
XLK,S6,2018,0.18025168337493053,246,0.0592613090020246,1.8573881062959645,0.042400143051961825,0.532520325203252,3.981213277623454
XLK,S6,2019,-0.002160729654002116,246,-0.0011784951256249118,-0.07473620580538308,3.642288164540375e-05,0.5040650406504065,-0.2736160787615628
XLK,S6,2020,0.7323918491738862,249,0.08277083616955867,1.6209305135339527,0.04372329706752687,0.5742971887550201,12.142827394497981
XLK,S6,2021,-0.009934936398080987,251,-0.0030827722200104635,-0.17277624703956798,0.00017439960962495338,0.549800796812749,2.2280996082912585
XLK,S6,2022,0.16737966577321123,249,0.023563048470017122,1.4272088080960579,0.010355596159489333,0.5542168674698795,4.889815916002927
XLK,S6,2023,-0.04559978799425608,248,-0.01929581337505381,-1.435466816373449,0.006949945749494146,0.4637096774193548,-0.9120218549964602
XLK,S6,2024,0.005631221079898363,248,0.0017203916660597823,0.12063800168689542,5.4681670030420904e-05,0.5241935483870968,-1.535715907754592
XLK,S6,2025,-0.04274501007128248,143,-0.009689612210589357,-0.3068603829977216,0.0022931334429976413,0.42657342657342656,-7.842248542945489
XLK,S7,2016,-0.010120066451939486,249,-0.009454867290733852,-0.33849529577259024,0.0010729370230054824,0.46987951807228917,-2.125703868251886
XLK,S7,2017,-0.0023474297558608156,247,-0.006063105067362704,-0.18157342591092027,0.0004787751056647416,0.5101214574898786,-0.5408043652254684
XLK,S7,2018,0.13167208444734327,246,0.07990683789096915,1.8911001211860068,0.04096019530962913,0.516260162601626,6.865948723498285
XLK,S7,2019,-0.009394909695319807,246,-0.0080717425596877,-0.3940117551232985,0.0011568555933062497,0.4878048780487805,-0.7380152218500418
XLK,S7,2020,0.5711853646338751,249,0.11774727088165039,2.146276210554223,0.0693209243173053,0.570281124497992,13.409239168978557
XLK,S7,2021,-0.005632206530161446,251,-0.0023799159980933252,-0.10733583966464949,5.349132922205513e-05,0.5258964143426295,3.156109791956812
XLK,S7,2022,0.1967693632503903,249,0.05478423560429927,2.1801339022628996,0.023002994235081564,0.5903614457831325,7.112167702056273
XLK,S7,2023,0.07680695338406414,248,0.06612227354749409,3.828928857879035,0.04337146678126347,0.5403225806451613,5.960044794982752
XLK,S7,2024,-0.03893110509571588,248,-0.01926914772179945,-0.7396442359144472,0.0047564699913326125,0.5201612903225806,-0.4099608521622489
XLK,S7,2025,0.0899919518133246,143,0.04135814114688374,0.6108903893238039,0.021178019506535195,0.5034965034965035,-1.5414617497073673
SOXX,S1,2016,-0.20186916494568388,249,0.007054751301765928,0.42568443289220315,0.0011088951320016305,0.46586345381526106,0.5107292031022658
SOXX,S1,2017,0.22535798065707363,247,-0.014324341451924023,-0.7177128670644249,0.003534557094706625,0.48582995951417,-0.08380675784446759
SOXX,S1,2018,-1.10446665829757,243,0.03299136919116201,0.9860635793672133,0.009779035933216496,0.4897119341563786,1.8491418188379987
SOXX,S1,2019,0.2101719423220161,247,-0.0028490366051060418,-0.2933136936042801,0.0002564281135422064,0.48582995951417,-0.03139667768234726
SOXX,S1,2020,-3.941106619451403,248,0.04612130366891573,1.0146045849534122,0.009606078617916847,0.5241935483870968,1.5204725660257936
SOXX,S1,2021,0.6224307239403621,250,-0.015788984828377067,-0.7515697120871087,0.0028297989793101275,0.496,-0.007999687277204792
SOXX,S1,2022,2.8378631973226565,250,-0.03179980445676789,-1.7288782438544008,0.010128663412218963,0.484,-5.8991730242718
SOXX,S1,2023,1.0986915154288157,247,-0.02684572864290838,-1.3296495779468693,0.00810073012876611,0.46153846153846156,-3.2353504480468414
SOXX,S1,2024,-1.401737573934971,247,0.02297357768495179,0.9038706324150735,0.005911536930108041,0.5020242914979757,-0.0856979896028333
SOXX,S1,2025,2.654664656958704,143,-0.04601175448806263,-1.1429710422980777,0.020125996104420674,0.36363636363636365,-8.578220572652073
SOXX,S2,2016,-0.00811532118699648,249,-0.00296761024014634,-0.11641842409962777,0.00010132227709813701,0.5220883534136547,-1.3033812071338955
SOXX,S2,2017,0.05032477551023936,247,0.0289130195981249,1.3558757957427692,0.007241188676403332,0.5101214574898786,2.103902465061819
SOXX,S2,2018,0.16817187656311652,243,0.0418641097371059,0.8834693181636637,0.008353313796716222,0.49794238683127573,1.6542459341153593
SOXX,S2,2019,-0.0980377005643952,247,-0.016445300870339165,-1.0005869461303833,0.004910448060079342,0.47368421052631576,-2.411562646481263
SOXX,S2,2020,0.8179694870684393,248,0.08054344866848455,1.5994792619229103,0.024184511843410195,0.5,-0.09882540390097849
SOXX,S2,2021,-0.20382396499373973,250,-0.04320300405144803,-1.5056326395442732,0.009778550499541239,0.428,-4.915383640658581
SOXX,S2,2022,0.11670024097326148,250,0.013736116443063062,0.46893391849870036,0.0008296156188715154,0.516,-2.0377411707543747
SOXX,S2,2023,0.21230029993557423,247,0.04256164299900722,1.8991171384761234,0.012616724005512614,0.5384615384615384,4.575486871678453
SOXX,S2,2024,0.11991405552769241,247,0.016316468912107605,0.5355444091010815,0.0018957703023299022,0.5182186234817814,0.22147275365132432
SOXX,S2,2025,-0.1754037488331919,143,-0.026059172744891997,-0.6130218432496105,0.004215223664600698,0.4755244755244755,-2.145750751282324
SOXX,S3,2016,0.02486165535011098,249,0.014911732940129773,0.7466498047149621,0.0029628824523048047,0.5582329317269076,2.4949386229924384
SOXX,S3,2017,-0.012364762047938486,247,-0.007335919624460289,-0.1951649352304955,0.0007317694799997554,0.5465587044534413,2.0726434162059535
SOXX,S3,2018,0.24921395674711042,243,0.1080239799136185,3.681087321025256,0.08011132729664905,0.522633744855967,7.183006146332791
SOXX,S3,2019,-0.054962530481196405,247,-0.031129700707846885,-1.9817778127501908,0.012821400650718795,0.47368421052631576,-1.1047247798608595
SOXX,S3,2020,-0.04055754202263141,248,-0.012292667658913535,-0.21991300447040504,0.0004456882790681016,0.5161290322580645,-2.8821802395867113
SOXX,S3,2021,0.14993461229470378,250,0.05536456774830107,2.257988353310519,0.02337527725796995,0.54,6.813662651595687
SOXX,S3,2022,0.1562959332519532,250,0.027759588843532385,0.8137642498878891,0.00453791223575839,0.56,7.921872597298942
SOXX,S3,2023,0.12035747221503787,247,0.05268879114591904,2.51639314824286,0.022817144744496032,0.5141700404858299,3.183686190836548
SOXX,S3,2024,0.02981735368655569,247,0.008253467170169088,0.3239430305339306,0.0005374064119829658,0.4939271255060729,-2.5584280479899406
SOXX,S3,2025,0.37740385100629426,143,0.1277178022088684,1.6209523168271966,0.11091805441017688,0.4755244755244755,1.218784504076792
SOXX,S4,2016,-0.034095968871208734,249,-0.004250797405364859,-0.2670913806360813,0.0005017773498691147,0.4979919678714859,1.49032627006851
SOXX,S4,2017,0.11904293666008878,247,0.021010345093395753,1.179592048904288,0.01175107987648516,0.5384615384615384,1.754400111689791
SOXX,S4,2018,1.0303661234562211,243,0.0743963295253188,3.843983569273345,0.07998691656347667,0.5473251028806584,5.383269680716257
SOXX,S4,2019,-0.22403693312089631,247,-0.021518628314549395,-1.5258630876469153,0.010811449824118191,0.47368421052631576,-1.2795125312802997
SOXX,S4,2020,-0.5955523383046687,248,-0.03086759660402673,-0.5431666510478154,0.003744463045714408,0.532258064516129,0.7944446362010129
SOXX,S4,2021,0.6504489831691189,250,0.041096945492286124,3.155691088098202,0.030423080196245622,0.528,4.714022843618384
SOXX,S4,2022,0.4062193392836257,250,0.011736017320506517,0.6129376533717711,0.002079574370327797,0.52,1.1093798466710236
SOXX,S4,2023,-0.39289905175688616,247,-0.02462181296843222,-1.5882652901033545,0.009759668318155001,0.4331983805668016,-3.2962362476176907
SOXX,S4,2024,0.12496108942422718,247,0.00778720703291847,0.39811381060967277,0.0007870917809195133,0.5060728744939271,-1.3528357839511003
SOXX,S4,2025,-0.08445417993962175,143,-0.004302466433831554,-0.12385571264907608,0.00025720443399701587,0.42657342657342656,-6.937462490831381
SOXX,S5,2016,0.02992397688883636,249,0.0015588024267645273,0.09742723506212107,6.270124652119069e-05,0.4819277108433735,1.3866059387763867
SOXX,S5,2017,0.22082571056022876,247,0.020272404819346744,1.1835156519189773,0.011113181645765358,0.5384615384615384,1.9966510521655907
SOXX,S5,2018,1.776299102846823,243,0.07404964380208909,3.476961325720051,0.07096101412115374,0.5267489711934157,5.45526164836806
SOXX,S5,2019,-0.4130623894574931,247,-0.021088023510051932,-1.445251418350639,0.010237394502343844,0.47368421052631576,-0.873745751873527
SOXX,S5,2020,-1.0317976375077533,248,-0.030445270484921173,-0.5371350921413719,0.0033116521257050557,0.5161290322580645,-3.7064086826292395
SOXX,S5,2021,0.9589925667090741,250,0.03421819623640663,2.8632509429150947,0.019346737911520973,0.524,3.9657737817775107
SOXX,S5,2022,-0.2859787822722458,250,-0.004736187794829076,-0.22637946398067416,0.00030091380359376085,0.5,-2.243731990946065
SOXX,S5,2023,-0.5512319199913309,247,-0.021329385461575444,-1.2936691399592735,0.006034557814375674,0.4493927125506073,-2.2178517397302695
SOXX,S5,2024,0.2297361338753459,247,0.007619826306317116,0.36301844076458933,0.0007204932416294829,0.4979757085020243,-2.0151820506100186
SOXX,S5,2025,0.0662932383485152,143,0.0009649073991023597,0.024499293704701497,9.695965600076129e-06,0.4125874125874126,-5.182384063759918
SOXX,S6,2016,-0.013967838499569691,249,-0.001044604926901201,-0.08758804126872839,4.795383273359377e-05,0.4899598393574297,1.4201976233845377
SOXX,S6,2017,0.1165096413121826,247,0.013533444762224976,0.805442769683993,0.006527411667187288,0.5263157894736842,1.3224118686570767
SOXX,S6,2018,1.134026727628285,243,0.05842631172850654,2.4712194703630956,0.06486573416118813,0.5637860082304527,6.035410337221152
SOXX,S6,2019,-0.08509682703828521,247,-0.003202853924988957,-0.3363480268744057,0.0004813672497829824,0.5060728744939271,0.4387413381434105
SOXX,S6,2020,0.6074779561974649,248,0.012429461612257393,0.3361370471137225,0.0014570962405721088,0.5282258064516129,4.44738016043726
SOXX,S6,2021,0.47259285818438634,250,0.019225503178709687,1.521670999881869,0.009997618999159963,0.56,5.42560740837847
SOXX,S6,2022,-0.07926252892001773,250,-0.0012875235145429066,-0.09650502267774726,3.7891115052146596e-05,0.536,1.0293879051700738
SOXX,S6,2023,-0.5938377905285024,247,-0.023591803644209295,-1.8899884936529758,0.013730043768666711,0.4534412955465587,-3.1650934908510466
SOXX,S6,2024,0.490702300784749,247,0.014729377676395176,0.9452486175923919,0.004946433417802543,0.5141700404858299,0.951794533363508
SOXX,S6,2025,-1.0491444991206929,143,-0.028389878463467258,-0.847088277635465,0.01839980448873313,0.34965034965034963,-12.643754588967495
SOXX,S7,2016,0.015489210302735089,249,0.00832554011127544,0.4814117233016282,0.0015112895257770598,0.5461847389558233,0.9848790550659414
SOXX,S7,2017,0.007773317078322529,247,0.007455351395144248,0.2569915634519381,0.0009780029961431458,0.5506072874493927,1.9116725762489282
SOXX,S7,2018,0.17109358898018953,243,0.07273082325871168,2.09846257382398,0.04989021595803422,0.5637860082304527,7.9613004209190885
SOXX,S7,2019,-0.04118984165771113,247,-0.015552369527706349,-1.1524925432997606,0.0065790143590893635,0.4898785425101215,-0.9554927708685863
SOXX,S7,2020,0.2795003258537264,248,0.04874948604306892,1.5474760374046554,0.016946353421132265,0.5282258064516129,6.977784916281939
SOXX,S7,2021,0.04595906527479333,250,0.015339548735663299,0.8485303775486626,0.0028427822090900667,0.496,3.7900057050865943
SOXX,S7,2022,0.19037627797972848,250,0.03189893337677557,1.3841914612973136,0.009020311805410741,0.568,8.122858500210107
SOXX,S7,2023,0.14344004150523237,247,0.05430340003525641,2.955343258598005,0.037640023252121235,0.5465587044534413,6.8012733961004095
SOXX,S7,2024,0.040041261709889545,247,0.009026876875259387,0.4111155558225465,0.0011659141243479665,0.5465587044534413,4.379223246972568
SOXX,S7,2025,0.14751675297309397,143,0.036716580035190495,0.5632287873154868,0.017076354330961108,0.4405594405594406,-5.847226676363513
DIA,S1,2022,0.7974837748340683,248,-0.036991087776346014,-1.1366971295857553,0.008664459492725873,0.5282258064516129,-1.9049612188575609
DIA,S1,2023,-0.1635778182543219,246,0.023717621637889905,1.1017675801348772,0.0033946943981538746,0.5121951219512195,0.6837548770867418
DIA,S1,2024,0.28582907797821117,247,-0.031021814256735114,-1.4769874804342493,0.007358828216171287,0.46963562753036436,-1.8282286548385658
DIA,S1,2025,0.08026496544204252,143,-0.0057407927887676916,-0.16452293232733178,0.0003607183663142388,0.4755244755244755,-0.8773136351695118
DIA,S2,2022,0.7049708063219652,248,-0.022577952984708667,-0.5478100458501054,0.0015691754812856562,0.49193548387096775,-1.6092522972711139
DIA,S2,2023,-0.21869650701348903,246,0.024771868898858577,0.7839674589124742,0.0021738855297257498,0.508130081300813,1.1936286702436243
DIA,S2,2024,0.5929756492750791,247,-0.04602496728480891,-1.8215362035828289,0.010742484978730538,0.4534412955465587,-2.4671772935866816
DIA,S2,2025,-0.079249948583555,143,0.004518578645652823,0.1310232411090182,0.00014244454341705293,0.4755244755244755,0.6553918119873341
DIA,S3,2022,-0.04758910077048617,248,-0.0021241161716379943,-0.06615662723573838,1.7889788258229622e-05,0.5443548387096774,0.14847961922942912
DIA,S3,2023,0.05300718566401782,246,0.009294892709389322,0.35212495267395844,0.0004409860394202214,0.5040650406504065,1.2170663893310212
DIA,S3,2024,-0.27876516341621443,247,-0.048907479571766777,-1.0731087797680299,0.012035091171304968,0.46963562753036436,-1.6720643516166338
DIA,S3,2025,1.2733470785226828,143,0.11594207877970879,1.6178309529190105,0.1323724173845634,0.5034965034965035,1.673608238870536
DIA,S4,2022,0.9670645117927006,248,0.022372611328166352,0.880097501898493,0.004397493945711206,0.5241935483870968,3.146836292325484
DIA,S4,2023,0.18355803790811978,246,0.012251665561015208,0.6421445522485807,0.0014001796908209574,0.516260162601626,1.1289024831824004
DIA,S4,2024,-0.4945738411809423,247,-0.0366205150157404,-1.083152538265811,0.010637411143997633,0.4898785425101215,-1.5781872836280941
DIA,S4,2025,0.34395129148012193,143,0.01070042654420601,0.3275536935790165,0.0022156403165893845,0.46153846153846156,-2.1893432832502495
DIA,S5,2022,0.5255005430576097,248,0.0023935775141833843,0.08960137222032392,4.6729221729102655e-05,0.5120967741935484,-0.3482843276946158
DIA,S5,2023,0.5064000426251565,246,0.00713023224685649,0.3667950078703869,0.0004420615228015734,0.4878048780487805,0.35601632488722024
DIA,S5,2024,-2.70265556421647,247,-0.042296180574880285,-1.37629533229839,0.013572430413916647,0.4939271255060729,-1.7352961730392118
DIA,S5,2025,2.670754978533704,143,0.02111367122777982,0.5518965261659499,0.006886923038660897,0.44755244755244755,-1.5471936958837869
DIA,S6,2022,1.9848547612040761,248,0.00535450708263825,0.29544383373465555,0.00036987469324267774,0.5241935483870968,0.3757005910192025
DIA,S6,2023,2.589783943697037,246,0.022291995304065237,1.3441986367973957,0.0063901863443055484,0.508130081300813,1.9092200543624571
DIA,S6,2024,-4.186645343658632,247,-0.03300256043115975,-1.6238456307800184,0.014329384076253282,0.5060728744939271,-1.1460979208397701
DIA,S6,2025,0.6120066387575184,143,0.0029489622218318275,0.10531479904450719,0.00020715098584134228,0.4965034965034965,-1.6280977200700686
DIA,S7,2022,0.021836157677954608,248,0.0016019267777413054,0.05918754030506761,1.489222494854836e-05,0.5685483870967742,2.5789708771889064
DIA,S7,2023,0.3271641504213216,246,0.03367092833638881,1.6488459971814864,0.007938466419543988,0.508130081300813,2.6745331836636597
DIA,S7,2024,-0.5410439622146253,247,-0.046053825820879433,-1.6183852466886786,0.018239028131090462,0.4493927125506073,-1.7912675983810178
DIA,S7,2025,1.192043654115349,143,0.06898501428628183,1.2294991591381645,0.0620256432323516,0.5384615384615384,2.874834103196518
XBI,S1,2020,1.090849408100983,249,0.10652822587660045,3.290274414342865,0.05921880526594436,0.4859437751004016,8.188836818900755
XBI,S1,2021,0.2205053469639791,250,0.03674664441655677,1.4440830873569948,0.01113872114328085,0.548,3.584240847518809
XBI,S1,2022,-0.17578839991912992,249,-0.012243425623405177,-0.7080563988757862,0.00137515983542702,0.4819277108433735,-2.524210147392696
XBI,S1,2023,-0.018395412187783303,246,-0.0023641153582989035,-0.11477101033962092,7.088386514231271e-05,0.483739837398374,-0.15817061890668463
XBI,S1,2024,-0.09510875055066437,247,-0.018029783351590136,-1.0120513253806056,0.0036321760261959213,0.5546558704453441,2.112768395947781
XBI,S1,2025,-0.02206219240738445,143,-0.005055117090678259,-0.21955781121563578,0.00038064793435266253,0.5174825174825175,0.7281872142900409
XBI,S2,2020,0.8728484780932759,249,0.16500891856347963,3.257734236111376,0.09646040870211392,0.5180722891566265,11.843329582085177
XBI,S2,2021,0.1269296565217309,250,0.0409709637061859,1.1629596724149938,0.005738612580743152,0.548,2.3365507525226104
XBI,S2,2022,0.20420270059158863,249,0.029176374138776738,1.0730088476559791,0.0035913762730236387,0.4939759036144578,4.294818376831038
XBI,S2,2023,-0.0062401830313089995,246,-0.0016085892885442088,-0.05732390124818605,1.8750025796876457e-05,0.5040650406504065,0.35085185098254895
XBI,S2,2024,-0.11856984468031173,247,-0.04333459463594769,-1.8840941664714719,0.01090221438137795,0.5182186234817814,-0.5786120417992019
XBI,S2,2025,-0.0791708074949748,143,-0.03180685129341177,-1.3319261622241474,0.009064802362754754,0.4825174825174825,-3.615696631457196
XBI,S3,2020,0.1576069359655648,249,0.037277697449715354,0.7858823650514911,0.005187703840165536,0.5381526104417671,4.486455885600366
XBI,S3,2021,0.26454449222131193,250,0.060350462524563005,2.1971586010560915,0.02261120322406518,0.592,9.885399025633852
XBI,S3,2022,0.49905728018680356,249,0.058520915186465,2.5052017958884294,0.022898616391761717,0.5582329317269076,17.23299058386663
XBI,S3,2023,-0.07347572346975818,246,-0.02034341365805945,-0.8448544364171735,0.0043623363921454494,0.45934959349593496,-3.5523330886148243
XBI,S3,2024,-0.05382555760103138,247,-0.018954004290962452,-0.5343727794167232,0.0028534269717156446,0.4979757085020243,-1.1660246788426198
XBI,S3,2025,0.20609257269710923,143,0.08648547098545335,2.3332593500440124,0.09966297269141289,0.5594405594405595,7.037287351200435
XBI,S4,2020,0.1503109955167856,249,0.015330950161079712,0.45024874815803423,0.0014576133597640206,0.5220883534136547,5.190589978458045
XBI,S4,2021,0.4006613563970487,250,0.04041613918365573,2.65192449807531,0.027458038277730523,0.552,6.074371302530666
XBI,S4,2022,0.6108024203708831,249,0.03167652915626123,1.743833255060653,0.01640651424153683,0.570281124497992,8.15709686915258
XBI,S4,2023,-0.0720157939086822,246,-0.009572492513713872,-0.49049345426646823,0.001721290699560063,0.4878048780487805,-0.5926338057536662
XBI,S4,2024,-0.07837033664543483,247,-0.013030399480961989,-0.5454307307070855,0.0027226289592415798,0.4979757085020243,0.3806066648431164
XBI,S4,2025,-0.011388641730600314,143,-0.0020963756997239985,-0.14321791182277258,0.00011831492267999622,0.5314685314685315,1.3199807834251809
XBI,S5,2020,0.14150172570898661,249,0.010401514273678934,0.253154274803124,0.0005949303791747962,0.5100401606425703,2.7475575026987613
XBI,S5,2021,0.5197736681903583,250,0.038286249584410854,2.3863498131002956,0.021958037903640037,0.576,7.8552826325699465
XBI,S5,2022,0.6226474345525116,249,0.023585651271754507,1.339086075155182,0.008087825704908735,0.5622489959839357,6.675499631964719
XBI,S5,2023,-0.17160474286865474,246,-0.015311015252758423,-0.8450574945160056,0.004324919294361296,0.46747967479674796,-2.244041294728503
XBI,S5,2024,-0.15604415275305505,247,-0.017669118536319414,-0.6998792741962973,0.004772382138724329,0.5060728744939271,-0.6761303599783842
XBI,S5,2025,0.043726067169853305,143,0.005899258765352626,0.3687451229975136,0.0007708794627598881,0.5314685314685315,1.7198327980980768
XBI,S6,2020,0.6153589016967563,249,0.06619673617369651,3.4111937229158404,0.04825165373066753,0.5381526104417671,13.023149387476517
XBI,S6,2021,0.2799994746188827,250,0.04640937370100265,3.0861032611280743,0.04103265416992885,0.592,9.306397775386971
XBI,S6,2022,0.2602132822521152,249,0.020268932238344528,1.3250247843868241,0.008488739046099036,0.5622489959839357,8.050122480867286
XBI,S6,2023,-0.02103663971396935,246,-0.003478514988515322,-0.21424934329550144,0.0002960275627961195,0.4634146341463415,-1.3840702615804483
XBI,S6,2024,-0.09370346993815347,247,-0.0214218395779018,-1.1486502710630326,0.009890608106904675,0.5101214574898786,-0.4219255980765822
XBI,S6,2025,-0.040831548915631476,143,-0.011418851861704998,-0.7927137303112088,0.003993353450281623,0.5244755244755245,-0.13266282906770782
XBI,S7,2020,0.5535546560647616,249,0.11692193590289604,3.491576087175553,0.09049718944181495,0.5662650602409639,15.43206579627941
XBI,S7,2021,0.17003291547398164,250,0.05280285583014736,1.9498457201772517,0.020316951632239122,0.596,12.746539140369917
XBI,S7,2022,0.3303330081372112,249,0.04848840694233947,2.5476022586238005,0.020062056518233562,0.5542168674698795,10.100200198140078
XBI,S7,2023,-0.01878100818654509,246,-0.006132912397135497,-0.2712752613247408,0.0005127743000294949,0.4796747967479675,0.06504984067505211
XBI,S7,2024,-0.09882830211514317,247,-0.03932762268277184,-1.4316600966137518,0.017217202038458335,0.46153846153846156,-4.238310250606495
XBI,S7,2025,0.06368873062573371,143,0.03673376332364172,1.1984375342197968,0.02205854044500455,0.5244755244755245,4.575937522683258
NVDA,S1,2020,8.71218622397471,250,0.08194114945231652,1.425353242054033,0.0314593757864714,0.588,10.772829518394262
NVDA,S1,2021,-1.1214090289338754,251,-0.01616519798185303,-0.8868458464526995,0.003782252044900569,0.4820717131474104,-2.025475632193605
NVDA,S1,2022,-4.0353490112111885,250,-0.03273599019578705,-1.7605662655860517,0.014427388402188712,0.48,-9.177381328557864
NVDA,S1,2023,-1.8752521664910005,248,-0.017080490483504122,-1.1690262344074756,0.007084018662318559,0.46774193548387094,-0.40695057114751637
NVDA,S1,2024,1.832748683278176,249,0.019130816937377143,0.9738243711817813,0.005237609779616403,0.5180722891566265,1.1625911171131833
NVDA,S1,2025,-2.512924700616821,143,-0.03721846099448862,-1.1698569349167576,0.013698188661604327,0.5314685314685315,-6.133964250632549
NVDA,S2,2020,3.4645198589559856,250,0.10781557572131467,1.8049658356442824,0.048402367798608736,0.564,10.326245323288289
NVDA,S2,2021,-0.925049532961665,251,-0.045575676722723106,-2.0495092803719728,0.014535151154626225,0.4262948207171315,-6.258877297995268
NVDA,S2,2022,-0.8661023477541469,250,-0.018171753372873852,-0.6321737155732785,0.0017744843776756891,0.508,-9.915772865087705
NVDA,S2,2023,0.22497302684816228,248,0.007559200183157013,0.4167750276929232,0.000803405333028584,0.5282258064516129,4.747768912748073
NVDA,S2,2024,-0.26209798648356064,249,-0.007020879601902562,-0.28117250476079975,0.00045842220510006193,0.5220883534136547,-0.936273254628949
NVDA,S2,2025,-0.6362430186047758,143,-0.03127695760898054,-0.7478014094525569,0.006457245206789919,0.48951048951048953,-5.340834145712304
NVDA,S3,2020,0.05779629711282997,250,0.010605857289701693,0.3685631593541631,0.0004502745620152959,0.484,2.01376294348258
NVDA,S3,2021,0.12821367585974522,251,0.026735223560641445,0.926351891056796,0.006774870611713779,0.5258964143426295,7.711807379574483
NVDA,S3,2022,0.23697239185323682,250,0.026450439352203804,0.8766504997240244,0.005380138827695724,0.588,12.351417078298391
NVDA,S3,2023,0.2740439170164744,248,0.07400893714462378,3.4632832831166063,0.05104624994665008,0.5362903225806451,7.284526669165355
NVDA,S3,2024,0.08652540353467879,249,0.014451112978580118,0.8427033270860332,0.002051509805009677,0.5060240963855421,2.222683656422911
NVDA,S3,2025,0.21644831462303493,143,0.05452458469729223,1.0803628676607566,0.022069031504174275,0.5174825174825175,3.2353481677998146
NVDA,S4,2020,-0.10700285928258371,250,-0.012256281617011021,-0.3366806909782342,0.0007272363655200786,0.496,-1.540774888451777
NVDA,S4,2021,0.19698135460566057,251,0.02633942646392292,1.471612734785907,0.014274380054489888,0.5059760956175299,3.6379230328123344
NVDA,S4,2022,0.3153005400009212,250,0.020911363632265607,1.4551505243230713,0.009151331755967274,0.58,8.117467697781139
NVDA,S4,2023,0.1933689407505857,248,0.031123815547859715,1.8772546834523582,0.017513777342694437,0.5524193548387096,5.44697973716357
NVDA,S4,2024,0.29580018489712623,249,0.03402260965959943,2.9384308988673213,0.017445974748959703,0.5582329317269076,6.789220609142916
NVDA,S4,2025,0.10555183902828998,143,0.016393978965386132,0.504068797843586,0.0033331446665025855,0.5244755244755245,5.740570765506504
NVDA,S5,2020,-0.05017193685004562,250,-0.0051476953195460865,-0.16372814872010244,0.00011935865744594487,0.492,-2.3232733023406027
NVDA,S5,2021,0.1860361954060015,251,0.020936296628895876,1.2715203767280852,0.00859346278917239,0.5219123505976095,4.627587789175797
NVDA,S5,2022,0.14847398954791752,250,0.008707922755827133,0.5544710275010547,0.0014608818217741737,0.536,2.0276365035279964
NVDA,S5,2023,0.2433913393364068,248,0.03556273336213722,2.0884536834366836,0.020355500215137323,0.5483870967741935,5.67347196209253
NVDA,S5,2024,0.35720750596667716,249,0.03304522107855114,2.8637354181031482,0.01650714019939159,0.5421686746987951,4.761184193613907
NVDA,S5,2025,0.11506290659304265,143,0.015823981816636162,0.44034256933291294,0.002784698228033289,0.5034965034965035,0.7466583753694906
NVDA,S6,2020,0.686693027911849,250,0.04257720682475219,1.0869643703456189,0.016223800271858435,0.584,14.40341802544478
NVDA,S6,2021,0.1601694081687526,251,0.01520436708735059,0.9744047041967451,0.006924229523339598,0.549800796812749,7.2480479062352785
NVDA,S6,2022,0.05311041602519773,250,0.0026586521839442887,0.22581867371382905,0.00021596240910715103,0.544,-0.5892769158109923
NVDA,S6,2023,-0.040738485774134955,248,-0.002430319434829185,-0.16639590490017084,0.00021832774142627187,0.532258064516129,3.885133268908936
NVDA,S6,2024,0.3220440763249164,249,0.02274109421179567,2.044841526230044,0.013111884502839177,0.5140562248995983,2.3572204489153004
NVDA,S6,2025,-0.1812784426565807,143,-0.01590689744099177,-0.5972285002719941,0.0052420459833496524,0.5174825174825175,-5.602665328378193
NVDA,S7,2020,0.6248493036032454,250,0.07347372745794498,1.961938241846838,0.04021236649297322,0.556,16.67058754533343
NVDA,S7,2021,0.03491218398435706,251,0.006029387338319091,0.27161032298778354,0.000519141367586351,0.5059760956175299,6.760698325083975
NVDA,S7,2022,0.1745971310135846,250,0.018161445013060367,0.8475470258061056,0.0037019042615689113,0.604,11.43255989691514
NVDA,S7,2023,0.19221505469313002,248,0.02979779732248706,1.4541932685079804,0.01743260830534521,0.5645161290322581,10.514592305631123
NVDA,S7,2024,-0.019508368686783503,249,-0.0016654083524557544,-0.07799545161353102,4.70280040451021e-05,0.4979919678714859,-2.3228983446282903
NVDA,S7,2025,-0.007065304607533576,143,-0.0010551363328863725,-0.026082034649136734,1.4547383399676761e-05,0.5034965034965035,-0.6386627445037835
TQQQ,S1,2016,0.0029858254241595457,249,0.0005878221206396593,0.017249758148579524,4.2406621666435385e-06,0.5341365461847389,-0.4662338760719198
TQQQ,S1,2017,-0.03311478226126761,248,-0.02418018050527338,-0.9387847136868901,0.006589796670282366,0.46774193548387094,-1.2799798109584009
TQQQ,S1,2018,0.06130099865952073,246,0.014303135861270279,0.37850757425938625,0.000968763381764437,0.5528455284552846,7.08854233216179
TQQQ,S1,2019,-0.04667813619311363,248,-0.010597375555207785,-0.588366696899821,0.0016651740989941377,0.5161290322580645,-1.746455410716106
TQQQ,S1,2020,1.6975960807277235,251,0.11180035025930922,1.5372093974408343,0.04043464913151229,0.5258964143426295,11.115100757830653
TQQQ,S1,2021,-0.2655117658342115,251,-0.06132609542323408,-2.123158451650541,0.031859173761920156,0.44621513944223107,-10.176640657894735
TQQQ,S1,2022,-0.14606243404169042,250,-0.011322974036445627,-0.473475997738505,0.0011761278458115587,0.468,-10.468073355595005
TQQQ,S1,2023,-0.016645890296750177,248,-0.004269807451036953,-0.2105363228937675,0.00014867063796797364,0.4838709677419355,-4.72961297724871
TQQQ,S1,2024,-0.04825056395108778,249,-0.010069591782316771,-0.4449363195201812,0.0008451545048767661,0.4859437751004016,-0.07145623150540552
TQQQ,S1,2025,-0.2056193322332831,143,-0.0345244532837628,-0.9031053135026462,0.011644519952755727,0.4755244755244755,-7.952249431906154
TQQQ,S2,2016,-0.08196922589016974,249,-0.04870673723729325,-1.0627308844196612,0.012325064888743298,0.5060240963855421,-3.7140771602731
TQQQ,S2,2017,0.00514636911570602,248,0.008337142914414432,0.27685808360147574,0.00043294934723181466,0.5362903225806451,3.3430163634880574
TQQQ,S2,2018,0.03714388821733179,246,0.019513227799925873,0.3351076060188289,0.0010236715154967602,0.46747967479674796,3.9486194709649354
TQQQ,S2,2019,-0.03556074330329655,248,-0.019281743617849123,-0.8009399642611251,0.003722056026162157,0.4959677419354839,-5.374733679512848
TQQQ,S2,2020,1.1350518250361683,251,0.17276750133566252,1.8613600754298227,0.0832258268881948,0.5418326693227091,21.92169826825703
TQQQ,S2,2021,-0.18522811585907603,251,-0.09794455464221197,-2.713428420529737,0.03974114497513026,0.4063745019920319,-17.91018011648807
TQQQ,S2,2022,0.14387622253512863,250,0.026758389673334812,0.8066025309743378,0.0028498128834540948,0.528,1.5961395223643127
TQQQ,S2,2023,0.11595893759606303,248,0.06688832626676872,2.7093850290381276,0.02250770378288569,0.5403225806451613,6.827176693053215
TQQQ,S2,2024,-0.048612511209529224,249,-0.02337801566361327,-0.7108880561427293,0.0030594162671495617,0.5020080321285141,1.3390570808666558
TQQQ,S2,2025,-0.08580664623832623,143,-0.034196521566395834,-0.7787779034550049,0.007472920378099435,0.5244755244755245,-1.5758581230928328
TQQQ,S3,2016,-0.02379580613090466,249,-0.01313977421284429,-0.37158365601481746,0.0010641989644381011,0.5060240963855421,-0.9239099874719716
TQQQ,S3,2017,-0.012917687339518511,248,-0.01692983434601977,-0.418428739632699,0.002557529887674437,0.45161290322580644,-4.464327268277779
TQQQ,S3,2018,0.43076532077138774,246,0.12903852207684235,3.39033342295278,0.08095948790952645,0.5447154471544715,16.502536166121367
TQQQ,S3,2019,-0.06537432702381092,248,-0.04083642326486542,-1.6951694189524802,0.0158192531529594,0.4717741935483871,-4.4859598893531585
TQQQ,S3,2020,-0.1387045094896744,251,-0.032421826388568754,-0.463017654272194,0.002176549362339797,0.5099601593625498,4.4284912983647216
TQQQ,S3,2021,0.045575931847949065,251,0.0237363257712303,0.6732268250543973,0.0029836364729532994,0.5219123505976095,10.225669921241744
TQQQ,S3,2022,0.38985865421923005,250,0.0583896121661495,1.758514746908592,0.018197314484274973,0.596,22.905828183692485
TQQQ,S3,2023,0.12071744045190844,248,0.05658409597911,2.5261520261990515,0.02344393912735232,0.5403225806451613,11.978320598619733
TQQQ,S3,2024,-0.04243998530455912,249,-0.02071290055341218,-0.6832673526662972,0.0027840815350393955,0.4939759036144578,-3.831367430829126
TQQQ,S3,2025,0.2963149679979925,143,0.10360963248157112,1.4384594227848844,0.09020179227547764,0.5244755244755245,7.78712764928207
TQQQ,S4,2016,0.007186429018919171,249,0.0014028386885766156,0.06195936865906805,3.061798995318554e-05,0.5140562248995983,2.333400598084476
TQQQ,S4,2017,0.015250004949469181,248,0.007032809172476121,0.3031864842738643,0.0008046784534966323,0.4475806451612903,-1.2195438759350195
TQQQ,S4,2018,0.7764769483149768,246,0.06956524916406047,2.137045066875481,0.048703712436445445,0.532520325203252,15.321823268851764
TQQQ,S4,2019,-0.07849579728672455,248,-0.017499394831535942,-0.7532502610650342,0.004245385789648726,0.47580645161290325,-4.023212034344067
TQQQ,S4,2020,-0.42321180819687637,251,-0.032753848406350226,-0.5982910172218346,0.002770341865082959,0.4940239043824701,-14.05071678325814
TQQQ,S4,2021,-0.04886362260958131,251,-0.0065842821901211,-0.32207032361489774,0.0005430484334331132,0.5059760956175299,1.8689997571801678
TQQQ,S4,2022,0.8203124778810016,250,0.03734820047526794,1.7238204276738758,0.019534382090766966,0.556,22.37501893668658
TQQQ,S4,2023,-0.056642886682807154,248,-0.007898516177075064,-0.5136897037768025,0.000876552586698609,0.4838709677419355,-2.4996468630799553
TQQQ,S4,2024,-0.09926681468845042,249,-0.016393358430836825,-0.7081380207219523,0.002709739630933461,0.4819277108433735,-3.7843673338642105
TQQQ,S4,2025,0.08725506930007298,143,0.008599782564310971,0.24018924402097716,0.0011975650736466559,0.43356643356643354,-5.8730949406370145
TQQQ,S5,2016,0.05078451417290061,249,0.006770290344361061,0.298848181135261,0.0006674093728945563,0.5020080321285141,-0.31196150766707864
TQQQ,S5,2017,0.022010026820673753,248,0.006797182786444332,0.3141091039460302,0.0007459737386052989,0.41935483870967744,-2.783442219483896
TQQQ,S5,2018,1.033152584656935,246,0.07045516694914165,1.997764577929162,0.04251160342248128,0.540650406504065,13.01385178401355
TQQQ,S5,2019,-0.09853935713342209,248,-0.013991455663387557,-0.6038592744733327,0.0027503570803156796,0.4798387096774194,-3.4678515229058875
TQQQ,S5,2020,-0.48459250748353777,251,-0.026555958179686166,-0.4405043164285458,0.0016941460896483518,0.5219123505976095,3.801851221095829
TQQQ,S5,2021,-0.19377251994998307,251,-0.02033270689276907,-0.9668523845131395,0.004476858996030675,0.50199203187251,-0.6258008177056619
TQQQ,S5,2022,0.6648966730216721,250,0.022250860975937727,0.9370911921419285,0.006090695273802571,0.532,7.905573726956456
TQQQ,S5,2023,-0.044128808793741606,248,-0.004979293873653741,-0.31579673296913424,0.00029427639648760273,0.5,1.538529774232669
TQQQ,S5,2024,-0.185977882929012,249,-0.020690205563517874,-0.8849995579544455,0.004136364680351057,0.4859437751004016,-3.081569587978001
TQQQ,S5,2025,0.23616727761751546,143,0.018414783586843127,0.4312160796892853,0.004356017524149602,0.42657342657342656,-7.231581124640769
TQQQ,S6,2016,0.006675416810488093,249,0.0017319684778305331,0.10760031847652604,7.512006868670706e-05,0.5180722891566265,-0.3468457387958343
TQQQ,S6,2017,-0.003645106376002921,248,-0.0028650308911051213,-0.15534371306737388,0.00020708106092248713,0.46774193548387094,-1.3411459408742903
TQQQ,S6,2018,0.33997963033934775,246,0.051905675868427335,1.687611178332249,0.03600726886203587,0.5365853658536586,10.969053419902634
TQQQ,S6,2019,-0.04710371378180536,248,-0.012588145235823113,-0.79285128000908,0.004121632287294341,0.5080645161290323,-1.1026272851615586
TQQQ,S6,2020,0.6743850610019761,251,0.04472238193401724,0.9419664562889947,0.013353761122352314,0.5219123505976095,15.070546333038825
TQQQ,S6,2021,-0.10273776207183082,251,-0.02040312946747946,-1.1628565121829508,0.008369925312523119,0.5179282868525896,4.169295012878874
TQQQ,S6,2022,0.3204260441760879,250,0.022615538317195455,1.406245308197165,0.010313115538839068,0.54,13.705363765218035
TQQQ,S6,2023,-0.02451410026756664,248,-0.00559325445861059,-0.4232105579434229,0.0006017046175219587,0.4798387096774194,-0.5373171979164605
TQQQ,S6,2024,-0.05915498676973183,249,-0.01265493477427183,-0.82612245749855,0.00273632570582949,0.4819277108433735,-6.735219694067639
TQQQ,S6,2025,-0.1043104830609624,143,-0.015829852701833576,-0.44826442664391103,0.005681477468558627,0.42657342657342656,-18.907311617976383
TQQQ,S7,2016,-0.03436015352628893,249,-0.021992928816929724,-0.706839502445951,0.0050951910002270395,0.5020080321285141,-4.319695359507699
TQQQ,S7,2017,-0.0044321593963738744,248,-0.008603444914229173,-0.2772381141380486,0.0010067331066117013,0.5120967741935484,-1.4118620310482564
TQQQ,S7,2018,0.19374971474954877,246,0.08072501593941966,2.133525049952105,0.044678097793573124,0.5365853658536586,18.23898360253264
TQQQ,S7,2019,-0.0373626333920082,248,-0.024728859722186483,-1.24922253725955,0.010806980402941813,0.46774193548387094,-5.158828292639047
TQQQ,S7,2020,0.519897453599536,251,0.09443479231455894,1.7870163868137914,0.04650283471026184,0.5338645418326693,23.302975297391928
TQQQ,S7,2021,-0.03965694871833927,251,-0.019470671296271037,-0.7978366774812378,0.003531259119600172,0.47808764940239046,3.1559901635702925
TQQQ,S7,2022,0.26308754552373914,250,0.053808144540705295,2.1823039432045457,0.02238807435274137,0.592,19.971694845052834
TQQQ,S7,2023,0.11183826271545265,248,0.07422217791416601,4.034615980066412,0.05441154178456953,0.5443548387096774,18.39609171462462
TQQQ,S7,2024,-0.048238845673336236,249,-0.025456903806109592,-0.9395989981627061,0.007413731335956797,0.5020080321285141,-2.8461878744201834
TQQQ,S7,2025,0.07547776411806993,143,0.03377011137408221,0.5041945770163379,0.014657669367638793,0.4755244755244755,-8.18783627934678
SQQQ,S1,2016,0.023459396595097933,249,0.006700723330053104,0.20143486425803828,0.0005797617753121598,0.5261044176706827,0.5344320275295116
SQQQ,S1,2017,-0.026075109908424956,248,-0.02129006802245214,-0.8753132549564375,0.005006395148413834,0.4717741935483871,-1.140483073302523
SQQQ,S1,2018,0.06872482262955208,246,0.017386024865070057,0.4358275667551106,0.0014690359586920776,0.540650406504065,6.668862682755511
SQQQ,S1,2019,-0.030637420876464695,249,-0.007632324665878718,-0.43408675201540675,0.0008797500383554979,0.5100401606425703,-0.9193987544617678
SQQQ,S1,2020,1.4989793918388896,250,0.1103243369536475,1.7766437056457336,0.04231416289500978,0.524,12.234769634189052
SQQQ,S1,2021,-0.24601153558088137,251,-0.06333338918977022,-2.1735832553713896,0.03362902469716089,0.4302788844621514,-9.37770121465029
SQQQ,S1,2022,-0.09844037836606019,250,-0.008689318746782042,-0.36707618974968437,0.0007170831005267608,0.472,-9.698973127477014
SQQQ,S1,2023,-0.01350403173927336,248,-0.003618974595206994,-0.16549899255999828,0.00010146647236031203,0.47580645161290325,-3.3764731222306197
SQQQ,S1,2024,-0.043739327626334625,249,-0.010225460710037727,-0.48797808396199155,0.000883448060217007,0.4738955823293173,-0.7497251444549424
SQQQ,S1,2025,-0.13275580696610037,143,-0.024448737958112737,-0.7626364586662215,0.006061170920183545,0.4825174825174825,-6.124088017121549
SQQQ,S2,2016,-0.07344773788597513,249,-0.043973069594282196,-1.033494742106459,0.010596001826394419,0.4779116465863454,-3.0942804930290855
SQQQ,S2,2017,0.006026037946979474,248,0.009660944753056702,0.33876884461935824,0.0005985392571626891,0.5362903225806451,3.2786708175065695
SQQQ,S2,2018,0.06600411894831332,246,0.03298331054180067,0.568496958772818,0.0029824812165464287,0.4634146341463415,4.616661305023823
SQQQ,S2,2019,-0.03186814706011334,249,-0.016705583195554954,-0.7518625718347336,0.002875373443209317,0.4779116465863454,-5.078892325466795
SQQQ,S2,2020,1.0161043327719286,250,0.153908370484959,1.9901986716108195,0.06565203368456085,0.54,22.778642898076573
SQQQ,S2,2021,-0.19092855155226088,251,-0.10001313018913788,-2.9966529243856717,0.041736134530839686,0.4063745019920319,-17.247993149061667
SQQQ,S2,2022,0.1955330323618657,250,0.035541754814880595,1.0673211069482105,0.005206566480933206,0.532,2.6362239788368362
SQQQ,S2,2023,0.11911519075366256,248,0.06890465735709742,2.6456147416570532,0.02274991779731872,0.5362903225806451,7.654855518875414
SQQQ,S2,2024,-0.044697862567323485,249,-0.02132758437009345,-0.7003547704666322,0.0026440931306110915,0.5020080321285141,0.7142851619533536
SQQQ,S2,2025,-0.06184041371707688,143,-0.024176102104530955,-0.5779045103018694,0.002855102025703271,0.5104895104895105,1.2498469996885027
SQQQ,S3,2016,-0.013586922238651652,249,-0.009244997444319026,-0.28562444278995014,0.0005551788391818802,0.4859437751004016,0.7510440105896659
SQQQ,S3,2017,-0.009008636086053876,248,-0.014172013369650297,-0.4119634877144596,0.0018800102544159758,0.4435483870967742,-5.011467036179975
SQQQ,S3,2018,0.34816053527721263,246,0.12783132875421632,3.356381799096575,0.07977284204416824,0.5365853658536586,16.482334601946647
SQQQ,S3,2019,-0.046322558942188494,249,-0.035185696750147044,-1.423814088141152,0.011818963120321935,0.46987951807228917,-3.3324091531276974
SQQQ,S3,2020,-0.10577066770418168,250,-0.029450030107236787,-0.41705907012220633,0.0018651360513369797,0.5,3.4229241090482354
SQQQ,S3,2021,0.025008628098671923,251,0.016252046233824372,0.5305409543108771,0.0014207259149545681,0.5378486055776892,10.447109686444303
SQQQ,S3,2022,0.34485977995419365,250,0.06417614745862996,1.9668302535754378,0.02215247161175682,0.592,24.335864331625597
SQQQ,S3,2023,0.09656508964556844,248,0.055114330485279146,2.3951045509560855,0.02147778614136442,0.5282258064516129,11.855482211395246
SQQQ,S3,2024,-0.046633132325543995,249,-0.027508757340598416,-0.9268362693897775,0.005100214652921986,0.4819277108433735,-6.02761304562102
SQQQ,S3,2025,0.406727884320973,143,0.1746788133891334,1.747173773760649,0.19359728193521053,0.5384615384615384,10.444699977576528
SQQQ,S4,2016,0.005067424377364808,249,0.001500661842519954,0.07325624800112203,3.66417945206754e-05,0.5020080321285141,2.516116177831141
SQQQ,S4,2017,0.0039672172686625,248,0.0027010963180396155,0.12132381410900513,0.00011834230537199897,0.4435483870967742,-1.2458251729102707
SQQQ,S4,2018,0.5462802995173227,246,0.07293421924679071,2.230326012572181,0.054316182506362054,0.532520325203252,15.475645010482154
SQQQ,S4,2019,-0.0449702374698559,249,-0.01476589409777911,-0.6079148833934821,0.003027974874545869,0.46586345381526106,-4.28356530994973
SQQQ,S4,2020,-0.07588999597917775,250,-0.009112176917197696,-0.18986849259542576,0.0002375450257490197,0.484,-8.784893924775767
SQQQ,S4,2021,-0.04976724692572432,251,-0.010173866031822154,-0.5453873241144466,0.0012880020859804553,0.50199203187251,2.831737222629305
SQQQ,S4,2022,0.5361170130305742,250,0.03663984565667932,1.7317614147871863,0.019075732456263816,0.56,21.512551594622867
SQQQ,S4,2023,-0.05275138823226543,248,-0.009878939346223678,-0.657982576299214,0.0013249123568229715,0.4838709677419355,-2.726080370365623
SQQQ,S4,2024,-0.08818299125705878,249,-0.021463233883786587,-0.9664933056431014,0.004676932159517033,0.4819277108433735,-4.269908125725754
SQQQ,S4,2025,0.22012990567015786,143,0.03194319062798302,0.8653232684654533,0.017253143526073322,0.43356643356643354,-4.39739302799406
SQQQ,S5,2016,0.033421893911006965,249,0.005956838658457661,0.3188978103968975,0.0005431111705670455,0.4779116465863454,-0.059334608086307895
SQQQ,S5,2017,0.008719329623239284,248,0.003521742680357657,0.16814560680243154,0.00019995392628868736,0.4032258064516129,-3.4314993942131364
SQQQ,S5,2018,0.7903803606781494,246,0.07359538830975824,2.120171913229194,0.0468731634010664,0.5487804878048781,13.377014570460483
SQQQ,S5,2019,-0.055252948832511466,249,-0.010625396679101102,-0.43317212211363043,0.0015798360500062225,0.46987951807228917,-2.215138911846277
SQQQ,S5,2020,-0.26560759784856525,250,-0.019609189969828588,-0.33366054789022787,0.0010372363692935371,0.52,1.7025611021213383
SQQQ,S5,2021,-0.16676910720638483,251,-0.023452430911984654,-1.2697416802905723,0.0059445716300489115,0.4940239043824701,-0.2240948712216765
SQQQ,S5,2022,0.4924074537831776,250,0.022681850784292315,0.9836888791461349,0.006376116259735998,0.532,7.746660209624756
SQQQ,S5,2023,-0.056107040281697725,248,-0.007114112146708862,-0.4620733167034583,0.0005785896648973221,0.4959677419354839,1.169397381140265
SQQQ,S5,2024,-0.1600783012940463,249,-0.023808769932710576,-1.0389712286373995,0.0055531866256173235,0.4899598393574297,-5.410905928745759
SQQQ,S5,2025,0.37888595746763226,143,0.04117633736903466,0.9577889454144348,0.022331031602500162,0.43356643356643354,-5.866075051871591
SQQQ,S6,2016,0.009225152120847848,249,0.003143745505185108,0.21906843124182906,0.00026033711234652035,0.5060240963855421,0.05701007854256148
SQQQ,S6,2017,-0.005384992668818871,248,-0.004711101332194656,-0.2706225269591095,0.0005521376128819755,0.45564516129032256,-1.4792509429373089
SQQQ,S6,2018,0.28277006138377264,246,0.05626998438400753,1.7849138564869662,0.04342794089914326,0.5284552845528455,11.300946996343809
SQQQ,S6,2019,-0.029366057466928164,249,-0.010047587798431463,-0.6296950558924711,0.002677388074326159,0.5140562248995983,-0.7487866320136553
SQQQ,S6,2020,0.6407325720746044,250,0.05528950282908881,1.3726536360402917,0.02202320915013256,0.536,17.67783502557396
SQQQ,S6,2021,-0.0886898645930121,251,-0.022988267671979454,-1.376908004948617,0.010525752765920049,0.5139442231075697,5.023688965539124
SQQQ,S6,2022,0.25604374995386936,250,0.023451674505253265,1.4740443734409396,0.011500322833736365,0.544,13.940981168644427
SQQQ,S6,2023,-0.024102172074003305,248,-0.0066160185635839195,-0.49149989360811336,0.0008061044125213801,0.4637096774193548,-1.4492129418623936
SQQQ,S6,2024,-0.05256460116114828,249,-0.014584789620245352,-1.0496375474286692,0.003688413052301609,0.4738955823293173,-7.447694249553943
SQQQ,S6,2025,0.011336152430816305,143,0.0029290068531105154,0.08136307555823598,0.00020230062162129858,0.4195804195804196,-16.724779356871
SQQQ,S7,2016,-0.027623250825137762,249,-0.01958171288898828,-0.719600237027654,0.004256768653920551,0.4859437751004016,-3.876739719851894
SQQQ,S7,2017,-0.003184326855176538,248,-0.006482907825000694,-0.24052932063391416,0.0005933954909450589,0.49193548387096775,-1.9095476316234057
SQQQ,S7,2018,0.18697542753884783,246,0.084873950468862,2.2102156477702524,0.05027286440547929,0.524390243902439,17.121172772787407
SQQQ,S7,2019,-0.03039941073762047,249,-0.021470386651953877,-1.1168989685748463,0.00838497495257673,0.46987951807228917,-4.679006713272659
SQQQ,S7,2020,0.43638924835497955,250,0.08552531019339078,1.933232472995228,0.0382527717688248,0.54,22.53572782474123
SQQQ,S7,2021,-0.04168575086338436,251,-0.022461862123440056,-1.0547408501343623,0.0047159212967117226,0.4860557768924303,5.687226365190865
SQQQ,S7,2022,0.26986662192152244,250,0.05994591447562018,2.519329120544418,0.02879426733810031,0.588,21.075027228866436
SQQQ,S7,2023,0.10135250125930985,248,0.07370724547884669,3.734559685840853,0.05147561254815525,0.5362903225806451,18.293741025891567
SQQQ,S7,2024,-0.04496957746230288,249,-0.025724421744438907,-1.0254196344657749,0.007855280446990576,0.5060240963855421,-2.6949726819364654
SQQQ,S7,2025,0.15327851766896253,143,0.07461960166208441,0.8402177363274502,0.054937247071606854,0.4825174825174825,-5.070182840775289
TNA,S1,2016,-0.2762544472462848,250,0.05230971285694622,1.884176045472049,0.03146804357375965,0.56,6.2441028007284505
TNA,S1,2017,0.012428185235150286,247,-0.0054749009127968845,-0.26940049655035236,0.00026738580513874233,0.4817813765182186,-0.46583897737576535
TNA,S1,2018,0.10190159735994213,245,-0.03776808590970463,-0.7067521113576074,0.004941938451896943,0.46938775510204084,-2.1294649620488695
TNA,S1,2019,0.056823581503524664,248,-0.01239768998322116,-0.5417549035350077,0.001926097079785083,0.5282258064516129,-1.825898024731462
TNA,S1,2020,-0.01767943996479476,251,0.0003075910477609195,0.010018491152145268,6.655660195198365e-07,0.4541832669322709,-9.004439726749846
TNA,S1,2021,0.302139608879896,251,-0.03841173833852858,-1.6708006309275345,0.013178423835891517,0.41832669322709165,-13.582817785281025
TNA,S1,2022,0.7369921642158521,249,-0.04930455424067611,-2.535717477479743,0.024754900454219353,0.4578313253012048,-17.651318277675326
TNA,S1,2023,-0.06563147337649554,247,0.008853013183683877,0.6174569967972364,0.000989217687063726,0.4939271255060729,1.6945563810297068
TNA,S1,2024,0.13717732467677324,249,-0.015227576653053472,-0.941145891328349,0.00329875138263791,0.5261044176706827,-2.0643486617433826
TNA,S1,2025,0.01210289871643671,143,0.0009165709867401026,0.033441059457127345,1.2431415737701457e-05,0.4965034965034965,3.113184471218444
TNA,S2,2016,0.20759509526893621,250,0.013885858303293199,0.4273755900005277,0.0011039606959979409,0.564,8.152876735935758
TNA,S2,2017,0.01602553111837379,247,0.0019983410306929033,0.07511962424462486,2.106360366582738e-05,0.4817813765182186,0.5324713456251325
TNA,S2,2018,-0.2954278459889645,245,-0.03758780054681845,-0.4753439985519778,0.0026006850963192774,0.5061224489795918,2.846536755084383
TNA,S2,2019,0.05055316581456386,248,0.0033361357966754206,0.108972937931643,8.48493947868123e-05,0.4798387096774194,-0.7258356205338383
TNA,S2,2020,4.637648930067152,251,0.04854394410732632,1.230833865092443,0.016329414819047483,0.46613545816733065,-3.003505904315993
TNA,S2,2021,-1.7941764296990488,251,-0.07991850468987378,-2.3509476196757553,0.027516042872652413,0.44223107569721115,-15.493864318449914
TNA,S2,2022,-1.5967430982542457,249,-0.036073101386753396,-1.2093116596155995,0.005737916644651508,0.5060240963855421,-15.856693952538922
TNA,S2,2023,0.5499732139526161,247,0.025528831706692477,1.0433907606958632,0.004673218700126269,0.5425101214574899,7.0896724302181795
TNA,S2,2024,-0.6797642511669505,249,-0.025817930831651483,-1.0490732592475327,0.004614318523850081,0.4899598393574297,-2.068846753340386
TNA,S2,2025,-0.09568431111243274,143,-0.0013702831447799347,-0.04634136996250926,1.8849600762593788e-05,0.5664335664335665,5.118924999476549
TNA,S3,2016,0.06292943989172635,250,0.018329956261925965,0.593081272414972,0.0025416177056586386,0.524,3.741416488279712
TNA,S3,2017,0.04101936267099191,247,0.028783934201828624,1.0682039736972069,0.006360927522165216,0.5020242914979757,0.5295115323938826
TNA,S3,2018,0.1957692330548684,245,0.055341139534552025,1.5815778159207607,0.01664812885055511,0.5469387755102041,8.393976175481383
TNA,S3,2019,0.023221086657716137,248,0.008949955614192305,0.32433333291774963,0.0007474416306129106,0.5201612903225806,0.4045517514821868
TNA,S3,2020,0.0855023664110627,251,0.009995412627509418,0.37358071800906334,0.00041029359241540053,0.5697211155378487,10.85126929107968
TNA,S3,2021,0.18960928950922834,251,0.04314040769258264,1.3619375616978238,0.011029182207349164,0.4860557768924303,8.1088709805254
TNA,S3,2022,0.23374836731070095,249,0.03280499803172388,0.9735581062521762,0.0056510338216136935,0.5662650602409639,9.865755486355692
TNA,S3,2023,0.019498412403309642,247,0.0051812143594475455,0.20950146489512156,0.0002413894070441014,0.4939271255060729,2.1297454380291705
TNA,S3,2024,-0.06449828758791698,249,-0.018668535157245255,-0.4468782408329908,0.0022565145480255566,0.4859437751004016,-1.8731165582728015
TNA,S3,2025,0.21320072967831258,143,0.056367992283600656,1.190939771828835,0.03890790029150326,0.5734265734265734,5.598452857884121
TNA,S4,2016,-0.19171818912749358,250,0.029151269916385,1.4570440940635163,0.013562099055976495,0.556,10.344186557613304
TNA,S4,2017,-0.030180669699847798,247,0.009334448007232203,0.37387563956583497,0.0012336812681136289,0.4817813765182186,-2.3074232886778403
TNA,S4,2018,-0.2942415494738768,245,0.036190805729218824,1.5822056976179097,0.014850306332201968,0.5102040816326531,11.340084162694795
TNA,S4,2019,-0.011105374674621867,248,0.0019480910028874076,0.10814272648198124,6.142380079254828e-05,0.5040322580645161,-0.7067830573840691
TNA,S4,2020,1.5520837794573485,251,-0.07541167540578154,-1.468229516809743,0.02826838054825065,0.5298804780876494,-2.4812291684416015
TNA,S4,2021,-0.238950360387048,251,0.023555378135544473,1.322789781199363,0.007630826745985475,0.4900398406374502,4.340179056057275
TNA,S4,2022,-0.2662673986286127,249,0.016299951797031764,0.6563128903474689,0.003660321792900212,0.4939759036144578,3.8407009145511086
TNA,S4,2023,0.014860269545301617,247,-0.0015810098244671317,-0.08846853059092621,4.200659108621885e-05,0.46153846153846156,-0.9450548057851694
TNA,S4,2024,0.14303432053014406,249,-0.01850943618261965,-0.746763313842095,0.004931998229976919,0.46184738955823296,-7.493727323668553
TNA,S4,2025,0.32248517245870634,143,-0.0338357790104273,-1.6571102431005176,0.02594639648008723,0.5384615384615384,-9.216382498782457
TNA,S5,2016,-0.32040228934664355,250,0.0359790472673568,2.077968877529527,0.019669060012482364,0.544,8.312099415190284
TNA,S5,2017,-0.044010219040023335,247,0.010478697618662578,0.4204530910572035,0.001425696602330162,0.46963562753036436,-2.392143607173862
TNA,S5,2018,-0.31894865656414234,245,0.029996555409096935,1.0925225629514361,0.009205882899310902,0.4897959183673469,4.962220919241491
TNA,S5,2019,-0.023234847426316377,248,0.003119918076926754,0.16645180646046676,0.00014929911075134417,0.5080645161290323,0.7653821062838221
TNA,S5,2020,1.2463735909865796,251,-0.05032164672609349,-1.2511601821160663,0.01055713860852725,0.5378486055776892,-3.1804660158858824
TNA,S5,2021,-0.25232390593270837,251,0.019681520363256766,0.9963338874995329,0.004759226543271544,0.49800796812749004,4.682387743035865
TNA,S5,2022,0.03912268253396894,249,-0.0009352756463656766,-0.03731167151011154,1.0607840157494941e-05,0.4939759036144578,-4.8628773030449155
TNA,S5,2023,0.04882518090986157,247,-0.004006419232662451,-0.21321710692563475,0.0002540523969406516,0.46558704453441296,0.38889688489908925
TNA,S5,2024,0.3095997316353916,249,-0.029964686633203178,-1.1930980247368532,0.01194704299149052,0.4578313253012048,-7.44231110117395
TNA,S5,2025,0.3149987322440324,143,-0.028961754192941412,-1.306461005518858,0.015140117368937167,0.5454545454545454,-6.565359558314242
TNA,S6,2016,-0.19117095776990917,250,0.02777961676907021,1.8121394903733337,0.018661040249563166,0.58,9.711533578334679
TNA,S6,2017,-0.006883557136062734,247,0.0021926879696409444,0.10540364917214537,9.084223045152662e-05,0.4898785425101215,-1.6405821301548176
TNA,S6,2018,-0.14717569656012888,245,0.02272044690174608,0.7511492852263485,0.006421550631156903,0.47346938775510206,3.387649836705423
TNA,S6,2019,0.01980890150846256,248,-0.003613680463905565,-0.23405838340033125,0.00032978988030807344,0.5080645161290323,-0.9017721011878614
TNA,S6,2020,0.9550044676265467,251,-0.02677725276251493,-0.880982260345399,0.008902448643487992,0.50199203187251,8.058448307447128
TNA,S6,2021,-0.07810307950684112,251,0.008941881461136456,0.5245958720271687,0.0015641708501050733,0.5099601593625498,5.90978200536173
TNA,S6,2022,0.05303535445193987,249,-0.001620886494834963,-0.10114238210747634,5.201469033877526e-05,0.5220883534136547,8.820167368989122
TNA,S6,2023,-0.08180592042040927,247,0.009469794979257146,0.7114238464319711,0.002142524676556734,0.4534412955465587,0.8410252364799223
TNA,S6,2024,0.17483482300375708,249,-0.017706375292542525,-1.1876807690366482,0.008108352798131602,0.4899598393574297,-3.7070590000531833
TNA,S6,2025,0.30245566480264496,143,-0.0344046933901529,-1.8380140234234819,0.034327518053390405,0.4755244755244755,-18.882112143562505
TNA,S7,2016,0.04387829153284565,250,0.009527534172057789,0.406727133728381,0.0010850282823133828,0.532,6.530599378731741
TNA,S7,2017,0.04097743566798437,247,0.02307440949745151,1.0771906607951474,0.005498771708902006,0.4574898785425101,0.9873779647482525
TNA,S7,2018,0.11902357276849453,245,0.03168552313315022,0.6894395506075941,0.006117451127449547,0.5428571428571428,10.369703495269476
TNA,S7,2019,0.026657417922561336,248,0.007078941414382252,0.29182006806698996,0.0007346243645016681,0.47580645161290325,1.4637516701158972
TNA,S7,2020,0.6148445976802558,251,0.029620528560173918,0.9503808968288195,0.009791501803880442,0.5099601593625498,9.016680048772503
TNA,S7,2021,-0.018813279195719748,251,-0.0011399361111662269,-0.04506297740278256,1.1838590279866779e-05,0.46613545816733065,-5.129608576162331
TNA,S7,2022,0.1339762026934545,249,0.01542836822632594,0.6687321608619047,0.0018422911465426628,0.5582329317269076,6.939545445479043
TNA,S7,2023,0.13347015033717585,247,0.02582693994690674,1.2390774163372704,0.008492404102296458,0.5060728744939271,9.68980713398141
TNA,S7,2024,-0.18035665391782948,249,-0.029088170513668625,-1.0421259056321985,0.010427795877642865,0.4779116465863454,-3.942818264831747
TNA,S7,2025,0.08634226451077737,143,0.019070846659758865,0.5646945439937116,0.006207374065938187,0.5594405594405595,4.253355239969754
TZA,S1,2016,0.8981598972884867,250,0.06055065786922182,2.2116360695989097,0.040466664188678725,0.544,6.057484622502941
TZA,S1,2017,-0.015168105833873784,248,-0.002279036713071044,-0.11811642413049177,4.532388213984717e-05,0.47580645161290325,-0.969097802710958
TZA,S1,2018,-0.2681916149372886,245,-0.03473188542913859,-0.6820527161283411,0.004557111260703239,0.44081632653061226,-0.7137289708554071
TZA,S1,2019,-0.16810234666495139,246,-0.013066813169741304,-0.595724688128931,0.0021396038744996293,0.508130081300813,-2.5296634237213644
TZA,S1,2020,2.995005663907168,251,0.03102717249295701,0.8390351783410113,0.007248386329815504,0.4541832669322709,-4.923122564639653
TZA,S1,2021,-0.7630407362663236,251,-0.03382819730319382,-1.4836330138091622,0.010379436169813183,0.4342629482071713,-13.936182741742776
TZA,S1,2022,-1.7345425000840657,250,-0.040775542122633845,-2.1531273124663475,0.0176132684678314,0.456,-16.3058718966381
TZA,S1,2023,0.27015324107703487,247,0.01287896055458667,0.8977289540472068,0.0021433344511364583,0.4777327935222672,2.488318546758525
TZA,S1,2024,-0.21473132931839628,249,-0.008447947257832803,-0.5587920084059903,0.0010256307575517987,0.5381526104417671,-0.7043197167818637
TZA,S1,2025,0.00045783083221003466,143,0.0023346047519605755,0.0937380885786221,8.343031229807174e-05,0.5104895104895105,2.1590872479644787
TZA,S2,2016,0.08666432292569107,250,0.02325805606427309,0.7254985198898916,0.003118662885345902,0.548,7.049820547523726
TZA,S2,2017,0.004168618088866835,248,0.0020260590756459576,0.07700093819703552,2.1586109396176667e-05,0.45161290322580644,0.053383098353176894
TZA,S2,2018,-0.061912122770041655,245,-0.031359337361802166,-0.43260554833026216,0.0019859363508343275,0.5102040816326531,5.84257990742716
TZA,S2,2019,0.012147218545304157,246,0.0032328267876845815,0.11393515377038771,8.0307095024712e-05,0.46747967479674796,-0.20009111553516795
TZA,S2,2020,1.590941794602273,251,0.06542537908367388,1.2816033374208886,0.02694658506058245,0.47808764940239046,-2.8227657658780965
TZA,S2,2021,-0.41981966863633763,251,-0.07501563619542169,-2.261932167152336,0.025199409414872975,0.43824701195219123,-16.796973533489098
TZA,S2,2022,-0.2661935186445912,250,-0.023844664181831222,-0.8266277731956901,0.0026008856772186117,0.512,-13.265765125095307
TZA,S2,2023,0.15984268572215976,247,0.030001293366982852,1.1339682356610086,0.006268790414497016,0.5465587044534413,7.7643030624460705
TZA,S2,2024,-0.09764042114106243,249,-0.014969101226935438,-0.6155617695425337,0.0015173559413244053,0.4939759036144578,1.5519494239688294
TZA,S2,2025,-0.008198908692261872,143,0.00221827712906879,0.08030356762657517,4.544227586311678e-05,0.5594405594405595,6.849969942797005
TZA,S3,2016,0.09633626111374909,250,0.021481369195159073,0.6807701042217484,0.003503031869854456,0.52,6.982892827117312
TZA,S3,2017,0.04124385403291687,248,0.021562246299575694,0.8312688636894533,0.003611582844468386,0.46774193548387094,1.5284661583176768
TZA,S3,2018,0.21905719331005172,245,0.046460619731144556,1.389156112335591,0.012703312616176299,0.5183673469387755,6.65954466514285
TZA,S3,2019,0.023320223682238603,246,0.006681981414298627,0.25692017577627585,0.00041965867067261797,0.5040650406504065,-0.24607786911070068
TZA,S3,2020,-0.37514047796675165,251,-0.03562166568975201,-0.7042297102954523,0.00436800456724018,0.5338645418326693,7.776700375632109
TZA,S3,2021,0.2851265178221023,251,0.04717286549243463,1.6120351377623139,0.014158371533005476,0.4860557768924303,9.629741124857661
TZA,S3,2022,0.3841425607061929,250,0.04140288520157942,1.28731746498815,0.009127184097530994,0.572,13.39539054017306
TZA,S3,2023,0.0385216705610208,247,0.007705154796835747,0.2908515148974735,0.0005220659098904568,0.4979757085020243,2.672477788570076
TZA,S3,2024,-0.10827364403154581,249,-0.023287954950300435,-0.5576235825252979,0.003478237441383425,0.4738955823293173,-3.5342447127505534
TZA,S3,2025,0.3956658407700252,143,0.07977284879767721,1.3931086897304545,0.0721866188026673,0.5594405594405595,6.91611190176944
TZA,S4,2016,-0.2620690427182152,250,0.028819384881255232,1.435073029093462,0.012526108243669398,0.536,10.217367287844294
TZA,S4,2017,-0.0049670101348560265,248,0.0011032821293456806,0.045013708466964945,1.7127921075887897e-05,0.4717741935483871,-1.8569871443566324
TZA,S4,2018,-0.3953070600078306,245,0.03591107423552178,1.6879949107871919,0.015613087366103007,0.46530612244897956,10.586971825084802
TZA,S4,2019,0.0013624440263206436,246,-0.0004256924719184893,-0.02442866791219905,2.9312520403168563e-06,0.47560975609756095,-2.4990777540193276
TZA,S4,2020,1.8440383392417399,251,-0.07245514403373317,-1.312817243900138,0.024626816095596915,0.5418326693227091,-0.18989988234924415
TZA,S4,2021,-0.39334096835067006,251,0.0272872754923094,1.5858631534661647,0.010692306769910065,0.4940239043824701,2.5038563341658784
TZA,S4,2022,-0.4654619508580506,250,0.021036281701796687,0.9069979931042472,0.006224149012549751,0.5,5.534525646229852
TZA,S4,2023,-0.022090662867852964,247,0.0020566090763490096,0.11266379187454455,7.335291150589729e-05,0.46153846153846156,0.7054714470742393
TZA,S4,2024,0.1959083477113081,249,-0.0182258171020623,-0.7889074024100862,0.004859899574406135,0.4497991967871486,-8.454168131368464
TZA,S4,2025,0.5019275639581067,143,-0.03846101202514849,-2.1078969968639405,0.0345901108315908,0.5174825174825175,-9.964071891565434
TZA,S5,2016,-0.2828844052084075,250,0.0364031887502097,2.149622391747386,0.019259148974080653,0.54,9.496197948010261
TZA,S5,2017,-0.006433492560565647,248,0.001699105284110311,0.06986479434880408,3.72138370147157e-05,0.46774193548387094,-2.238320010714247
TZA,S5,2018,-0.2739932108415713,245,0.029956076562686076,1.175062036987523,0.009879118487471805,0.4530612244897959,4.957137760899287
TZA,S5,2019,-0.00485183122954734,246,0.0006050381960568107,0.03268910630855986,5.61120618691735e-06,0.491869918699187,0.3910948372910208
TZA,S5,2020,1.330002395306403,251,-0.06587650985767439,-1.2795156022900325,0.017867405509485845,0.5219123505976095,-4.139027035156498
TZA,S5,2021,-0.27855716372979317,251,0.024036383570808183,1.281750121464088,0.007445542101439329,0.5099601593625498,6.482950671293048
TZA,S5,2022,-0.07439375703052432,250,0.005061897019034085,0.21628473848998997,0.0003159394323108966,0.504,-1.1678122322341489
TZA,S5,2023,0.006771561764214436,247,-0.00039708030695049406,-0.02061438020869836,2.5724315104724838e-06,0.46558704453441296,1.0820057588450611
TZA,S5,2024,0.2614883413115421,249,-0.028696093215162546,-1.1957551521755228,0.011208169747647267,0.4578313253012048,-8.084998176970768
TZA,S5,2025,0.3228515622182498,143,-0.033931974700408395,-1.6918493363215183,0.021648780355022823,0.5314685314685315,-7.007142464121193
TZA,S6,2016,-1.7939166842898209,250,0.028474284347539867,1.9640358413029102,0.018863900013092683,0.548,9.466045932361666
TZA,S6,2017,0.04652532440815859,248,-0.0016806741986428696,-0.08234991326231902,5.1924871031672204e-05,0.4717741935483871,-1.6418206930545582
TZA,S6,2018,-1.3441094858227371,245,0.02306213613890271,0.814859732982962,0.0071284883322093595,0.44081632653061226,3.960417223919268
TZA,S6,2019,0.23049427749758283,246,-0.004633638255553304,-0.31183473397759826,0.0005437128276036818,0.491869918699187,-1.2864489449116567
TZA,S6,2020,2.0408626795986264,251,-0.0064965407313224985,-0.21598231239463236,0.000538414789565067,0.5059760956175299,11.269155882566817
TZA,S6,2021,-1.0067329176538122,251,0.012338088187718685,0.7504620306251227,0.003014508893851575,0.5258964143426295,6.58495091768249
TZA,S6,2022,-0.34011823222994936,250,0.003661673242230542,0.24283509879101806,0.00027681235319065856,0.528,10.938337216862125
TZA,S6,2023,-1.0836823834344687,247,0.01377038405758078,1.0388763430905337,0.004642474419798481,0.46153846153846156,2.3437164880168555
TZA,S6,2024,1.2949842496923532,249,-0.014480454265925436,-1.0533899161464082,0.005449969512947184,0.5020080321285141,-3.6714596708902487
TZA,S6,2025,2.955693172234067,143,-0.037167079538335125,-2.2004556534266424,0.041722690117478534,0.4825174825174825,-17.633412015762524
TZA,S7,2016,0.054659600774188744,250,0.014330410701105576,0.6246125551843925,0.0024743764466648166,0.564,9.711443969704758
TZA,S7,2017,0.029551265483770447,248,0.01968790657938778,0.9389094104160618,0.003972981833657019,0.4274193548387097,1.18707300253458
TZA,S7,2018,0.08633088658882092,245,0.026795006347208005,0.6163030959202748,0.00476956956725727,0.5102040816326531,8.74960427402271
TZA,S7,2019,0.020082522338176853,246,0.006346046461971387,0.2811129354811502,0.0005965323591561322,0.46747967479674796,1.4879112124858567
TZA,S7,2020,0.4835863056357166,251,0.028041110659124267,0.7645073885033717,0.007643592117256182,0.4940239043824701,8.899863078564358
TZA,S7,2021,0.005821431872570807,251,0.0032388748185918992,0.13789174195308646,9.915675415028691e-05,0.46613545816733065,-3.4108646691343836
TZA,S7,2022,0.18278149744325087,250,0.023650214368002135,1.0851003916964799,0.004499235325055029,0.572,11.20441442669922
TZA,S7,2023,0.1294360851681726,247,0.02968293943530932,1.3192714248491635,0.010909127472354618,0.5060728744939271,9.331429793391768
TZA,S7,2024,-0.1315553714695599,249,-0.025335079012886803,-0.8990056556162691,0.007700292719853952,0.46586345381526106,-6.867146737227594
TZA,S7,2025,0.13930577616489215,143,0.035957634266376576,0.8492433325211202,0.020415898674324695,0.5594405594405595,6.4416581182067745
TECL,S1,2016,-0.009055458480367241,229,-0.0038702462008470342,-0.11680561711161279,0.00020264171044770407,0.4890829694323144,-1.2117450761125066
TECL,S1,2017,-0.019494518099543386,245,-0.018820790042761965,-0.6905247855227917,0.004038574404755968,0.4816326530612245,-0.4932272526115674
TECL,S1,2018,0.033696431704517284,246,0.010504340031312695,0.25754877706672724,0.0005170461504487855,0.508130081300813,4.316216355963108
TECL,S1,2019,0.003666571035907214,246,0.0007349913608093375,0.041768270142535376,8.224264522294078e-06,0.5203252032520326,-2.7868901398264745
TECL,S1,2020,1.5620623130602347,248,0.11909932974873369,1.8588955607121425,0.04550059147808938,0.5201612903225806,15.253860506259416
TECL,S1,2021,-0.1412717982625305,245,-0.04418581176301824,-1.419876282072405,0.015136183939563286,0.44081632653061226,-8.360118712303388
TECL,S1,2022,-0.08404902312107686,249,-0.008880222541361232,-0.3322234936279032,0.0006803327078783727,0.46586345381526106,-9.6022825159487
TECL,S1,2023,-0.05327888763117392,247,-0.01702581537395674,-0.8565587729782657,0.002423881387382587,0.4817813765182186,-2.1255100593081373
TECL,S1,2024,-0.027020372621575237,246,-0.005582456402488501,-0.221795931129649,0.0002870982472744643,0.4878048780487805,0.5992867214356525
TECL,S1,2025,-0.26525525758439195,143,-0.04714738770342149,-1.229392385050362,0.0228942120843858,0.44755244755244755,-14.504128094185276
TECL,S2,2016,-0.04128403920729223,229,-0.0354296966771716,-0.7993425397542193,0.007560226824277039,0.48034934497816595,-4.606496319401533
TECL,S2,2017,0.006364963285694679,245,0.01257452295610609,0.41416279403379197,0.0010440313813344648,0.5142857142857142,2.7880364417439525
TECL,S2,2018,0.015405454797189728,246,0.009820979430923233,0.15215045808415853,0.00025378879925008757,0.45528455284552843,-0.17678772278923932
TECL,S2,2019,-0.010098092360970663,246,-0.007653970994653823,-0.3324108729935125,0.0006077047342343267,0.516260162601626,-4.105650672125121
TECL,S2,2020,1.091957920559666,248,0.17149164064139139,2.1589273519999534,0.0817344798119719,0.532258064516129,20.65856483647038
TECL,S2,2021,-0.10844907609986373,245,-0.06949519175702983,-1.9337963476288889,0.020447305685756145,0.43673469387755104,-15.811933763278152
TECL,S2,2022,0.16296452494060912,249,0.03622321785323914,1.0261313894691049,0.005263349944384821,0.5180722891566265,6.108866751983387
TECL,S2,2023,0.08054914535292723,247,0.05327417641909998,2.519677962861966,0.015314906045080678,0.5506072874493927,10.386250719522334
TECL,S2,2024,-0.0754677192931915,246,-0.031772614591447715,-0.9216093890902527,0.006194653003201989,0.516260162601626,0.6287537708175128
TECL,S2,2025,-0.12194308197476847,143,-0.04540499944748149,-1.043295439451145,0.013817615198118971,0.48951048951048953,-7.490788663272866
TECL,S3,2016,0.0008138307614163931,229,0.0007303863884440996,0.022118614801195445,3.775228515356943e-06,0.5065502183406113,0.2038187734695169
TECL,S3,2017,-0.025665848046385463,245,-0.029342588896732674,-0.641572252187999,0.007456736241614581,0.4816326530612245,-3.127600001532179
TECL,S3,2018,0.45301754497361396,246,0.1291654869721095,3.390447575819145,0.07345926810533754,0.5121951219512195,14.327100149023508
TECL,S3,2019,-0.0683360021281755,246,-0.034358606471999,-1.5199138004820953,0.010427014817776414,0.4878048780487805,-3.1438939236717784
TECL,S3,2020,-0.25734036215918044,248,-0.04619275999452119,-0.5605108797222678,0.004082976415894168,0.5161290322580645,-11.038089550343322
TECL,S3,2021,0.09126470698921957,245,0.03864248888777937,1.2040567671629447,0.007958875020218636,0.5551020408163265,17.311796784009083
TECL,S3,2022,0.3635680536073861,249,0.047346056759194594,1.448414307074863,0.011549010264881643,0.5863453815261044,20.227658490523666
TECL,S3,2023,0.10896969960419821,247,0.04320533787844038,2.0059921736306445,0.014058385844776367,0.5465587044534413,11.058794109244356
TECL,S3,2024,-0.058088885561695766,246,-0.016822476548227005,-0.6235008919079698,0.0020191469481334323,0.4715447154471545,-6.4726737501847
TECL,S3,2025,0.3917972619596028,143,0.09635663184179835,1.305494455022997,0.07446274032594546,0.5034965034965035,7.910074635361646
TECL,S4,2016,-0.017356280824125398,229,-0.0031999903535964215,-0.15954430756731333,0.00017750228132429324,0.48034934497816595,0.9018992935557004
TECL,S4,2017,0.02270239349251888,245,0.009398268852956405,0.406855300459813,0.0012919165565152824,0.4897959183673469,0.25098280284197705
TECL,S4,2018,0.9815553503312112,246,0.08103628852534789,2.614639790559641,0.05986998682159894,0.5528455284552846,21.23583874463278
TECL,S4,2019,-0.06164146566519072,246,-0.010476252388729401,-0.4328161689552952,0.0014076931921571667,0.516260162601626,-0.24220740423193218
TECL,S4,2020,-0.5875546679973096,248,-0.034038061458322055,-0.5031571460094371,0.0026737222185128084,0.5241935483870968,-6.0882118376595145
TECL,S4,2021,0.08427647014124402,245,0.010790210334669384,0.5001513805347939,0.001293389146941215,0.5673469387755102,9.043465355245049
TECL,S4,2022,0.8354423157119794,249,0.032223320095263915,1.4614801655333949,0.012960653075033024,0.5301204819277109,13.042777916536929
TECL,S4,2023,-0.25508594502530235,247,-0.026730339790398624,-1.6453126150780706,0.009991910284152805,0.4574898785425101,-8.49276962465334
TECL,S4,2024,-0.06154871323710788,246,-0.005438246003771022,-0.2643020983861277,0.00032479040093658096,0.5203252032520326,-6.320966851594128
TECL,S4,2025,0.05921054307208232,143,0.0035952628632626516,0.10538032163681807,0.00020109740366602846,0.45454545454545453,-8.48292758241209
TECL,S5,2016,0.01967647783587606,229,0.0022585101058263048,0.11057317638385733,8.108372246729001e-05,0.48034934497816595,0.07565445109284959
TECL,S5,2017,0.04715904848809726,245,0.010905217017638214,0.5288506473056457,0.0017784531164573014,0.4857142857142857,0.21505918282936207
TECL,S5,2018,1.4970891862607254,246,0.08140244789268324,2.311184600968018,0.05195860390528817,0.5609756097560976,14.70816025858481
TECL,S5,2019,-0.07508117734128474,246,-0.007162504449431151,-0.28306917686546273,0.0006650163515177221,0.491869918699187,-2.383517272336083
TECL,S5,2020,-0.9231880588397835,248,-0.032198581876211156,-0.4303066190187397,0.002289715643789658,0.5040322580645161,-15.122568835127968
TECL,S5,2021,0.004347270061904603,245,0.0011328571527807706,0.0507699555843132,1.2525525396100967e-05,0.5714285714285714,8.20672529969294
TECL,S5,2022,0.6775406000132835,249,0.01670201822213978,0.688219227861539,0.0030910106851166352,0.5261044176706827,4.196161091122397
TECL,S5,2023,-0.35025354182454577,247,-0.025173887366731547,-1.4712293744146543,0.007395642226630916,0.46963562753036436,-2.730707878851843
TECL,S5,2024,-0.18421673863923332,246,-0.009809735905381018,-0.4644486769955727,0.0010307930491550987,0.5203252032520326,-3.062394590226473
TECL,S5,2025,0.2869269339849601,143,0.012614577497048038,0.30718935531571323,0.0019611278138423893,0.4825174825174825,-0.09966988796823699
TECL,S6,2016,-0.012526193011958965,229,-0.004600136808622517,-0.28868266843199736,0.0005781899898023024,0.4978165938864629,-0.676926029506771
TECL,S6,2017,-6.900739234095947e-05,245,-0.00014012440843226911,-0.007114183213172064,4.544472865797289e-07,0.5306122448979592,0.7547117123167847
TECL,S6,2018,0.2823966489950426,246,0.05502075267780991,1.8012823880621718,0.036814600554952226,0.5447154471544715,13.309523800389261
TECL,S6,2019,-0.006319172787360444,246,-0.0018350786263188865,-0.12108885462176872,8.595153994139793e-05,0.532520325203252,-0.10298206285636995
TECL,S6,2020,0.8675181479738088,248,0.059229265520231944,1.2142280987348044,0.02169636857130941,0.5846774193548387,31.372344196402402
TECL,S6,2021,-0.0350493669555826,245,-0.007664004126813869,-0.41372967284615797,0.0010568275953124484,0.5510204081632653,5.713867528929489
TECL,S6,2022,0.22906087367666234,249,0.01896075143184882,1.106384857737813,0.006545543665288589,0.5542168674698795,12.376283454579353
TECL,S6,2023,-0.08500867225386366,247,-0.020596547863684336,-1.5440257282364913,0.008080207082537427,0.4777327935222672,-2.8829188660537426
TECL,S6,2024,-0.04401751882118737,246,-0.007682938802469103,-0.539127047421844,0.0010946245986157566,0.516260162601626,-6.640946659743402
TECL,S6,2025,-0.19598573942321965,143,-0.02691332158241766,-0.8334283197617319,0.016877874773710944,0.4125874125874126,-28.193749503033793
TECL,S7,2016,-0.023997545654575736,229,-0.018679536861679405,-0.6012054788208719,0.004172545563564833,0.49344978165938863,-3.193747636526105
TECL,S7,2017,-0.007350214588952462,245,-0.013725090830067527,-0.38849748269004775,0.00250342146596072,0.5102040816326531,-1.3109013199328108
TECL,S7,2018,0.15326130155973944,246,0.0700759102127205,1.6972220012815555,0.030831576703654218,0.5121951219512195,17.504778760517496
TECL,S7,2019,-0.02493299748072413,246,-0.015367437395076696,-0.8320430420159252,0.0041413058961069504,0.491869918699187,-5.781803631306154
TECL,S7,2020,0.6206327915067441,248,0.09919464316417988,1.8409659907526634,0.04855354930103917,0.592741935483871,34.48020352447676
TECL,S7,2021,-0.012111591532885721,245,-0.005193576661695738,-0.22803030559570436,0.0002518147836958473,0.5306122448979592,5.3749653053626405
TECL,S7,2022,0.23087945870871082,249,0.04837383708507232,1.884202877162658,0.017569865433684995,0.5742971887550201,21.994322714663852
TECL,S7,2023,0.09745429574183788,247,0.06310585320432276,3.715284819768771,0.04035441177255772,0.5546558704453441,16.676605822091236
TECL,S7,2024,-0.08057139829228575,246,-0.029935157345591944,-1.1216325004689967,0.011278765898304344,0.5203252032520326,-3.1184186890778736
TECL,S7,2025,0.04673590003239194,143,0.016026209619721475,0.25484387780471407,0.00340455338419432,0.45454545454545453,-13.869398204322808
TECS,S1,2016,-0.0059204926587941315,173,-0.003831425553623722,-0.11117276527698504,0.00020665497516525466,0.4624277456647399,-1.8357113998373678
TECS,S1,2017,-0.011872894866909895,219,-0.01547802565021198,-0.6567787150752612,0.0029971591117665675,0.4474885844748858,-0.01051018482264689
TECS,S1,2018,0.01776984025983791,231,0.00728126724828646,0.17940301355301064,0.0002678858859525013,0.48484848484848486,4.397754948126784
TECS,S1,2019,0.00036423588253993536,246,0.0005154902973515256,0.02711493318385252,4.041274409116724e-06,0.483739837398374,-3.480759021645658
TECS,S1,2020,1.278407008202451,249,0.13612973390265082,2.055255899139455,0.05831584425659886,0.5060240963855421,12.031480160825378
TECS,S1,2021,-0.07997796207608654,251,-0.03140224667015641,-1.0158391629656736,0.007531274374214969,0.4302788844621514,-6.027503912140075
TECS,S1,2022,-0.008241940729862627,249,-0.0016898195264124795,-0.06430936441604297,2.5486391508122708e-05,0.4859437751004016,-8.235345615192438
TECS,S1,2023,-0.03501270471084658,246,-0.014514858540153419,-0.6795964797532508,0.0016231069815313415,0.483739837398374,-0.8824828714390972
TECS,S1,2024,-0.018204558389948007,248,-0.0047715476192566955,-0.1893987662828493,0.00020807383111853817,0.4798387096774194,0.25991807484059304
TECS,S1,2025,-0.13731053091238124,143,-0.03181684249725064,-0.9501015918235305,0.01055053566824149,0.44755244755244755,-8.447191611233675
TECS,S2,2016,-0.03715409815571251,173,-0.03639625911331019,-0.8523965090502503,0.008703156088076591,0.47398843930635837,-7.499042903035647
TECS,S2,2017,0.002405411333013646,219,0.005283070006510972,0.1873147163831744,0.00019108006042745096,0.5068493150684932,2.620529134620241
TECS,S2,2018,0.01606750146081898,231,0.010484976071925483,0.1618619924919188,0.00031620260495546226,0.43722943722943725,-3.448017067304331
TECS,S2,2019,-0.008793562813605216,246,-0.006100309755996952,-0.25491616974619496,0.0003947242202630985,0.45934959349593496,-4.97320969935907
TECS,S2,2020,0.9804423878962724,249,0.17007535196368803,2.133777272838199,0.07405803646271558,0.5140562248995983,17.707994236745154
TECS,S2,2021,-0.09541906187485584,251,-0.06071461012303686,-1.8047459533161412,0.015502446303549022,0.42231075697211157,-13.995767638740263
TECS,S2,2022,0.20683133802153827,249,0.04661010207986961,1.2943328272176742,0.008888799782420076,0.5301204819277109,8.432490649113852
TECS,S2,2023,0.08807953793092319,246,0.05903731959212048,2.69636527179682,0.017843940193825958,0.516260162601626,11.764095202875247
TECS,S2,2024,-0.07576680377749188,248,-0.03266135073637583,-1.0010272411795151,0.006702469955373491,0.5040322580645161,-0.685584810402067
TECS,S2,2025,-0.07669265002090091,143,-0.02953850229240727,-0.643445819061757,0.004187850604120635,0.5034965034965035,1.0299447838655453
TECS,S3,2016,0.004402029663795604,173,0.004047465385187493,0.12061506939571622,0.00011981852931564063,0.5086705202312138,-0.9349110458452391
TECS,S3,2017,-0.013760346412731637,219,-0.021855551535411785,-0.503545173593611,0.004492767829298083,0.4794520547945205,-0.7096034158429047
TECS,S3,2018,0.31022294850091947,231,0.12503720103079125,3.4972836714801656,0.07225269468094486,0.5021645021645021,21.204091406114358
TECS,S3,2019,-0.04072193670896801,246,-0.028316504277540164,-1.2734741448610933,0.0070586390578164515,0.47560975609756095,-2.594519657060354
TECS,S3,2020,-0.20219760403782153,249,-0.04616844007690018,-0.5462383499225348,0.004375645481699553,0.5180722891566265,7.523181712813138
TECS,S3,2021,0.08193188838955279,251,0.045874584929310964,1.5903902094389415,0.011126924606191912,0.5537848605577689,19.60535214904311
TECS,S3,2022,0.3160414243250294,249,0.05706645386272356,1.7454463150983006,0.016840014932525516,0.5742971887550201,19.674283318731995
TECS,S3,2023,0.07953708881384024,246,0.0411301962538229,2.0183115062620414,0.012203124801648424,0.540650406504065,9.794636049174285
TECS,S3,2024,-0.06494247034967973,248,-0.02533206758185065,-0.9840330358054638,0.004760648334026452,0.47580645161290325,-9.82867966985171
TECS,S3,2025,0.5294869778160634,143,0.17788580605013046,1.7197698225187616,0.18511828526089857,0.5244755244755245,13.595779855168855
TECS,S4,2016,-0.020990144828772848,173,-0.007212544769338585,-0.3051939227399084,0.0008903369611582557,0.48554913294797686,-1.2719754094926856
TECS,S4,2017,-0.012521910037882654,219,-0.007999202153568356,-0.34369076748271665,0.001117873826534499,0.4703196347031963,-0.15649354808844532
TECS,S4,2018,0.5454889097735786,231,0.07507958197953563,2.3905051108444577,0.05370021943232128,0.5064935064935064,16.9652667101152
TECS,S4,2019,-0.02540074007163513,246,-0.006654929195302995,-0.27129829182206655,0.0005534035000567261,0.4634146341463415,-4.017399829370158
TECS,S4,2020,-0.18270719024688903,249,-0.016367876211561688,-0.2567716437341079,0.0007033883202250957,0.4939759036144578,-0.6946282029273607
TECS,S4,2021,0.12754211054221293,251,0.025512754051330903,1.2182020139038565,0.0069937218364566345,0.5577689243027888,13.0990866586842
TECS,S4,2022,0.5588163896171342,249,0.035468802845217584,1.6371699168573572,0.016106797059836975,0.5461847389558233,14.688156158292665
TECS,S4,2023,-0.1986218731534471,246,-0.03336941871771353,-2.0677474546352212,0.014598414285795114,0.42276422764227645,-10.807779996910961
TECS,S4,2024,-0.05636098370632887,248,-0.008262592415162202,-0.3982523296251647,0.0007427683903523663,0.49193548387096775,-8.524136483333999
TECS,S4,2025,0.2647554321120298,143,0.027917447190065694,0.8703989420953542,0.01283872505134398,0.4405594405594406,-8.158189115255746
TECS,S5,2016,-0.014675287970353243,173,-0.002714205185226153,-0.13152585472057746,0.00011545290263503816,0.4797687861271676,-2.9151131549798444
TECS,S5,2017,-0.03137191158424286,219,-0.009991382297984634,-0.45836387027691955,0.0017158433058559464,0.4657534246575342,-0.2814382018994565
TECS,S5,2018,0.9803878851528008,231,0.07736088213121048,2.2255295634040926,0.04858740698040842,0.5411255411255411,17.284575836580366
TECS,S5,2019,-0.029231606842567516,246,-0.0037137039869411304,-0.14992819238903318,0.00017407789124013195,0.4715447154471545,-3.683211823460811
TECS,S5,2020,-0.7005220657762126,249,-0.03206198243180333,-0.43914521711551874,0.0025937230961605717,0.4899598393574297,3.856632501220999
TECS,S5,2021,0.13727611192612424,251,0.015477089206891125,0.7449195216198935,0.0023000783761506494,0.545816733067729,11.728822941584253
TECS,S5,2022,0.5852563137428071,249,0.020530899178831587,0.8664208212536109,0.004754899330732476,0.5261044176706827,3.015288118937116
TECS,S5,2023,-0.3248864101686053,246,-0.0325336128418233,-1.906513390853318,0.011489420174530696,0.46747967479674796,-2.3802083904846985
TECS,S5,2024,-0.1411395939738331,248,-0.010343689326315431,-0.4834101160004541,0.0011545376694618303,0.5,-5.487810360619075
TECS,S5,2025,0.5389065654940822,143,0.0355656678535583,0.9328374306826738,0.01606847936223521,0.46853146853146854,3.064938657395738
TECS,S6,2016,-0.02052248176655472,173,-0.011693175266723282,-0.7963811787908027,0.0039129480315999166,0.47398843930635837,-4.123188918065456
TECS,S6,2017,-0.008802875146088388,219,-0.010296004580032072,-0.5563974363595483,0.0027557055833815625,0.4794520547945205,-1.0150301607808938
TECS,S6,2018,0.18048805316997196,231,0.04990251716512838,1.6943486196736717,0.03197392804439203,0.5194805194805194,13.649834312123925
TECS,S6,2019,-0.00017963049589408175,246,0.00023828850310545174,0.014566015982908536,1.4501084015794419e-06,0.5,-0.528567741643473
TECS,S6,2020,0.7517167454414904,249,0.07429072784217193,1.5600738754136299,0.034965818518439384,0.5823293172690763,35.44152988012506
TECS,S6,2021,0.012112903050176604,251,0.004606702895703101,0.25002394254336163,0.0003736717638759268,0.549800796812749,9.845112005397153
TECS,S6,2022,0.20606773073232637,249,0.02374933621053816,1.3924405435809741,0.010685812384014337,0.5582329317269076,14.86162309150116
TECS,S6,2023,-0.069102261801619,246,-0.023513644441654536,-1.7098189814017846,0.009733219243381996,0.45528455284552843,-3.0554781435352267
TECS,S6,2024,-0.02557165695111297,248,-0.006193151958537857,-0.44843933634214383,0.0007064462935275628,0.5040322580645161,-6.076630097902907
TECS,S6,2025,-0.026206526232696148,143,-0.004767603105436753,-0.14756740138573077,0.0005431405962635916,0.3986013986013986,-21.987170287105116
TECS,S7,2016,-0.01583271257189076,173,-0.01594540686810249,-0.5499386889310598,0.0032836272284463286,0.47398843930635837,-8.504473374636978
TECS,S7,2017,-0.007501897545166184,219,-0.01609612408641066,-0.49517369382450427,0.0036195381382675418,0.4931506849315068,-2.1537117473717298
TECS,S7,2018,0.11873109005858165,231,0.0635655054340392,1.5847663476550027,0.027221307693487073,0.5064935064935064,18.59776403451153
TECS,S7,2019,-0.015472619190577151,246,-0.010850489707626962,-0.5731446342826706,0.002109336296652442,0.4715447154471545,-6.469950883621245
TECS,S7,2020,0.5042951669802973,249,0.0957345820460587,1.9655025691971564,0.04383465603985959,0.5823293172690763,37.60285439421004
TECS,S7,2021,-4.108490317811874e-05,251,0.0014236330339456962,0.06785185884747721,1.8839762419231576e-05,0.5139442231075697,9.537097386952098
TECS,S7,2022,0.23789365035176063,249,0.05727235884573878,2.245936875357528,0.02529479364590337,0.5863453815261044,22.427418603961588
TECS,S7,2023,0.08445211226739159,246,0.06235245924677057,3.4727018515256702,0.037481652607984195,0.532520325203252,15.717125398698961
TECS,S7,2024,-0.06835578606392803,248,-0.029278985399297054,-1.180051494713172,0.011085194479953597,0.5120967741935484,-4.343835847444962
TECS,S7,2025,0.16183208061670887,143,0.06475363543264026,0.7376601856390119,0.04029630948615892,0.46853146853146854,-7.115227925811621
SOXL,S1,2016,-0.12831311640025747,247,0.0045413476696941745,0.25926243013259365,0.0004483682559793811,0.5101214574898786,0.2807401793911225
SOXL,S1,2017,0.17439464987557032,247,-0.01154616631661971,-0.5428456973134886,0.002235676708447376,0.48582995951417,0.26143987280565284
SOXL,S1,2018,-1.2578499736412154,246,0.03967274623423214,1.1580274271220143,0.013084374672344246,0.5284552845528455,8.105630163392867
SOXL,S1,2019,-0.11227851089871001,244,0.003898488898130232,0.38121789800047656,0.0004980297775966092,0.5327868852459017,2.525705721035346
SOXL,S1,2020,-4.754737374140454,251,0.05156041027377144,1.0772205216979058,0.01282725124562445,0.5338645418326693,10.092157326911511
SOXL,S1,2021,0.3502150244649965,251,-0.010060202434650611,-0.48137306888251535,0.0012125016982422743,0.5179282868525896,0.8766010011580256
SOXL,S1,2022,2.8126233389229083,250,-0.033666448362116984,-1.8727315385908727,0.011277509008912334,0.488,-17.7021862952994
SOXL,S1,2023,1.232919105130484,248,-0.031550262242696914,-1.5448587956740079,0.011954293744390831,0.4435483870967742,-10.907795991224564
SOXL,S1,2024,-0.6721445502480995,249,0.01149163247063638,0.4587099047067053,0.0015551396959279096,0.4939759036144578,-4.837407028427392
SOXL,S1,2025,3.3551714069347782,143,-0.06044445066008018,-1.312570005392034,0.03264372069046151,0.4125874125874126,-28.867906827773474
SOXL,S2,2016,0.013986693544976402,247,0.0040319436070846365,0.1577686416725325,0.00017908616760620166,0.5182186234817814,-2.7868668167628052
SOXL,S2,2017,0.04689770531968654,247,0.03198537697764807,1.4643861410687782,0.008507666618110754,0.5344129554655871,6.828450592212085
SOXL,S2,2018,0.1518123906513628,246,0.046175998707237,0.9532430818207678,0.009569395089476518,0.516260162601626,6.395198942499617
SOXL,S2,2019,-0.04396040305635699,244,-0.009351296691835907,-0.5744125745656036,0.0016084552076611747,0.5081967213114754,-3.1942171694212957
SOXL,S2,2020,0.9490333664011213,251,0.10013879253450417,1.9743460960038808,0.0417574427052122,0.5298804780876494,9.43988808838123
SOXL,S2,2021,-0.13725775271373009,251,-0.036252117884186225,-1.2717775362059176,0.006998191131488807,0.44621513944223107,-12.81854159701455
SOXL,S2,2022,0.06920234947944612,250,0.010191468684773872,0.35440367765726,0.00045737461115991085,0.508,-8.529905293916649
SOXL,S2,2023,0.13419094918886365,248,0.032675546937121214,1.506246056881794,0.00795152731074078,0.5120967741935484,11.326694505042958
SOXL,S2,2024,0.02528124162352306,249,0.0042162981503247165,0.13702914405488656,0.00013045813508383297,0.5060240963855421,-5.481227177771713
SOXL,S2,2025,-0.20918654043889282,143,-0.03727191668308801,-0.8243792692412764,0.009303026731068087,0.4405594405594406,-11.276755836559177
SOXL,S3,2016,0.02925814445511879,247,0.017664998407064172,0.8533115791406408,0.003986577126068869,0.611336032388664,11.277725635625119
SOXL,S3,2017,-0.018729474943215373,247,-0.013241347804054185,-0.3261553588732673,0.00227571179710917,0.5546558704453441,6.08897211227811
SOXL,S3,2018,0.29576810493841305,246,0.12023047810546217,4.172532069815547,0.09703349459000032,0.540650406504065,27.323877694105654
SOXL,S3,2019,-0.04121315328423977,244,-0.022383117311764986,-1.3830003819052226,0.0068437584165488285,0.4918032786885246,-1.7924181996849047
SOXL,S3,2020,-0.014576027038472092,251,-0.004516052232478361,-0.07837632488224068,5.7395157004647146e-05,0.5338645418326693,-0.7702654563574438
SOXL,S3,2021,0.18593135002549982,251,0.06539237060688236,2.399059686244378,0.03362364622536773,0.5219123505976095,25.01845137382447
SOXL,S3,2022,0.15896557749494777,250,0.026351483610818106,0.7851898155746498,0.004219671453082663,0.56,22.17668971351346
SOXL,S3,2023,0.09213188113451942,248,0.04087835825490377,2.047219912868095,0.014787857478997912,0.5040322580645161,5.681423891069773
SOXL,S3,2024,0.006837508317689443,249,0.0010724061007607822,0.0422351754093346,9.544448884013512e-06,0.4899598393574297,-5.76016834987351
SOXL,S3,2025,0.305626088899739,143,0.09906807231270029,1.3711281091013374,0.07121726199748624,0.4755244755244755,-1.3189829351094646
SOXL,S4,2016,-0.1657221190671586,247,-0.007072691522587056,-0.41085372833201145,0.0013761190839612913,0.5141700404858299,3.6103108693518435
SOXL,S4,2017,0.3413126890303037,247,0.023007223795618918,1.208570919946376,0.013572386275635062,0.5222672064777328,4.683535272884316
SOXL,S4,2018,2.8620739281601337,246,0.07817901572226668,3.8381653883868676,0.08572448351660955,0.573170731707317,20.03168635952269
SOXL,S4,2019,-0.3119511493389666,244,-0.010948379837363638,-0.7417218637641471,0.002949784947951617,0.5040983606557377,-3.0907400624058528
SOXL,S4,2020,-1.8403115415251035,251,-0.03790241757665996,-0.5583273143514886,0.005238324668377037,0.5816733067729084,4.768961513628015
SOXL,S4,2021,1.802808622512689,251,0.04377647574357896,3.23035608853657,0.03726725479036774,0.5577689243027888,17.31404622015394
SOXL,S4,2022,1.053301692008843,250,0.011537462743706702,0.6099984174624203,0.002048877368729718,0.532,4.589960217178457
SOXL,S4,2023,-1.46533798813632,248,-0.03484743267653667,-2.3845144077761695,0.021055493901313338,0.40725806451612906,-14.581256638938969
SOXL,S4,2024,-0.06285091974984493,249,-0.0008755325456980004,-0.04590988208789268,1.0712032090909318e-05,0.4979919678714859,-7.836152440736811
SOXL,S4,2025,-1.2133232138945755,143,-0.022692241916158838,-0.6117644567937052,0.006586485763498406,0.4195804195804196,-25.587694719763643
SOXL,S5,2016,-0.10592952679572015,247,-0.002499077715153716,-0.1399036648377336,0.00015745798866206862,0.5101214574898786,4.434304177495348
SOXL,S5,2017,0.6441151296368961,247,0.022246154545364556,1.2096560884901182,0.01295354514123992,0.5465587044534413,6.850580278578862
SOXL,S5,2018,5.020257338280046,246,0.07938541958630659,3.526433587241772,0.07835930318046769,0.5609756097560976,21.44581192014282
SOXL,S5,2019,-0.5246075586790366,244,-0.00982662490411472,-0.6413933404609582,0.0023499558033587276,0.5081967213114754,-1.2239451348036905
SOXL,S5,2020,-2.7568416799622746,251,-0.032716134722069946,-0.4863971089382229,0.00349022151021694,0.5617529880478087,-5.928413185989259
SOXL,S5,2021,2.773342315320647,251,0.037936647544887916,2.9373783168256278,0.025460001624030282,0.545816733067729,14.803620345199265
SOXL,S5,2022,-0.5787883926722613,250,-0.00373078691119486,-0.1835266110145029,0.00019111265950211287,0.512,-6.790483180638787
SOXL,S5,2023,-2.1805014784201924,248,-0.0316242398767286,-2.0281279998406365,0.014271568601239126,0.43548387096774194,-9.74594866350424
SOXL,S5,2024,-0.10666281078219259,249,-0.000810867560146472,-0.0391803342010706,8.756480207816608e-06,0.5060240963855421,-6.894925953815244
SOXL,S5,2025,-1.1843833359259106,143,-0.015987782690604056,-0.3958835722032519,0.0024746870685721234,0.3986013986013986,-20.83402994736046
SOXL,S6,2016,-0.04332152553353358,247,-0.0020731959879424335,-0.1619871886075499,0.00018559834596465485,0.5020242914979757,5.787308444496713
SOXL,S6,2017,0.2124770429730325,247,0.016694109093049025,0.9393668423624315,0.009646057469953506,0.5263157894736842,4.297235759265837
SOXL,S6,2018,1.8136752082921652,246,0.063598301587979,2.597719053077655,0.07209523643402971,0.5772357723577236,20.14318377063169
SOXL,S6,2019,-0.003648724691443263,244,0.0010475648860239686,0.10674432574592652,5.3519399849544236e-05,0.5368852459016393,3.9146814467851234
SOXL,S6,2020,1.455589205113369,251,0.019330712628025614,0.4483187562072238,0.003517434476399073,0.6095617529880478,28.6910129506058
SOXL,S6,2021,0.9071104204471759,251,0.0244603173618811,1.8351734345319528,0.017334020126626326,0.5816733067729084,20.01016500000358
SOXL,S6,2022,-0.0698823430917175,250,-0.001009393749792762,-0.0761465325160186,2.3257582656532882e-05,0.532,0.733888813365362
SOXL,S6,2023,-1.196397821716184,248,-0.031987883574622594,-2.648462501357114,0.02701774594268036,0.42338709677419356,-15.057912940504275
SOXL,S6,2024,0.24365309327098628,249,0.005005363328942726,0.317540160497176,0.0006002164054256243,0.4979919678714859,-2.7389037335395083
SOXL,S6,2025,-2.31925455506385,143,-0.042832423292852605,-1.1955609984772606,0.038994512392928615,0.35664335664335667,-48.50938980143635
SOXL,S7,2016,0.02445799255931428,247,0.013533885208099334,0.7737925105752671,0.003807241401516448,0.5708502024291497,6.432569208552832
SOXL,S7,2017,0.005579028308748139,247,0.005506156447105519,0.17353185123351425,0.0005122422830018403,0.5587044534412956,6.601112870838436
SOXL,S7,2018,0.17888448903334603,246,0.08172519605968338,2.286999164927846,0.059878579493822914,0.5772357723577236,26.07164587634169
SOXL,S7,2019,-0.02637320478584206,244,-0.010970919913753187,-0.8202714565360183,0.0033151456318292194,0.5081967213114754,-1.3049580864513268
SOXL,S7,2020,0.40464253412531126,251,0.07219186757175335,2.0629163571102933,0.03844438641063774,0.5776892430278885,31.883315246172753
SOXL,S7,2021,0.0683961695737968,251,0.02322229862917412,1.1103987850226549,0.00672169662955624,0.4900398406374502,13.61204351734919
SOXL,S7,2022,0.17334814438602092,250,0.030745389394022073,1.3392218886756646,0.008447461324743055,0.564,24.17186182817864
SOXL,S7,2023,0.1037022527199829,248,0.04327373750445102,2.4744425030444215,0.02560273913964184,0.5080645161290323,14.148762260185828
SOXL,S7,2024,-0.0038230969318690964,249,-0.001102752492843363,-0.04890486542400629,1.7940820400519364e-05,0.5180722891566265,5.562190491464856
SOXL,S7,2025,0.07118569101119084,143,0.018848980158578287,0.30945883746856423,0.004830725294174942,0.43356643356643354,-22.471640042619107
SOXS,S1,2016,0.07493978959894745,229,0.017784161703496202,1.0064390049525656,0.006319117744558844,0.4978165938864629,5.08923008587769
SOXS,S1,2017,-0.03247545221535105,245,-0.01313833636288957,-0.6998874832054461,0.0031321306592231313,0.45714285714285713,-2.4198891430262477
SOXS,S1,2018,0.18159813780585324,246,0.033167178428933866,1.0340401935346712,0.010358842809725988,0.4959349593495935,5.969038884904155
SOXS,S1,2019,0.01710956868745829,245,0.003921808824020321,0.3943763631581483,0.0004957401728556965,0.5061224489795918,3.2406323760320563
SOXS,S1,2020,1.5675413454813918,249,0.10202596291335382,1.9151190459170644,0.04634323017793329,0.5381526104417671,16.968065778158802
SOXS,S1,2021,-0.03587578374313945,251,-0.005606780492721916,-0.26127795838894236,0.0003474816565246508,0.4820717131474104,3.275546421827341
SOXS,S1,2022,-0.38572117780386656,250,-0.02655086237669886,-1.4911968832520475,0.007190373885992529,0.496,-14.498477556433404
SOXS,S1,2023,-0.18761033772559357,248,-0.028017243789741755,-1.3242355418588616,0.008383284111410538,0.43951612903225806,-10.168846979184414
SOXS,S1,2024,0.1847611291261497,249,0.018641989319801208,0.7788701305699404,0.0040988180623617865,0.5060240963855421,-1.733439125561679
SOXS,S1,2025,-0.3842672192118499,143,-0.03952964827273454,-1.192285451012986,0.015623358437072965,0.3776223776223776,-21.699315076803618
SOXS,S2,2016,0.019483876872085894,229,0.011060414991642287,0.43323942373293695,0.001384805364917585,0.4890829694323144,0.2648110675494291
SOXS,S2,2017,0.03640669962021261,245,0.03940950197955994,2.0072235975979362,0.014198623054751947,0.4897959183673469,5.408567085901853
SOXS,S2,2018,0.08718412239322645,246,0.04287461211021919,0.9157696074809383,0.008876659773287332,0.4878048780487805,9.089906654290044
SOXS,S2,2019,-0.029748416858444704,245,-0.009231359539637489,-0.5898632135184874,0.0016092306231036968,0.4816326530612245,-2.9980899664839287
SOXS,S2,2020,0.8167178369952918,249,0.14376004286507266,2.1824430368881234,0.0701548469472616,0.5341365461847389,16.736101221284756
SOXS,S2,2021,-0.09724528862451422,251,-0.040659902123145054,-1.4752163594056489,0.008387711402505493,0.4262948207171315,-13.484035804305828
SOXS,S2,2022,0.11993784125931507,250,0.024964921593237568,0.8393629310727525,0.0028239607793582033,0.536,-1.984682983393835
SOXS,S2,2023,0.10768539463848201,248,0.04235942371564591,1.8585583376509858,0.012081479108261295,0.5120967741935484,12.63068992575496
SOXS,S2,2024,0.03358962239337697,249,0.008914435212340201,0.32401424907901116,0.0005986135005923154,0.5140562248995983,-2.272699480777319
SOXS,S2,2025,-0.09401168868903205,143,-0.026322129034091098,-0.6596449541746152,0.0030590825521950027,0.43356643356643354,-1.6869029144599408
SOXS,S3,2016,0.026847450635701126,229,0.023939864411069465,1.1856071471685687,0.008014308283465832,0.5152838427947598,3.4951291867959786
SOXS,S3,2017,-0.0031269660448099276,245,-0.0029027258460265757,-0.08549603528250681,0.0001231716061541599,0.5224489795918368,6.6156414154869205
SOXS,S3,2018,0.1746704030414706,246,0.11015945608964291,3.8155862460705396,0.08410513943447773,0.532520325203252,25.737315118605103
SOXS,S3,2019,-0.028419553701229876,245,-0.023022207737599363,-1.4251429854094873,0.007321429960184811,0.4897959183673469,-1.9442629361563308
SOXS,S3,2020,0.0472109653943983,249,0.019470705448483283,0.3223311882499066,0.0010044225988684596,0.5341365461847389,-4.4765564839736545
SOXS,S3,2021,0.10450107746413696,251,0.05474070644091568,2.225992479080719,0.022892536782769923,0.5099601593625498,23.849098011417066
SOXS,S3,2022,0.14676935043533296,250,0.03782062384702475,1.135294303046138,0.008648780722690153,0.572,25.834410388588164
SOXS,S3,2023,0.08141568764460291,248,0.04951619681318481,2.284112509513981,0.020029647213240298,0.5080645161290323,7.954709828717
SOXS,S3,2024,0.006141541256330398,249,0.0024596818764713955,0.10508248655824705,5.130197329283881e-05,0.5020080321285141,-5.849903047748675
SOXS,S3,2025,0.4439900438740665,143,0.21450100575877284,1.8220355106651946,0.22665920859175037,0.4405594405594406,7.5978122788268765
SOXS,S4,2016,0.006836080975673058,229,0.0024702058929637486,0.15029454863021136,0.00016113871793954626,0.537117903930131,9.147302486677152
SOXS,S4,2017,0.03529004950278344,245,0.015702801537733548,0.952895805836028,0.00705897902316821,0.49387755102040815,3.2421065163522225
SOXS,S4,2018,0.3822331660991263,246,0.07439395079359146,3.8783578079635594,0.08426219976242988,0.5609756097560976,20.021114107217993
SOXS,S4,2019,-0.053703604629629774,245,-0.013603562455377081,-0.9471059474713825,0.0044013861425898915,0.47346938775510206,-3.5361378419207004
SOXS,S4,2020,0.1784904448581769,249,0.02369104162549231,0.5946999888955269,0.002104691973319084,0.5783132530120482,16.83177729455337
SOXS,S4,2021,0.28299108939036466,251,0.047772315758260575,3.1178723976613547,0.041073018977847875,0.5099601593625498,16.574374016598327
SOXS,S4,2022,0.16913445476973424,250,0.013142247383190581,0.6964744003058229,0.00265804918334811,0.54,4.515370046760467
SOXS,S4,2023,-0.192998168445531,248,-0.032297151723857304,-2.126174495474199,0.016405782589965834,0.4274193548387097,-13.77790941160791
SOXS,S4,2024,0.012200541437275763,249,0.00372845439519079,0.18937323301665107,0.00019240333882197813,0.4899598393574297,-5.743536064887209
SOXS,S4,2025,0.17952594604202654,143,0.022425960400700544,0.5394398353374116,0.007593107700675006,0.4195804195804196,-16.05193919290935
SOXS,S5,2016,0.03372891503867882,229,0.007669982855783053,0.4694028163555443,0.0014519618834967218,0.49344978165938863,5.017298918714346
SOXS,S5,2017,0.055100465799210345,245,0.016518012406325742,1.0261087725153126,0.007916421734419088,0.4816326530612245,4.175664632309981
SOXS,S5,2018,0.5037535866034216,246,0.07511378057209579,3.5674403477075667,0.07625410597550453,0.5487804878048781,21.475422988668225
SOXS,S5,2019,-0.06822849827648293,245,-0.012074293551791222,-0.8111465711532787,0.0034373183351315006,0.46122448979591835,-2.1200036573273247
SOXS,S5,2020,0.09340622316028346,249,0.00890842286948878,0.17004449442213612,0.00027576449693411664,0.5421686746987951,-6.054800852805883
SOXS,S5,2021,0.311601330454656,251,0.038710378827516656,2.755682977907579,0.024941462882899335,0.5059760956175299,16.279709653058923
SOXS,S5,2022,-0.014884836110269563,250,-0.0009202594188110187,-0.04415159334909095,1.1526939521111501e-05,0.52,-6.1846953114971415
SOXS,S5,2023,-0.21377794485079263,248,-0.029285123162205502,-1.8242812636294408,0.011112613102561841,0.4435483870967742,-9.845164565539239
SOXS,S5,2024,0.029431027723641777,249,0.004738280007153042,0.22401991936356644,0.0002980800576870557,0.4899598393574297,-5.497092425215318
SOXS,S5,2025,0.26986973045765306,143,0.030023125189102287,0.6321175815385384,0.010055549856270218,0.38461538461538464,-14.708984705110906
SOXS,S6,2016,0.02141191602447798,229,0.007282113486489488,0.633182303049347,0.0021680553708666173,0.49344978165938863,5.682228322116592
SOXS,S6,2017,0.019062376298693465,245,0.010767753037876266,0.6853694178256897,0.004326757247414714,0.49795918367346936,2.343488566184604
SOXS,S6,2018,0.22825131597806578,246,0.05647129324412441,2.5598485276112193,0.06410896485451001,0.573170731707317,20.52761027379673
SOXS,S6,2019,0.0011244497105720786,245,0.0016211896292184875,0.17308149109239565,0.00012527706337084332,0.5102040816326531,2.8595749204647225
SOXS,S6,2020,0.7262700061913693,249,0.06627945641244741,1.8215033958722824,0.04073054484721439,0.5863453815261044,32.8873021689546
SOXS,S6,2021,0.14689858036442088,251,0.028244712526805216,1.9906137582788996,0.021500251731558118,0.5418326693227091,19.386140173876033
SOXS,S6,2022,0.024250756784422994,250,0.0020591957478873126,0.15340520336536273,9.91534394545468e-05,0.54,7.46532071485452
SOXS,S6,2023,-0.151464030534506,248,-0.02936876561605878,-2.359236465056378,0.02017988968208262,0.45564516129032256,-12.14737843987281
SOXS,S6,2024,0.06949045197285818,249,0.010465627867726302,0.6868481753606079,0.0026387252366247838,0.5140562248995983,0.3079512477193912
SOXS,S6,2025,-0.08529582279037445,143,-0.010618373736441174,-0.28104723834520007,0.0027127303592668905,0.32867132867132864,-42.474327783189004
SOXS,S7,2016,0.022373882601605024,229,0.019374741333445158,1.1528084697272385,0.008334479332409828,0.5065502183406113,6.350850402133383
SOXS,S7,2017,0.008498681887774574,245,0.012508187996499057,0.4684425679857074,0.002878694619532829,0.5224489795918368,6.351735510748447
SOXS,S7,2018,0.10504555774464489,246,0.07188472492203346,2.141737399860418,0.0494928910481266,0.532520325203252,22.962772706579987
SOXS,S7,2019,-0.01605944036377593,245,-0.009510196862295275,-0.7448234458178434,0.0025508760926324925,0.5061224489795918,-0.3120681016767281
SOXS,S7,2020,0.3918417193041393,249,0.10135471994461598,2.657515707194713,0.06596576258759612,0.5863453815261044,38.79710485139556
SOXS,S7,2021,0.036132186578606076,251,0.018964823997185493,0.995676087062441,0.004315384258519739,0.4820717131474104,11.402729027703055
SOXS,S7,2022,0.1585176973780108,250,0.041877482609242,1.8137494741573845,0.016123553205838248,0.584,30.72549911052328
SOXS,S7,2023,0.08619814223058471,248,0.05214599916858562,2.7682122356124728,0.03358945057452167,0.5201612903225806,16.486347790474255
SOXS,S7,2024,0.008431074483344889,249,0.0030391249936948797,0.1571373934130023,0.0001404672342636415,0.5301204819277109,9.103105216985893
SOXS,S7,2025,0.19902049815506567,143,0.07982242510730894,0.8466602167596157,0.0577871204356708,0.4195804195804196,-17.29914290223994
UDOW,S1,2022,0.8098023017923783,248,-0.05726867630694367,-1.6644693092223755,0.02075878062808567,0.5,-7.501443559951949
UDOW,S1,2023,-0.00934428365844672,246,0.0016078525466183954,0.06782387626939276,1.557260014040107e-05,0.5040650406504065,-1.2444102676520294
UDOW,S1,2024,0.18828954162718398,247,-0.032036741151093374,-1.5617096681847582,0.007915495547451412,0.46153846153846156,-4.803662892247552
UDOW,S1,2025,0.011252440238884541,143,-0.0007696033999475356,-0.021445893847459672,6.366247910505329e-06,0.45454545454545453,-2.195365875350602
UDOW,S2,2022,0.7899773689786611,248,-0.04889504790162827,-1.087424031684293,0.007385201864224977,0.49193548387096775,-3.7016000052210765
UDOW,S2,2023,-0.014950147017416166,246,0.0045346610167037405,0.13567810526880866,7.407512384183246e-05,0.47560975609756095,-2.053650772147299
UDOW,S2,2024,0.3397952277374216,247,-0.05126117996864957,-2.0355172226701472,0.013406187960603222,0.44129554655870445,-6.911076201091783
UDOW,S2,2025,-0.1148224496986665,143,0.012682306253306833,0.3575695309730495,0.0011329266418508288,0.4825174825174825,2.1655914159930725
UDOW,S3,2022,-0.11951415958502395,248,-0.004892933391418854,-0.14847861364058998,9.415300697590556e-05,0.5443548387096774,0.03302458379020055
UDOW,S3,2023,0.04520130472075917,246,0.00670216893030786,0.2554236658329768,0.00023289101001044976,0.5,3.409116603809633
UDOW,S3,2024,-0.35261747473825356,247,-0.05100651308577236,-1.1000045119527215,0.013143386515751532,0.46153846153846156,-5.22081620244137
UDOW,S3,2025,1.4269303296025184,143,0.10547336354709436,1.5414750070507264,0.11195347847849602,0.4965034965034965,3.870869725936342
UDOW,S4,2022,1.1630180995235966,248,0.01921961844393207,0.7256927366869073,0.0032099488117821595,0.5282258064516129,8.500263825202495
UDOW,S4,2023,0.1711276264631033,246,0.008233953940989507,0.42840366068347585,0.0006300645888190903,0.5203252032520326,2.5844535617034397
UDOW,S4,2024,-0.7107810894298707,247,-0.03802916941838693,-1.1211944163693266,0.011528318122919212,0.4939271255060729,-5.2794848916363115
UDOW,S4,2025,0.37663536344317095,143,0.008305006798507573,0.25229490202223426,0.0013285192372183285,0.45454545454545453,-6.485438836828381
UDOW,S5,2022,0.257535813997278,248,-0.0006221446138949156,-0.022382931391402093,3.1189844478252127e-06,0.5282258064516129,-0.3767697219406533
UDOW,S5,2023,-1.1117793687934678,246,0.004424649430940225,0.22625214633902718,0.00016973276378606794,0.4959349593495935,0.9167413931565616
UDOW,S5,2024,9.793665433714505,247,-0.04418147053052943,-1.4251923822235983,0.014906980412639048,0.48582995951417,-5.461005920468902
UDOW,S5,2025,-7.939421878918315,143,0.01786955829768277,0.45715054994977117,0.00490370019123465,0.4405594405594406,-5.322550872309227
UDOW,S6,2022,0.4444249678079102,248,-0.0064007579125966215,-0.3338202866955725,0.0005108929115510419,0.5403225806451613,3.025014105149301
UDOW,S6,2023,-0.1984144548758768,246,0.008085083688670237,0.47637338381065303,0.0008512159918416806,0.5,0.8595670224338353
UDOW,S6,2024,0.8810914841294842,247,-0.033844573311822446,-1.664806151456184,0.015273355567434033,0.4939271255060729,-3.477673858826389
UDOW,S6,2025,-0.12710199706151767,143,0.0028588011905183253,0.09981175242205571,0.0001983249273774801,0.5034965034965035,-3.0624634698190194
UDOW,S7,2022,-1.2018797392230829,248,-0.01330942744252616,-0.4408712808277188,0.0009988282374417956,0.5685483870967742,2.3823862486142238
UDOW,S7,2023,0.5631392824473668,246,0.020957648413388166,1.02050038652348,0.003168830302961556,0.491869918699187,4.172931804102158
UDOW,S7,2024,-1.5950860909017879,247,-0.048662174604242034,-1.6906132762477324,0.02064727422349988,0.44129554655870445,-6.945105369159997
UDOW,S7,2025,3.233826547677504,143,0.06502464569672367,1.2041731683760455,0.05762758727880535,0.5104895104895105,4.082865137900231
SDOW,S1,2022,0.7639452342915327,249,-0.04086949769264429,-1.3071778773738545,0.011022720141748321,0.4939759036144578,-6.602005427280335
SDOW,S1,2023,-0.0673105568665565,247,0.010732002865351841,0.5036089273969514,0.0007144311185217633,0.4979757085020243,-0.32798398422565395
SDOW,S1,2024,0.259974215819498,247,-0.03231230257869109,-1.6633408052169638,0.008082659292989347,0.46153846153846156,-5.620618905823248
SDOW,S1,2025,0.04339110675552595,142,-0.0033411172034837552,-0.10148830696010268,0.00012626083511246833,0.45774647887323944,-2.390165190189479
SDOW,S2,2022,0.6278391857911244,249,-0.026583780794718063,-0.6663551829243247,0.0022429250632605147,0.4939759036144578,-4.127706816325329
SDOW,S2,2023,-0.03347004669504755,247,0.005980605917241602,0.1915097451283133,0.0001316556025924287,0.4939271255060729,-1.3897241018159507
SDOW,S2,2024,0.4258356080364826,247,-0.04285897250630688,-1.8358866941880718,0.009447043871339433,0.43724696356275305,-7.3135255121374465
SDOW,S2,2025,-0.020204747132559427,142,0.0015557865183240672,0.04760357969866504,1.4833808285485972e-05,0.49295774647887325,3.918571857395499
SDOW,S3,2022,-0.029107287488023458,249,-0.0014146408388256216,-0.045303873248413104,8.018538823484356e-06,0.5341365461847389,-0.9201763934612581
SDOW,S3,2023,0.024771798229113424,247,0.0057154069479876364,0.2198623649129566,0.00016947976303249845,0.4979757085020243,2.4572699707597114
SDOW,S3,2024,-0.21750588019274733,247,-0.048355223121779665,-1.0599672648354952,0.011777646210296533,0.47368421052631576,-3.8682599183958777
SDOW,S3,2025,1.2218413694516574,142,0.1449935929468051,1.7456767753909024,0.1779918985039315,0.5070422535211268,7.451316914284136
SDOW,S4,2022,0.8472926557482341,249,0.020251779483421974,0.848859730454424,0.003697667650915837,0.5301204819277109,9.07531030544288
SDOW,S4,2023,0.10737757672601163,247,0.007278006897210265,0.38099992480467987,0.000498050183810661,0.5020242914979757,1.8865829746056058
SDOW,S4,2024,-0.4848377432017081,247,-0.036618184418661354,-1.1126379369910269,0.01064764346373559,0.46153846153846156,-4.00682399201171
SDOW,S4,2025,0.5301675107274624,142,0.017433006114437776,0.5500618984817379,0.005987238745888579,0.43661971830985913,-5.652017824434977
SDOW,S5,2022,0.09997627075329173,249,0.0002672346180298781,0.010715897193719631,5.949729185994457e-07,0.5060240963855421,-1.120363557371995
SDOW,S5,2023,0.22416285146925888,247,0.003172216858122891,0.1619828760873997,8.798306739676853e-05,0.4817813765182186,0.8081567794858093
SDOW,S5,2024,-2.524968855273608,247,-0.0415775878068597,-1.3690626855329753,0.013106789862747048,0.4777327935222672,-4.233012409383621
SDOW,S5,2025,3.2008297330510573,142,0.027582201819424043,0.7622731157340014,0.011887569186992297,0.4295774647887324,-3.0719382701023084
SDOW,S6,2022,-4.59647709630051,249,0.0024416807013044996,0.1482119580760074,7.89709214563672e-05,0.5140562248995983,0.36447965656009107
SDOW,S6,2023,-7.252050664529894,247,0.01238043706516752,0.7704726140288283,0.002006424586833311,0.4898785425101215,1.981184284520113
SDOW,S6,2024,21.78761851317533,247,-0.0341532794311001,-1.7442068266370365,0.015606607942487138,0.46963562753036436,-3.6259358546453235
SDOW,S6,2025,-8.939090752344928,142,0.008577012299414905,0.3218479767868384,0.001803417203487978,0.4859154929577465,-2.741584183003475
SDOW,S7,2022,-0.029951115201942012,249,-9.559584203649403e-05,-0.003652805412354405,5.389495916219289e-08,0.5662650602409639,6.793361113211709
SDOW,S7,2023,0.19485369318101403,247,0.021739019241355906,1.0986396564066518,0.00341901453022897,0.5182186234817814,5.433722398434014
SDOW,S7,2024,-0.49047217753717054,247,-0.044644665791531896,-1.576560524048523,0.017423056799160563,0.43724696356275305,-5.878277300906801
SDOW,S7,2025,1.3255695995580985,142,0.0845389878865697,1.2897301090513096,0.0814989593026294,0.5211267605633803,6.255480981399149
LABU,S1,2020,1.2512886902818445,248,0.07091138018667142,2.5476946316351214,0.028285948564344743,0.5040322580645161,16.141734457549127
LABU,S1,2021,0.35158816723450903,251,0.03462208850720996,1.4705703231643585,0.010486350447839854,0.5418326693227091,9.77162996551591
LABU,S1,2022,-0.3967102524045225,250,-0.017354157727209697,-0.9966540997513987,0.00268229015108723,0.504,-8.842459879881957
LABU,S1,2023,-0.09688557678036959,248,-0.009030685792502387,-0.4500566376318665,0.0010439625025815413,0.4838709677419355,0.5607715173222739
LABU,S1,2024,-0.1350547616610421,248,-0.0154603403301988,-0.8862821156356364,0.002748979845974886,0.5645161290322581,6.07962248757751
LABU,S1,2025,0.02577373332958067,143,0.002567912890540382,0.0990128184347867,9.068760405095411e-05,0.5314685314685315,2.3735258133799357
LABU,S2,2020,0.9080767195343281,248,0.1381389596875013,3.430105312610818,0.07388286601279548,0.5241935483870968,29.92182968366489
LABU,S2,2021,0.14143975317348687,251,0.03715109180677782,1.1369739003850945,0.004769286758410485,0.549800796812749,7.748230730540895
LABU,S2,2022,0.1831266292636614,250,0.022157845188390826,0.8105219888792842,0.002031193449523294,0.512,8.595965315252467
LABU,S2,2023,-0.029311357587899194,248,-0.0074399249344298014,-0.2768963731674432,0.00041003764014413413,0.45161290322580644,4.710676530932168
LABU,S2,2024,-0.1277382977467201,248,-0.039169914020576777,-1.7377087499917985,0.009208753506474876,0.5161290322580645,0.26056414106855097
LABU,S2,2025,-0.07559344663685706,143,-0.027040185909683042,-1.1054400149865091,0.0064811103866331266,0.4965034965034965,-9.871039842969473
LABU,S3,2020,0.2261142395436728,248,0.05373741823713668,1.460188541432988,0.011104190534502068,0.5604838709677419,24.65144441654586
LABU,S3,2021,0.3032936266860365,251,0.06888553200537696,2.556722526219025,0.029195846048286622,0.5976095617529881,36.67499918673231
LABU,S3,2022,0.4308924907858064,250,0.04862280718583231,2.04288288859018,0.016117269969815995,0.572,49.35751809626884
LABU,S3,2023,-0.1165829708248796,248,-0.032492772269744744,-1.4006087148046877,0.0114718698605204,0.40725806451612906,-18.190700651048243
LABU,S3,2024,-0.03944340612679458,248,-0.013626200213730781,-0.4009996484374055,0.001537138980505226,0.5040322580645161,-1.0065382965812921
LABU,S3,2025,0.19572601993615832,143,0.08291691767859087,2.3018805453888285,0.09020664892702157,0.5734265734265734,16.962326223572656
LABU,S4,2020,0.19109905969749655,248,0.01524349142198443,0.46915475529908485,0.0014988823957642339,0.5161290322580645,13.838979140709368
LABU,S4,2021,0.5548261566736912,251,0.04453206551415591,3.2042750035859893,0.034856050426380625,0.5776892430278885,19.93455228128961
LABU,S4,2022,0.604367665513359,250,0.02437796071917253,1.3531676554752523,0.009718768840460412,0.552,16.992331005072216
LABU,S4,2023,-0.2254224370600943,248,-0.02410401820441175,-1.278454760179275,0.011121721415123687,0.4314516129032258,-11.872735888121822
LABU,S4,2024,-0.0823235504985808,248,-0.010689514615472651,-0.45787679419422633,0.001902828102683718,0.5362903225806451,2.558919964518606
LABU,S4,2025,-0.04254689432587177,143,-0.005488439070477573,-0.3578784587484001,0.0007516588311489159,0.5524475524475524,-0.8041546572909434
LABU,S5,2020,0.25087747066758587,248,0.014091018696134524,0.37118039472552783,0.001109291260579237,0.5120967741935484,10.79770008523933
LABU,S5,2021,0.7604200266131969,251,0.04250026357739761,2.846018912173561,0.028135578451061405,0.5976095617529881,25.800321885425657
LABU,S5,2022,0.5512471234624963,250,0.015361429487834852,0.886862848538626,0.003463196396485735,0.548,16.027985189025728
LABU,S5,2023,-0.42374723936485026,248,-0.028764358865293806,-1.6538971499954926,0.015535559290757117,0.4153225806451613,-14.860807988364838
LABU,S5,2024,-0.17447247689701462,248,-0.014707131859602308,-0.6039818841804985,0.003431289972382068,0.532258064516129,-0.8478694804654114
LABU,S5,2025,0.035675095518585644,143,0.003790163813484525,0.22725501230812695,0.0002924324034889736,0.5524475524475524,1.878284883381421
LABU,S6,2020,0.631594121472298,248,0.04719849121511864,3.0910637820552798,0.02560853067185842,0.5201612903225806,25.518264342328973
LABU,S6,2021,0.4036246164705061,251,0.04741961800919105,3.4045688060654786,0.04453416248430875,0.5816733067729084,24.457717414069975
LABU,S6,2022,0.25539911198690546,250,0.014211548916982002,0.942827785798379,0.004072304953106176,0.54,15.921050717176675
LABU,S6,2023,-0.117472817284626,248,-0.01550931575651397,-0.9834323354888532,0.005994926326076122,0.4274193548387097,-11.428799466946518
LABU,S6,2024,-0.12228869033654714,248,-0.019549298266836553,-1.064263904853598,0.008528378924403612,0.5241935483870968,-2.8349974366798407
LABU,S6,2025,-0.05085634230853644,143,-0.010224073517029907,-0.5868334628275221,0.0029629331020386562,0.5314685314685315,-1.201088385582868
LABU,S7,2020,0.5611335760276245,248,0.10458918698669367,3.6160100776623985,0.07651389909874817,0.5725806451612904,41.92114140119313
LABU,S7,2021,0.19879934177848876,251,0.05496827348444151,2.0937114494915297,0.02179732328195083,0.5856573705179283,39.025054801853486
LABU,S7,2022,0.322221801076824,250,0.04219502561167394,2.1799721455612326,0.015011104646929896,0.56,25.532337825442593
LABU,S7,2023,-0.053095703459806284,248,-0.01610178712458118,-0.7391010636765248,0.0036426210914317636,0.41935483870967744,-5.746722373574182
LABU,S7,2024,-0.09944603722760532,248,-0.035011890402346396,-1.3172307477550982,0.014197049627919789,0.46774193548387094,-11.859498278176497
LABU,S7,2025,0.07038702180447433,143,0.03539404729609355,1.1501498175518048,0.020354409933212136,0.5384615384615384,15.541673995714163
LABD,S1,2020,0.9545182199653398,249,0.09532848604740878,2.8608475818291033,0.046019781648599656,0.4819277108433735,16.785212805916352
LABD,S1,2021,0.15782522940417681,251,0.02611692562759077,1.0624914506622578,0.0058909462929666034,0.549800796812749,7.733514469658656
LABD,S1,2022,-0.09971190969952343,250,-0.006952028230188227,-0.3894830913090773,0.00043678437941918613,0.488,-4.336428659670917
LABD,S1,2023,0.0034921565749052763,248,0.000569929082119159,0.027428699329345222,3.934232601587873e-06,0.4959677419354839,1.8015199769295496
LABD,S1,2024,-0.037278894307404116,249,-0.007132827104746427,-0.4236525761797468,0.0005763533806179,0.5662650602409639,7.963606764002488
LABD,S1,2025,0.021155198062505685,143,0.0044532555936438074,0.2246688679799079,0.0002949249296791967,0.5104895104895105,2.752758631572091
LABD,S2,2020,0.838385258382478,249,0.14963506558452572,3.0568920223695373,0.07740647203356232,0.5060240963855421,25.719765116728666
LABD,S2,2021,0.0790622929550467,251,0.02399556297234561,0.6769024062684823,0.0020448325977592274,0.5179282868525896,3.957729634399138
LABD,S2,2022,0.26701456931743917,250,0.03533193239397551,1.2240555365603782,0.005051625200585552,0.5,17.010787634486967
LABD,S2,2023,-0.00782655679626251,248,-0.002261170599487553,-0.0796572063987105,3.622940146152942e-05,0.49193548387096775,5.490192428191322
LABD,S2,2024,-0.10068591223188533,249,-0.03425701505777468,-1.522717738791882,0.006834423690755487,0.5140562248995983,2.0641123492225013
LABD,S2,2025,-0.07594965162681595,143,-0.029312153615630773,-1.1964474926807538,0.007382211182995757,0.5174825174825175,-10.379550093445577
LABD,S3,2020,0.175350530572799,249,0.043391627047972295,0.8277063171863915,0.0071681649863000185,0.5421686746987951,18.18708077971355
LABD,S3,2021,0.25921705929295996,251,0.06280873579313463,2.2752171614075714,0.025364402910834083,0.5776892430278885,33.54613125410605
LABD,S3,2022,0.48486341224954027,250,0.061882212178853604,2.5972510266399365,0.024546664697197684,0.564,55.00199194542231
LABD,S3,2023,-0.08881053519185055,248,-0.02631903108937717,-1.095005950309574,0.007353066110699857,0.41935483870967744,-15.810882743253583
LABD,S3,2024,-0.0337070856368394,249,-0.012619534200779743,-0.3526412724241032,0.0013078702122211183,0.4979919678714859,0.8076826504510938
LABD,S3,2025,0.2030866187133905,143,0.09502247778125011,2.4781601447703565,0.11408037853202457,0.5944055944055944,25.874911862504995
LABD,S4,2020,0.14827596298830453,249,0.018338113944632892,0.48813255644777537,0.002103472890362834,0.5381526104417671,23.546905214532206
LABD,S4,2021,0.3593268029383263,251,0.0441726060394388,2.781925802118551,0.034307114370644154,0.5697211155378487,20.540899185844463
LABD,S4,2022,0.5954192072989327,250,0.03841645949746351,2.1160413395190774,0.023800219004354917,0.568,25.192337536636355
LABD,S4,2023,-0.08584582328286708,248,-0.013989703520706793,-0.7307393263437145,0.003617522115406002,0.39919354838709675,-8.329323190137785
LABD,S4,2024,-0.01869891169569353,249,-0.0038373177502826874,-0.15955801283063895,0.0002456165718748293,0.5180722891566265,3.622052854906419
LABD,S4,2025,0.001522761752997131,143,0.0004514668680337911,0.03371960458263825,5.345093421427194e-06,0.5034965034965035,-0.14637607228527694
LABD,S5,2020,0.13952804311905356,249,0.013380723320923639,0.2923276708874284,0.0009984905261711807,0.5220883534136547,11.740374790171694
LABD,S5,2021,0.42250108653230506,251,0.04100659927197422,2.4398852712891763,0.02629281790144078,0.601593625498008,28.993864342114946
LABD,S5,2022,0.5878101764588798,250,0.029921066197382933,1.6827163351888306,0.012816299978928303,0.552,21.09011462573438
LABD,S5,2023,-0.15851443115079217,248,-0.018624070134421012,-1.04654569657543,0.0062936381529085095,0.39919354838709675,-11.575230256374827
LABD,S5,2024,-0.04530946827612266,249,-0.006750441205899517,-0.2652916046662435,0.0007279556239978557,0.5220883534136547,2.9542061431768447
LABD,S5,2025,0.05398459331667628,143,0.010027338479805544,0.6957801740245879,0.002198846100170959,0.5314685314685315,6.664561265792275
LABD,S6,2020,0.5514442657566722,249,0.06565269387979746,3.7351829798157676,0.045866085524249534,0.5381526104417671,30.706262713622095
LABD,S6,2021,0.2496164061083493,251,0.044441405492201796,2.9133084253382497,0.03887010080065667,0.5976095617529881,27.48227843247634
LABD,S6,2022,0.29844512430685,250,0.024928862634002742,1.600208011619385,0.012700850124749419,0.552,25.199871350150804
LABD,S6,2023,-0.026377165782252066,248,-0.00532737665406902,-0.3364227320382322,0.000667148614376778,0.41935483870967744,-6.013449768917861
LABD,S6,2024,-0.04774224101432488,249,-0.01176823565662041,-0.6540593690238625,0.0030461786228872523,0.5301204819277109,2.257318041706882
LABD,S6,2025,-0.025386389375294523,143,-0.00788555093676712,-0.591883391821125,0.001898282511510252,0.5104895104895105,-0.26594394283509326
LABD,S7,2020,0.5184212175852028,249,0.10815659933301694,3.989648828401993,0.07563278211593627,0.5502008032128514,43.70358745676555
LABD,S7,2021,0.15627981472884214,251,0.04684856076501389,1.7121929509822567,0.0164169790587817,0.5737051792828686,38.096758288443795
LABD,S7,2022,0.35356392602083647,250,0.05046695259007169,2.537282621313101,0.020917917792005913,0.564,37.43983342773764
LABD,S7,2023,-0.031292262588708084,248,-0.010391985640782732,-0.4644441253446829,0.0014497650982888688,0.4314516129032258,-4.821155428723136
LABD,S7,2024,-0.07783743832846293,249,-0.030165901570189776,-1.0993622770113614,0.010178630021855706,0.4738955823293173,-9.820893475744533
LABD,S7,2025,0.08086474258228966,143,0.04454570472839978,1.3792889188223476,0.03124392870859649,0.5524475524475524,18.231431949552285
NVDL,S1,2023,0.3987265093204312,164,-0.015840212430543746,-1.1266947505839175,0.007425655200634984,0.5365853658536586,-0.5550807069260439
NVDL,S1,2024,-1.0325179345890954,249,0.020845771195286335,1.0534146580902801,0.006371187821391455,0.5140562248995983,2.105879203111467
NVDL,S1,2025,1.6337914252686643,143,-0.04685311777379404,-1.34301231180884,0.021182701389690584,0.5174825174825175,-14.102776973687332
NVDL,S2,2023,0.029414982492300682,164,-0.001966266745367748,-0.11675531301290133,6.704618695141384e-05,0.5548780487804879,6.094315123199754
NVDL,S2,2024,0.17417717498935617,249,-0.00566175250715569,-0.22920077957065796,0.0003006209453337849,0.5140562248995983,-1.0096863468583426
NVDL,S2,2025,0.7964078425183432,143,-0.040302318602146746,-0.9155146505387356,0.01067250864651259,0.48951048951048953,-12.279260455788767
NVDL,S3,2023,0.25229855830446957,164,0.06576657422882155,2.4292594536036787,0.03987139760273828,0.49390243902439024,6.191956152281658
NVDL,S3,2024,0.25926483917928683,249,0.01633950913796797,0.9444370797765718,0.0026683930842391623,0.5020080321285141,2.615548469274992
NVDL,S3,2025,0.4884366025162437,143,0.04346910117430677,0.8738407110071705,0.014366921019597134,0.5104895104895105,4.568923037242211
NVDL,S4,2023,0.15086531266044834,164,0.027068308075848105,1.1924414924725122,0.012847522463406591,0.5121951219512195,-0.44701821959943844
NVDL,S4,2024,0.7233575018829606,249,0.034282418997797826,2.9758037151319794,0.01838865016145841,0.5381526104417671,13.8700935554427
NVDL,S4,2025,0.12577718545659106,143,0.007540236659973866,0.22354886386452155,0.0007023652055142549,0.5174825174825175,9.319631377930484
NVDL,S5,2023,0.145578305727172,164,0.027475623826447013,1.185020197935464,0.011875986729310006,0.5304878048780488,0.9469224292681608
NVDL,S5,2024,0.7340211122449986,249,0.03306787527019969,2.856418127424859,0.017086431818069014,0.5421686746987951,7.642535149615351
NVDL,S5,2025,0.12040058202782947,143,0.007287074960764884,0.19837011514909797,0.0005929345526418661,0.48951048951048953,-1.0340204715528658
NVDL,S6,2023,-2.1381733976140325,164,-0.007172147451179766,-0.4704494616783945,0.002135751442070677,0.573170731707317,3.7162703760838154
NVDL,S6,2024,17.392745245512888,249,0.023748432486453624,2.10577470517678,0.014731668984730772,0.5060240963855421,1.1756435941799732
NVDL,S6,2025,-14.254571847898855,143,-0.02429119890568427,-0.8499391410386872,0.011805497030212053,0.5314685314685315,-10.167422302617034
NVDL,S7,2023,-1.571481676638914,164,0.013733639505859228,0.6945002243491313,0.004307136728076921,0.5609756097560976,12.608861117665597
NVDL,S7,2024,0.1504572343303745,249,-0.0003514057025788893,-0.01614800553810676,2.1231433244839337e-06,0.4979919678714859,-4.086377705008634
NVDL,S7,2025,2.4210244423085396,143,-0.00998361199443774,-0.2457758619812658,0.0012857312069339821,0.5104895104895105,-0.7483774705477128
NVDS,S1,2022,0.039662437358629,19,,,,,
NVDS,S1,2023,1.0393248815717142,230,-0.03762722326777591,-1.6150762617498056,0.03232484963159177,0.48695652173913045,-1.4579271951348276
NVDS,S1,2024,-0.8585148416662558,247,0.02679926895471064,1.238811226016062,0.010032052193419072,0.5060728744939271,2.5081444581473193
NVDS,S1,2025,0.7795275227359124,142,-0.03010797702604907,-1.1036022022169993,0.009528390525782582,0.5,-8.732719791921822
NVDS,S2,2022,0.04042156900877913,19,,,,,
NVDS,S2,2023,0.008018867570987544,230,-7.56680708578119e-05,-0.0029856125835013565,7.671560264821409e-08,0.5173913043478261,6.712449137045292
NVDS,S2,2024,0.3558723554259052,247,-0.011746065568518947,-0.4090797260818617,0.0012790145627854521,0.5182186234817814,-2.1340117362145072
NVDS,S2,2025,0.5956872079943281,142,-0.025317459229109007,-0.6712409870777559,0.0041987365559853496,0.4859154929577465,-7.116804637547328
NVDS,S3,2022,-0.0172720449864793,19,,,,,
NVDS,S3,2023,0.38330641952456257,230,0.08260117915671877,3.4312323052756644,0.057873561136875806,0.5304347826086957,10.28694072286587
NVDS,S3,2024,0.04668505671679715,247,0.0046318110930435585,0.24950475291954693,0.00022144354220154927,0.5222672064777328,1.184765129795152
NVDS,S3,2025,0.5872805687451196,142,0.07733310690434005,1.3337554063901,0.04400374897081838,0.5352112676056338,6.907203665105769
NVDS,S4,2022,0.0013717567493425086,19,,,,,
NVDS,S4,2023,0.20028220407122221,230,0.0257872018863622,1.4042545161058169,0.01108678588266554,0.5347826086956522,4.7654018605349595
NVDS,S4,2024,0.47269939216071755,247,0.032907504909475464,2.927205542287126,0.016452001666031335,0.5465587044534413,8.39344500936832
NVDS,S4,2025,0.32564664701871765,142,0.025076760190242287,0.7468072829338663,0.008520860514492634,0.528169014084507,7.758567690484912
NVDS,S5,2022,0.0003924423228665758,19,,,,,
NVDS,S5,2023,0.21455497249804317,230,0.03126936060753985,1.570998322588746,0.014132516755712254,0.5304347826086957,5.043434191839005
NVDS,S5,2024,0.492492276155982,247,0.03300603553564601,3.0191008466626243,0.016943429085430783,0.5425101214574899,6.767293227883514
NVDS,S5,2025,0.29256030902310814,142,0.02520894168775161,0.6626097033665391,0.007503190925668757,0.5,1.4054577267148913
NVDS,S6,2022,-0.13883475466443104,19,,,,,
NVDS,S6,2023,-12.268450617525515,230,-0.019924908025723012,-0.940996634559956,0.01375655085957761,0.5304347826086957,2.486263876976934
NVDS,S6,2024,19.750537749197445,247,0.023602468624185417,1.9625795890427398,0.013997980953839417,0.5141700404858299,2.4650370678810876
NVDS,S6,2025,-6.343252377007499,142,-0.007784195341556139,-0.2962210736288907,0.0013399668294646894,0.49295774647887325,-4.867056681850171
NVDS,S7,2022,-0.09603785317980477,19,,,,,
NVDS,S7,2023,1.1047871648634267,230,0.02519889138368505,0.9200367680550444,0.011660951977873424,0.5565217391304348,13.832663921785185
NVDS,S7,2024,-0.6642839468914125,247,-0.00919537882130757,-0.3795661363972605,0.0014701380378145945,0.5141700404858299,-3.556645607996256
NVDS,S7,2025,0.6555346352077905,142,0.011413120691631353,0.2589655233746648,0.0016877589130238624,0.5070422535211268,2.4061148925280897
