sym,folder,tf,session,window,source,start,end,rows,nfiles,path
AAPL,5m,5m,rth,09:25-16:05,alpaca-sip,2022-01-03,2022-12-31,20080.0,3,AAPL/5m/AAPL_5m_2022-01-03_2022-12-31_MANIFEST.json
AAPL,5m,5m,rth,09:25-16:05,alpaca-sip,2023-01-03,2023-12-30,19992.0,2,AAPL/5m/AAPL_5m_2023-01-03_2023-12-30_MANIFEST.json
AAPL,5m,5m,rth,09:25-16:05,alpaca-sip,2024-01-02,2025-01-01,20157.0,3,AAPL/5m/AAPL_5m_2024-01-02_2025-01-01_MANIFEST.json
AAPL,5m,5m,rth,09:25-16:05,alpaca-sip,2025-01-02,2026-01-01,19989.0,2,AAPL/5m/AAPL_5m_2025-01-02_2026-01-01_MANIFEST.json
AAPL,5m,5m,rth,09:25-16:05,alpaca-sip,2026-01-02,2026-08-18,12480.0,2,AAPL/5m/AAPL_5m_2026-01-02_2026-08-18_MANIFEST.json
AMAT,5m,5m,rth,09:25-16:05,alpaca-sip,2022-01-03,2022-12-31,20030.0,3,AMAT/5m/AMAT_5m_2022-01-03_2022-12-31_MANIFEST.json
AMAT,5m,5m,rth,09:25-16:05,alpaca-sip,2023-01-03,2023-12-30,19912.0,2,AMAT/5m/AMAT_5m_2023-01-03_2023-12-30_MANIFEST.json
AMAT,5m,5m,rth,09:25-16:05,alpaca-sip,2024-01-02,2025-01-01,20071.0,3,AMAT/5m/AMAT_5m_2024-01-02_2025-01-01_MANIFEST.json
AMAT,5m,5m,rth,09:25-16:05,alpaca-sip,2025-01-02,2026-01-01,19888.0,2,AMAT/5m/AMAT_5m_2025-01-02_2026-01-01_MANIFEST.json
AMAT,5m,5m,rth,09:25-16:05,alpaca-sip,2026-01-02,2026-08-18,12474.0,2,AMAT/5m/AMAT_5m_2026-01-02_2026-08-18_MANIFEST.json
AMD,5m,5m,rth,09:25-16:05,alpaca-sip,2022-01-03,2022-12-31,20079.0,3,AMD/5m/AMD_5m_2022-01-03_2022-12-31_MANIFEST.json
AMD,5m,5m,rth,09:25-16:05,alpaca-sip,2023-01-03,2023-12-30,19989.0,2,AMD/5m/AMD_5m_2023-01-03_2023-12-30_MANIFEST.json
AMD,5m,5m,rth,09:25-16:05,alpaca-sip,2024-01-02,2025-01-01,20160.0,3,AMD/5m/AMD_5m_2024-01-02_2025-01-01_MANIFEST.json
AMD,5m,5m,rth,09:25-16:05,alpaca-sip,2025-01-02,2026-01-01,19997.0,2,AMD/5m/AMD_5m_2025-01-02_2026-01-01_MANIFEST.json
AMD,5m,5m,rth,09:25-16:05,alpaca-sip,2026-01-02,2026-08-18,12480.0,2,AMD/5m/AMD_5m_2026-01-02_2026-08-18_MANIFEST.json
AMZN,1m,1m,rth,09:25-16:05,alpaca-sip,2020-01-02,2021-01-01,99870.0,10,AMZN/1m/AMZN_1m_2020-01-02_2021-01-01_MANIFEST.json
AMZN,1m,1m,rth,09:25-16:05,alpaca-sip,2021-01-04,2022-01-01,99178.0,10,AMZN/1m/AMZN_1m_2021-01-04_2022-01-01_MANIFEST.json
AMZN,1m,1m,rth,09:25-16:05,alpaca-sip,2022-01-03,2022-12-31,99937.0,10,AMZN/1m/AMZN_1m_2022-01-03_2022-12-31_MANIFEST.json
AMZN,1m,1m,rth,09:25-16:05,alpaca-sip,2023-01-03,2023-12-30,99815.0,10,AMZN/1m/AMZN_1m_2023-01-03_2023-12-30_MANIFEST.json
AMZN,1m,1m,rth,09:25-16:05,alpaca-sip,2024-01-02,2025-01-01,100590.0,11,AMZN/1m/AMZN_1m_2024-01-02_2025-01-01_MANIFEST.json
AMZN,1m,1m,rth,09:25-16:05,alpaca-sip,2025-01-02,2026-01-01,99806.0,10,AMZN/1m/AMZN_1m_2025-01-02_2026-01-01_MANIFEST.json
AMZN,1m,1m,rth,09:25-16:05,alpaca-sip,2026-01-02,2026-08-15,61985.0,7,AMZN/1m/AMZN_1m_2026-01-02_2026-08-15_MANIFEST.json
AMZN,1m_premarket,1m_premarket,premarket,04:00-09:30,alpaca-sip,2020-01-02,2021-01-01,17443.0,2,AMZN/1m_premarket/AMZN_1m_premarket_2020-01-02_2021-01-01_MANIFEST.json
AMZN,1m_premarket,1m_premarket,premarket,04:00-09:30,alpaca-sip,2021-01-04,2022-01-01,10227.0,2,AMZN/1m_premarket/AMZN_1m_premarket_2021-01-04_2022-01-01_MANIFEST.json
AMZN,1m_premarket,1m_premarket,premarket,04:00-09:30,alpaca-sip,2022-01-03,2022-12-31,34308.0,4,AMZN/1m_premarket/AMZN_1m_premarket_2022-01-03_2022-12-31_MANIFEST.json
AMZN,1m_premarket,1m_premarket,premarket,04:00-09:30,alpaca-sip,2023-01-03,2023-12-30,48714.0,5,AMZN/1m_premarket/AMZN_1m_premarket_2023-01-03_2023-12-30_MANIFEST.json
AMZN,1m_premarket,1m_premarket,premarket,04:00-09:30,alpaca-sip,2024-01-02,2025-01-01,45359.0,5,AMZN/1m_premarket/AMZN_1m_premarket_2024-01-02_2025-01-01_MANIFEST.json
AMZN,1m_premarket,1m_premarket,premarket,04:00-09:30,alpaca-sip,2025-01-02,2026-01-01,52296.0,6,AMZN/1m_premarket/AMZN_1m_premarket_2025-01-02_2026-01-01_MANIFEST.json
AMZN,1m_premarket,1m_premarket,premarket,04:00-09:30,alpaca-sip,2026-01-02,2026-08-15,34169.0,4,AMZN/1m_premarket/AMZN_1m_premarket_2026-01-02_2026-08-15_MANIFEST.json
AMZN,5m,5m,rth,09:25-16:05,alpaca-sip,2020-01-02,2021-01-01,20184.0,3,AMZN/5m/AMZN_5m_2020-01-02_2021-01-01_MANIFEST.json
AMZN,5m,5m,rth,09:25-16:05,alpaca-sip,2021-01-04,2022-01-01,20132.0,3,AMZN/5m/AMZN_5m_2021-01-04_2022-01-01_MANIFEST.json
AMZN,5m,5m,rth,09:25-16:05,alpaca-sip,2022-01-03,2022-12-31,20078.0,3,AMZN/5m/AMZN_5m_2022-01-03_2022-12-31_MANIFEST.json
AMZN,5m,5m,rth,09:25-16:05,alpaca-sip,2023-01-03,2023-12-30,19995.0,2,AMZN/5m/AMZN_5m_2023-01-03_2023-12-30_MANIFEST.json
AMZN,5m,5m,rth,09:25-16:05,alpaca-sip,2024-01-02,2025-01-01,20160.0,3,AMZN/5m/AMZN_5m_2024-01-02_2025-01-01_MANIFEST.json
AMZN,5m,5m,rth,09:25-16:05,alpaca-sip,2025-01-02,2026-01-01,19997.0,2,AMZN/5m/AMZN_5m_2025-01-02_2026-01-01_MANIFEST.json
AMZN,5m,5m,rth,09:25-16:05,alpaca-sip,2026-01-02,2026-08-15,12400.0,2,AMZN/5m/AMZN_5m_2026-01-02_2026-08-15_MANIFEST.json
AMZN,5m_premarket,5m_premarket,premarket,04:00-09:30,alpaca-sip,2020-01-02,2021-01-01,7872.0,1,AMZN/5m_premarket/AMZN_5m_premarket_2020-01-02_2021-01-01_MANIFEST.json
AMZN,5m_premarket,5m_premarket,premarket,04:00-09:30,alpaca-sip,2021-01-04,2022-01-01,5711.0,1,AMZN/5m_premarket/AMZN_5m_premarket_2021-01-04_2022-01-01_MANIFEST.json
AMZN,5m_premarket,5m_premarket,premarket,04:00-09:30,alpaca-sip,2022-01-03,2022-12-31,11094.0,2,AMZN/5m_premarket/AMZN_5m_premarket_2022-01-03_2022-12-31_MANIFEST.json
AMZN,5m_premarket,5m_premarket,premarket,04:00-09:30,alpaca-sip,2023-01-03,2023-12-30,14629.0,2,AMZN/5m_premarket/AMZN_5m_premarket_2023-01-03_2023-12-30_MANIFEST.json
AMZN,5m_premarket,5m_premarket,premarket,04:00-09:30,alpaca-sip,2024-01-02,2025-01-01,14432.0,2,AMZN/5m_premarket/AMZN_5m_premarket_2024-01-02_2025-01-01_MANIFEST.json
AMZN,5m_premarket,5m_premarket,premarket,04:00-09:30,alpaca-sip,2025-01-02,2026-01-01,15334.0,2,AMZN/5m_premarket/AMZN_5m_premarket_2025-01-02_2026-01-01_MANIFEST.json
AMZN,5m_premarket,5m_premarket,premarket,04:00-09:30,alpaca-sip,2026-01-02,2026-08-15,9700.0,1,AMZN/5m_premarket/AMZN_5m_premarket_2026-01-02_2026-08-15_MANIFEST.json
ASML,5m,5m,rth,09:25-16:05,alpaca-sip,2022-01-03,2022-12-31,19998.0,2,ASML/5m/ASML_5m_2022-01-03_2022-12-31_MANIFEST.json
ASML,5m,5m,rth,09:25-16:05,alpaca-sip,2023-01-03,2023-12-30,19853.0,2,ASML/5m/ASML_5m_2023-01-03_2023-12-30_MANIFEST.json
ASML,5m,5m,rth,09:25-16:05,alpaca-sip,2024-01-02,2025-01-01,19993.0,2,ASML/5m/ASML_5m_2024-01-02_2025-01-01_MANIFEST.json
ASML,5m,5m,rth,09:25-16:05,alpaca-sip,2025-01-02,2026-01-01,19862.0,2,ASML/5m/ASML_5m_2025-01-02_2026-01-01_MANIFEST.json
ASML,5m,5m,rth,09:25-16:05,alpaca-sip,2026-01-02,2026-08-18,12480.0,2,ASML/5m/ASML_5m_2026-01-02_2026-08-18_MANIFEST.json
AVGO,15m,15m,rth,09:25-16:05,alpaca-sip,2024-02-12,2025-01-01,6045.0,1,AVGO/15m/AVGO_15m_2024-02-12_2025-01-01_MANIFEST.json
AVGO,15m,15m,rth,09:25-16:05,alpaca-sip,2025-01-02,2026-01-01,6750.0,1,AVGO/15m/AVGO_15m_2025-01-02_2026-01-01_MANIFEST.json
AVGO,15m,15m,rth,09:25-16:05,alpaca-sip,2026-01-02,2026-08-12,4096.0,1,AVGO/15m/AVGO_15m_2026-01-02_2026-08-12_MANIFEST.json
AVGO,1m,1m,rth,09:25-16:05,alpaca-sip,2024-02-12,2025-01-01,87745.0,9,AVGO/1m/AVGO_1m_2024-02-12_2025-01-01_MANIFEST.json
AVGO,1m,1m,rth,09:25-16:05,alpaca-sip,2025-01-02,2026-01-01,99655.0,10,AVGO/1m/AVGO_1m_2025-01-02_2026-01-01_MANIFEST.json
AVGO,1m,1m,rth,09:25-16:05,alpaca-sip,2026-01-02,2026-08-12,60668.0,7,AVGO/1m/AVGO_1m_2026-01-02_2026-08-12_MANIFEST.json
AVGO,1m_premarket,1m_premarket,premarket,04:00-09:30,alpaca-sip,2024-02-12,2025-01-01,20888.0,3,AVGO/1m_premarket/AVGO_1m_premarket_2024-02-12_2025-01-01_MANIFEST.json
AVGO,1m_premarket,1m_premarket,premarket,04:00-09:30,alpaca-sip,2025-01-02,2026-01-01,42517.0,5,AVGO/1m_premarket/AVGO_1m_premarket_2025-01-02_2026-01-01_MANIFEST.json
AVGO,1m_premarket,1m_premarket,premarket,04:00-09:30,alpaca-sip,2026-01-02,2026-08-12,36963.0,4,AVGO/1m_premarket/AVGO_1m_premarket_2026-01-02_2026-08-12_MANIFEST.json
AVGO,30m,30m,rth,09:25-16:05,alpaca-sip,2024-02-12,2025-01-01,3136.0,1,AVGO/30m/AVGO_30m_2024-02-12_2025-01-01_MANIFEST.json
AVGO,30m,30m,rth,09:25-16:05,alpaca-sip,2025-01-02,2026-01-01,3500.0,1,AVGO/30m/AVGO_30m_2025-01-02_2026-01-01_MANIFEST.json
AVGO,30m,30m,rth,09:25-16:05,alpaca-sip,2026-01-02,2026-08-12,2124.0,1,AVGO/30m/AVGO_30m_2026-01-02_2026-08-12_MANIFEST.json
AVGO,5m,5m,rth,09:25-16:05,alpaca-sip,2022-01-03,2022-12-31,19984.0,2,AVGO/5m/AVGO_5m_2022-01-03_2022-12-31_MANIFEST.json
AVGO,5m,5m,rth,09:25-16:05,alpaca-sip,2023-01-03,2023-12-30,19887.0,2,AVGO/5m/AVGO_5m_2023-01-03_2023-12-30_MANIFEST.json
AVGO,5m,5m,rth,09:25-16:05,alpaca-sip,2024-01-02,2025-01-01,20108.0,3,AVGO/5m/AVGO_5m_2024-01-02_2025-01-01_MANIFEST.json
AVGO,5m,5m,rth,09:25-16:05,alpaca-sip,2024-02-12,2025-01-01,17874.0,2,AVGO/5m/AVGO_5m_2024-02-12_2025-01-01_MANIFEST.json
AVGO,5m,5m,rth,09:25-16:05,alpaca-sip,2025-01-02,2026-01-01,20000.0,2,AVGO/5m/AVGO_5m_2025-01-02_2026-01-01_MANIFEST.json
AVGO,5m,5m,rth,09:25-16:05,alpaca-sip,2026-01-02,2026-08-18,12480.0,2,AVGO/5m/AVGO_5m_2026-01-02_2026-08-18_MANIFEST.json
AVGO,5m,5m,rth,09:25-16:05,alpaca-sip,2026-01-02,2026-08-12,12137.0,2,AVGO/5m/AVGO_5m_2026-01-02_2026-08-12_MANIFEST.json
BITI,1m,1m,rth,09:25-16:05,alpaca-sip,2024-01-02,2025-01-01,94278.0,10,BITI/1m/BITI_1m_2024-01-02_2025-01-01_MANIFEST.json
BITI,1m,1m,rth,09:25-16:05,alpaca-sip,2025-01-02,2026-01-01,87981.0,9,BITI/1m/BITI_1m_2025-01-02_2026-01-01_MANIFEST.json
BITI,1m,1m,rth,09:25-16:05,alpaca-sip,2026-01-02,2026-08-20,56651.0,6,BITI/1m/BITI_1m_2026-01-02_2026-08-20_MANIFEST.json
BITI,1m_premarket,1m_premarket,premarket,04:00-09:30,alpaca-sip,2024-01-02,2025-01-01,27470.0,3,BITI/1m_premarket/BITI_1m_premarket_2024-01-02_2025-01-01_MANIFEST.json
BITI,1m_premarket,1m_premarket,premarket,04:00-09:30,alpaca-sip,2025-01-02,2026-01-01,17316.0,2,BITI/1m_premarket/BITI_1m_premarket_2025-01-02_2026-01-01_MANIFEST.json
BITI,1m_premarket,1m_premarket,premarket,04:00-09:30,alpaca-sip,2026-01-02,2026-08-20,10161.0,2,BITI/1m_premarket/BITI_1m_premarket_2026-01-02_2026-08-20_MANIFEST.json
BITI,5m,5m,rth,09:25-16:05,alpaca-sip,2024-01-02,2025-01-01,20115.0,3,BITI/5m/BITI_5m_2024-01-02_2025-01-01_MANIFEST.json
BITI,5m,5m,rth,09:25-16:05,alpaca-sip,2025-01-02,2026-01-01,19873.0,2,BITI/5m/BITI_5m_2025-01-02_2026-01-01_MANIFEST.json
BITI,5m,5m,rth,09:25-16:05,alpaca-sip,2026-01-02,2026-08-20,12596.0,2,BITI/5m/BITI_5m_2026-01-02_2026-08-20_MANIFEST.json
BITI,5m_premarket,5m_premarket,premarket,04:00-09:30,alpaca-sip,2024-01-02,2025-01-01,11675.0,2,BITI/5m_premarket/BITI_5m_premarket_2024-01-02_2025-01-01_MANIFEST.json
BITI,5m_premarket,5m_premarket,premarket,04:00-09:30,alpaca-sip,2025-01-02,2026-01-01,9182.0,1,BITI/5m_premarket/BITI_5m_premarket_2025-01-02_2026-01-01_MANIFEST.json
BITI,5m_premarket,5m_premarket,premarket,04:00-09:30,alpaca-sip,2026-01-02,2026-08-20,5575.0,1,BITI/5m_premarket/BITI_5m_premarket_2026-01-02_2026-08-20_MANIFEST.json
BITX,1m,1m,rth,09:25-16:05,alpaca-sip,2024-01-02,2025-01-01,97651.0,10,BITX/1m/BITX_1m_2024-01-02_2025-01-01_MANIFEST.json
BITX,1m,1m,rth,09:25-16:05,alpaca-sip,2025-01-02,2026-01-01,99556.0,10,BITX/1m/BITX_1m_2025-01-02_2026-01-01_MANIFEST.json
BITX,1m,1m,rth,09:25-16:05,alpaca-sip,2026-01-02,2026-08-20,62931.0,7,BITX/1m/BITX_1m_2026-01-02_2026-08-20_MANIFEST.json
BITX,1m_premarket,1m_premarket,premarket,04:00-09:30,alpaca-sip,2024-01-02,2025-01-01,49188.0,5,BITX/1m_premarket/BITX_1m_premarket_2024-01-02_2025-01-01_MANIFEST.json
BITX,1m_premarket,1m_premarket,premarket,04:00-09:30,alpaca-sip,2025-01-02,2026-01-01,60178.0,7,BITX/1m_premarket/BITX_1m_premarket_2025-01-02_2026-01-01_MANIFEST.json
BITX,1m_premarket,1m_premarket,premarket,04:00-09:30,alpaca-sip,2026-01-02,2026-08-20,40058.0,5,BITX/1m_premarket/BITX_1m_premarket_2026-01-02_2026-08-20_MANIFEST.json
BITX,5m,5m,rth,09:25-16:05,alpaca-sip,2024-01-02,2025-01-01,20148.0,3,BITX/5m/BITX_5m_2024-01-02_2025-01-01_MANIFEST.json
BITX,5m,5m,rth,09:25-16:05,alpaca-sip,2025-01-02,2026-01-01,19994.0,2,BITX/5m/BITX_5m_2025-01-02_2026-01-01_MANIFEST.json
BITX,5m,5m,rth,09:25-16:05,alpaca-sip,2026-01-02,2026-08-20,12640.0,2,BITX/5m/BITX_5m_2026-01-02_2026-08-20_MANIFEST.json
BITX,5m_premarket,5m_premarket,premarket,04:00-09:30,alpaca-sip,2024-01-02,2025-01-01,15003.0,2,BITX/5m_premarket/BITX_5m_premarket_2024-01-02_2025-01-01_MANIFEST.json
BITX,5m_premarket,5m_premarket,premarket,04:00-09:30,alpaca-sip,2025-01-02,2026-01-01,16111.0,2,BITX/5m_premarket/BITX_5m_premarket_2025-01-02_2026-01-01_MANIFEST.json
BITX,5m_premarket,5m_premarket,premarket,04:00-09:30,alpaca-sip,2026-01-02,2026-08-20,10267.0,2,BITX/5m_premarket/BITX_5m_premarket_2026-01-02_2026-08-20_MANIFEST.json
BTCUSD,1d,1d,24h,,alpaca-crypto-us,2021-01-01,2026-08-22,,2,BTCUSD/1d/btcusd_1d_MANIFEST.json
BTCUSD,1h,1h,24h,,alpaca-crypto-us,2024-01-01,2025-01-01,8782.0,1,BTCUSD/1h/BTCUSD_1h_2024-01-01_2025-01-01_MANIFEST.json
BTCUSD,1h,1h,24h,,alpaca-crypto-us,2025-01-01,2026-01-01,8759.0,1,BTCUSD/1h/BTCUSD_1h_2025-01-01_2026-01-01_MANIFEST.json
BTCUSD,1h,1h,24h,,alpaca-crypto-us,2026-01-01,2026-08-23,5610.0,1,BTCUSD/1h/BTCUSD_1h_2026-01-01_2026-08-23_MANIFEST.json
BTCUSD,1h,1h,24h,,alpaca-crypto-us,2026-08-22,2026-08-23,20.0,1,BTCUSD/1h/BTCUSD_1h_2026-08-22_2026-08-23_MANIFEST.json
BTCUSD,1m,1m,24h,,alpaca-crypto-us,2024-01-11,2025-01-01,380719.0,39,BTCUSD/1m/BTCUSD_1m_2024-01-11_2025-01-01_MANIFEST.json
BTCUSD,1m,1m,24h,,alpaca-crypto-us,2025-01-01,2026-01-01,367828.0,37,BTCUSD/1m/BTCUSD_1m_2025-01-01_2026-01-01_MANIFEST.json
BTCUSD,1m,1m,24h,,alpaca-crypto-us,2026-01-01,2026-08-21,323897.0,33,BTCUSD/1m/BTCUSD_1m_2026-01-01_2026-08-21_MANIFEST.json
BTCUSD,1m,1m,24h,,alpaca-crypto-us,2026-08-21,2026-08-23,2590.0,1,BTCUSD/1m/BTCUSD_1m_2026-08-21_2026-08-23_MANIFEST.json
BTCUSD,5m,5m,24h,,alpaca-crypto-us,2024-01-11,2025-01-01,100917.0,11,BTCUSD/5m/BTCUSD_5m_2024-01-11_2025-01-01_MANIFEST.json
BTCUSD,5m,5m,24h,,alpaca-crypto-us,2025-01-01,2026-01-01,100615.0,11,BTCUSD/5m/BTCUSD_5m_2025-01-01_2026-01-01_MANIFEST.json
BTCUSD,5m,5m,24h,,alpaca-crypto-us,2026-01-01,2026-08-21,66752.0,7,BTCUSD/5m/BTCUSD_5m_2026-01-01_2026-08-21_MANIFEST.json
BTCUSD,5m,5m,24h,,alpaca-crypto-us,2026-08-21,2026-08-23,520.0,1,BTCUSD/5m/BTCUSD_5m_2026-08-21_2026-08-23_MANIFEST.json
BTCUSDT,1d,1d,24h,,binance-spot,2017-08-17,2026-08-21,,2,BTCUSDT/1d/btcusdt_1d_MANIFEST.json
DIA,1m,1m,,,alpaca-sip,2022-01-03,2022-12-31,124340.0,13,DIA/1m/DIA_1m_2022-01-03_2022-12-31_MANIFEST.json
DIA,1m,1m,,,alpaca-sip,2023-01-03,2023-12-30,116890.0,12,DIA/1m/DIA_1m_2023-01-03_2023-12-30_MANIFEST.json
DIA,1m,1m,,,alpaca-sip,2024-01-02,2025-01-01,118867.0,12,DIA/1m/DIA_1m_2024-01-02_2025-01-01_MANIFEST.json
DIA,1m,1m,,,alpaca-sip,2025-01-02,2026-01-01,123314.0,13,DIA/1m/DIA_1m_2025-01-02_2026-01-01_MANIFEST.json
DIA,1m,1m,,,alpaca-sip,2026-01-02,2026-07-25,76351.0,8,DIA/1m/DIA_1m_2026-01-02_2026-07-25_MANIFEST.json
DIA,5m,5m,,,alpaca-iex,2022-01-03,2022-12-31,15602.0,2,DIA/5m/DIA_5m_2022-01-03_2022-12-31_MANIFEST.json
DIA,5m,5m,,,alpaca-iex,2023-01-03,2023-12-30,15669.0,2,DIA/5m/DIA_5m_2023-01-03_2023-12-30_MANIFEST.json
DIA,5m,5m,,,alpaca-iex,2024-01-02,2025-01-01,13188.0,2,DIA/5m/DIA_5m_2024-01-02_2025-01-01_MANIFEST.json
DIA,5m,5m,,,alpaca-iex,2025-01-02,2026-01-01,14929.0,2,DIA/5m/DIA_5m_2025-01-02_2026-01-01_MANIFEST.json
DIA,5m,5m,,,alpaca-iex,2026-01-02,2026-07-25,10661.0,2,DIA/5m/DIA_5m_2026-01-02_2026-07-25_MANIFEST.json
GOOGL,1m,1m,rth,09:25-16:05,alpaca-sip,2020-01-02,2021-01-01,96731.0,10,GOOGL/1m/GOOGL_1m_2020-01-02_2021-01-01_MANIFEST.json
GOOGL,1m,1m,rth,09:25-16:05,alpaca-sip,2021-01-04,2022-01-01,92641.0,10,GOOGL/1m/GOOGL_1m_2021-01-04_2022-01-01_MANIFEST.json
GOOGL,1m,1m,rth,09:25-16:05,alpaca-sip,2022-01-03,2022-12-31,97593.0,10,GOOGL/1m/GOOGL_1m_2022-01-03_2022-12-31_MANIFEST.json
GOOGL,1m,1m,rth,09:25-16:05,alpaca-sip,2023-01-03,2023-12-30,99639.0,10,GOOGL/1m/GOOGL_1m_2023-01-03_2023-12-30_MANIFEST.json
GOOGL,1m,1m,rth,09:25-16:05,alpaca-sip,2024-01-02,2025-01-01,100317.0,11,GOOGL/1m/GOOGL_1m_2024-01-02_2025-01-01_MANIFEST.json
GOOGL,1m,1m,rth,09:25-16:05,alpaca-sip,2025-01-02,2026-01-01,99700.0,10,GOOGL/1m/GOOGL_1m_2025-01-02_2026-01-01_MANIFEST.json
GOOGL,1m,1m,rth,09:25-16:05,alpaca-sip,2026-01-02,2026-08-15,61975.0,7,GOOGL/1m/GOOGL_1m_2026-01-02_2026-08-15_MANIFEST.json
GOOGL,1m_premarket,1m_premarket,premarket,04:00-09:30,alpaca-sip,2020-01-02,2021-01-01,3943.0,1,GOOGL/1m_premarket/GOOGL_1m_premarket_2020-01-02_2021-01-01_MANIFEST.json
GOOGL,1m_premarket,1m_premarket,premarket,04:00-09:30,alpaca-sip,2021-01-04,2022-01-01,2818.0,1,GOOGL/1m_premarket/GOOGL_1m_premarket_2021-01-04_2022-01-01_MANIFEST.json
GOOGL,1m_premarket,1m_premarket,premarket,04:00-09:30,alpaca-sip,2022-01-03,2022-12-31,18940.0,2,GOOGL/1m_premarket/GOOGL_1m_premarket_2022-01-03_2022-12-31_MANIFEST.json
GOOGL,1m_premarket,1m_premarket,premarket,04:00-09:30,alpaca-sip,2023-01-03,2023-12-30,35730.0,4,GOOGL/1m_premarket/GOOGL_1m_premarket_2023-01-03_2023-12-30_MANIFEST.json
GOOGL,1m_premarket,1m_premarket,premarket,04:00-09:30,alpaca-sip,2024-01-02,2025-01-01,36367.0,4,GOOGL/1m_premarket/GOOGL_1m_premarket_2024-01-02_2025-01-01_MANIFEST.json
GOOGL,1m_premarket,1m_premarket,premarket,04:00-09:30,alpaca-sip,2025-01-02,2026-01-01,50479.0,6,GOOGL/1m_premarket/GOOGL_1m_premarket_2025-01-02_2026-01-01_MANIFEST.json
GOOGL,1m_premarket,1m_premarket,premarket,04:00-09:30,alpaca-sip,2026-01-02,2026-08-15,37267.0,4,GOOGL/1m_premarket/GOOGL_1m_premarket_2026-01-02_2026-08-15_MANIFEST.json
GOOGL,5m,5m,rth,09:25-16:05,alpaca-sip,2020-01-02,2021-01-01,20127.0,3,GOOGL/5m/GOOGL_5m_2020-01-02_2021-01-01_MANIFEST.json
GOOGL,5m,5m,rth,09:25-16:05,alpaca-sip,2021-01-04,2022-01-01,20074.0,3,GOOGL/5m/GOOGL_5m_2021-01-04_2022-01-01_MANIFEST.json
GOOGL,5m,5m,rth,09:25-16:05,alpaca-sip,2022-01-03,2022-12-31,20052.0,3,GOOGL/5m/GOOGL_5m_2022-01-03_2022-12-31_MANIFEST.json
GOOGL,5m,5m,rth,09:25-16:05,alpaca-sip,2023-01-03,2023-12-30,19987.0,2,GOOGL/5m/GOOGL_5m_2023-01-03_2023-12-30_MANIFEST.json
GOOGL,5m,5m,rth,09:25-16:05,alpaca-sip,2024-01-02,2025-01-01,20135.0,3,GOOGL/5m/GOOGL_5m_2024-01-02_2025-01-01_MANIFEST.json
GOOGL,5m,5m,rth,09:25-16:05,alpaca-sip,2025-01-02,2026-01-01,19992.0,2,GOOGL/5m/GOOGL_5m_2025-01-02_2026-01-01_MANIFEST.json
GOOGL,5m,5m,rth,09:25-16:05,alpaca-sip,2026-01-02,2026-08-15,12400.0,2,GOOGL/5m/GOOGL_5m_2026-01-02_2026-08-15_MANIFEST.json
GOOGL,5m_premarket,5m_premarket,premarket,04:00-09:30,alpaca-sip,2020-01-02,2021-01-01,2753.0,1,GOOGL/5m_premarket/GOOGL_5m_premarket_2020-01-02_2021-01-01_MANIFEST.json
GOOGL,5m_premarket,5m_premarket,premarket,04:00-09:30,alpaca-sip,2021-01-04,2022-01-01,2098.0,1,GOOGL/5m_premarket/GOOGL_5m_premarket_2021-01-04_2022-01-01_MANIFEST.json
GOOGL,5m_premarket,5m_premarket,premarket,04:00-09:30,alpaca-sip,2022-01-03,2022-12-31,7635.0,1,GOOGL/5m_premarket/GOOGL_5m_premarket_2022-01-03_2022-12-31_MANIFEST.json
GOOGL,5m_premarket,5m_premarket,premarket,04:00-09:30,alpaca-sip,2023-01-03,2023-12-30,12655.0,2,GOOGL/5m_premarket/GOOGL_5m_premarket_2023-01-03_2023-12-30_MANIFEST.json
GOOGL,5m_premarket,5m_premarket,premarket,04:00-09:30,alpaca-sip,2024-01-02,2025-01-01,13094.0,2,GOOGL/5m_premarket/GOOGL_5m_premarket_2024-01-02_2025-01-01_MANIFEST.json
GOOGL,5m_premarket,5m_premarket,premarket,04:00-09:30,alpaca-sip,2025-01-02,2026-01-01,15233.0,2,GOOGL/5m_premarket/GOOGL_5m_premarket_2025-01-02_2026-01-01_MANIFEST.json
GOOGL,5m_premarket,5m_premarket,premarket,04:00-09:30,alpaca-sip,2026-01-02,2026-08-15,9797.0,1,GOOGL/5m_premarket/GOOGL_5m_premarket_2026-01-02_2026-08-15_MANIFEST.json
IBIT,1m,1m,rth,09:25-16:05,alpaca-sip,2024-01-11,2025-01-01,97861.0,10,IBIT/1m/IBIT_1m_2024-01-11_2025-01-01_MANIFEST.json
IBIT,1m,1m,rth,09:25-16:05,alpaca-sip,2025-01-02,2026-01-01,99920.0,10,IBIT/1m/IBIT_1m_2025-01-02_2026-01-01_MANIFEST.json
IBIT,1m,1m,rth,09:25-16:05,alpaca-sip,2026-01-02,2026-08-20,63193.0,7,IBIT/1m/IBIT_1m_2026-01-02_2026-08-20_MANIFEST.json
IBIT,1m_premarket,1m_premarket,premarket,04:00-09:30,alpaca-sip,2024-01-11,2025-01-01,53224.0,6,IBIT/1m_premarket/IBIT_1m_premarket_2024-01-11_2025-01-01_MANIFEST.json
IBIT,1m_premarket,1m_premarket,premarket,04:00-09:30,alpaca-sip,2025-01-02,2026-01-01,76039.0,8,IBIT/1m_premarket/IBIT_1m_premarket_2025-01-02_2026-01-01_MANIFEST.json
IBIT,1m_premarket,1m_premarket,premarket,04:00-09:30,alpaca-sip,2026-01-02,2026-08-20,46208.0,5,IBIT/1m_premarket/IBIT_1m_premarket_2026-01-02_2026-08-20_MANIFEST.json
IBIT,5m,5m,rth,09:25-16:05,alpaca-sip,2024-01-11,2025-01-01,19600.0,2,IBIT/5m/IBIT_5m_2024-01-11_2025-01-01_MANIFEST.json
IBIT,5m,5m,rth,09:25-16:05,alpaca-sip,2025-01-02,2026-01-01,20000.0,2,IBIT/5m/IBIT_5m_2025-01-02_2026-01-01_MANIFEST.json
IBIT,5m,5m,rth,09:25-16:05,alpaca-sip,2026-01-02,2026-08-20,12640.0,2,IBIT/5m/IBIT_5m_2026-01-02_2026-08-20_MANIFEST.json
IBIT,5m_premarket,5m_premarket,premarket,04:00-09:30,alpaca-sip,2024-01-11,2025-01-01,14947.0,2,IBIT/5m_premarket/IBIT_5m_premarket_2024-01-11_2025-01-01_MANIFEST.json
IBIT,5m_premarket,5m_premarket,premarket,04:00-09:30,alpaca-sip,2025-01-02,2026-01-01,16487.0,2,IBIT/5m_premarket/IBIT_5m_premarket_2025-01-02_2026-01-01_MANIFEST.json
IBIT,5m_premarket,5m_premarket,premarket,04:00-09:30,alpaca-sip,2026-01-02,2026-08-20,10392.0,2,IBIT/5m_premarket/IBIT_5m_premarket_2026-01-02_2026-08-20_MANIFEST.json
INTC,1m,1m,rth,09:25-16:05,alpaca-sip,2020-01-02,2021-01-01,100196.0,11,INTC/1m/INTC_1m_2020-01-02_2021-01-01_MANIFEST.json
INTC,1m,1m,rth,09:25-16:05,alpaca-sip,2021-01-04,2022-01-01,100299.0,11,INTC/1m/INTC_1m_2021-01-04_2022-01-01_MANIFEST.json
INTC,1m,1m,rth,09:25-16:05,alpaca-sip,2022-01-03,2022-12-31,100026.0,11,INTC/1m/INTC_1m_2022-01-03_2022-12-31_MANIFEST.json
INTC,1m,1m,rth,09:25-16:05,alpaca-sip,2023-01-03,2023-12-30,99484.0,10,INTC/1m/INTC_1m_2023-01-03_2023-12-30_MANIFEST.json
INTC,1m,1m,rth,09:25-16:05,alpaca-sip,2024-01-02,2025-01-01,100555.0,11,INTC/1m/INTC_1m_2024-01-02_2025-01-01_MANIFEST.json
INTC,1m,1m,rth,09:25-16:05,alpaca-sip,2025-01-02,2026-01-01,99916.0,10,INTC/1m/INTC_1m_2025-01-02_2026-01-01_MANIFEST.json
INTC,1m,1m,rth,09:25-16:05,alpaca-sip,2026-01-02,2026-08-15,61998.0,7,INTC/1m/INTC_1m_2026-01-02_2026-08-15_MANIFEST.json
INTC,1m_premarket,1m_premarket,premarket,04:00-09:30,alpaca-sip,2020-01-02,2021-01-01,28148.0,3,INTC/1m_premarket/INTC_1m_premarket_2020-01-02_2021-01-01_MANIFEST.json
INTC,1m_premarket,1m_premarket,premarket,04:00-09:30,alpaca-sip,2021-01-04,2022-01-01,27988.0,3,INTC/1m_premarket/INTC_1m_premarket_2021-01-04_2022-01-01_MANIFEST.json
INTC,1m_premarket,1m_premarket,premarket,04:00-09:30,alpaca-sip,2022-01-03,2022-12-31,33230.0,4,INTC/1m_premarket/INTC_1m_premarket_2022-01-03_2022-12-31_MANIFEST.json
INTC,1m_premarket,1m_premarket,premarket,04:00-09:30,alpaca-sip,2023-01-03,2023-12-30,31900.0,4,INTC/1m_premarket/INTC_1m_premarket_2023-01-03_2023-12-30_MANIFEST.json
INTC,1m_premarket,1m_premarket,premarket,04:00-09:30,alpaca-sip,2024-01-02,2025-01-01,53514.0,6,INTC/1m_premarket/INTC_1m_premarket_2024-01-02_2025-01-01_MANIFEST.json
INTC,1m_premarket,1m_premarket,premarket,04:00-09:30,alpaca-sip,2025-01-02,2026-01-01,66825.0,7,INTC/1m_premarket/INTC_1m_premarket_2025-01-02_2026-01-01_MANIFEST.json
INTC,1m_premarket,1m_premarket,premarket,04:00-09:30,alpaca-sip,2026-01-02,2026-08-15,47746.0,5,INTC/1m_premarket/INTC_1m_premarket_2026-01-02_2026-08-15_MANIFEST.json
INTC,5m,5m,rth,09:25-16:05,alpaca-sip,2020-01-02,2021-01-01,20204.0,3,INTC/5m/INTC_5m_2020-01-02_2021-01-01_MANIFEST.json
INTC,5m,5m,rth,09:25-16:05,alpaca-sip,2021-01-04,2022-01-01,20152.0,3,INTC/5m/INTC_5m_2021-01-04_2022-01-01_MANIFEST.json
INTC,5m,5m,rth,09:25-16:05,alpaca-sip,2022-01-03,2022-12-31,20070.0,3,INTC/5m/INTC_5m_2022-01-03_2022-12-31_MANIFEST.json
INTC,5m,5m,rth,09:25-16:05,alpaca-sip,2023-01-03,2023-12-30,19978.0,2,INTC/5m/INTC_5m_2023-01-03_2023-12-30_MANIFEST.json
INTC,5m,5m,rth,09:25-16:05,alpaca-sip,2024-01-02,2025-01-01,20160.0,3,INTC/5m/INTC_5m_2024-01-02_2025-01-01_MANIFEST.json
INTC,5m,5m,rth,09:25-16:05,alpaca-sip,2025-01-02,2026-01-01,20000.0,2,INTC/5m/INTC_5m_2025-01-02_2026-01-01_MANIFEST.json
INTC,5m,5m,rth,09:25-16:05,alpaca-sip,2026-01-02,2026-08-15,12400.0,2,INTC/5m/INTC_5m_2026-01-02_2026-08-15_MANIFEST.json
INTC,5m_premarket,5m_premarket,premarket,04:00-09:30,alpaca-sip,2020-01-02,2021-01-01,10918.0,2,INTC/5m_premarket/INTC_5m_premarket_2020-01-02_2021-01-01_MANIFEST.json
INTC,5m_premarket,5m_premarket,premarket,04:00-09:30,alpaca-sip,2021-01-04,2022-01-01,11172.0,2,INTC/5m_premarket/INTC_5m_premarket_2021-01-04_2022-01-01_MANIFEST.json
INTC,5m_premarket,5m_premarket,premarket,04:00-09:30,alpaca-sip,2022-01-03,2022-12-31,12451.0,2,INTC/5m_premarket/INTC_5m_premarket_2022-01-03_2022-12-31_MANIFEST.json
INTC,5m_premarket,5m_premarket,premarket,04:00-09:30,alpaca-sip,2023-01-03,2023-12-30,12122.0,2,INTC/5m_premarket/INTC_5m_premarket_2023-01-03_2023-12-30_MANIFEST.json
INTC,5m_premarket,5m_premarket,premarket,04:00-09:30,alpaca-sip,2024-01-02,2025-01-01,15453.0,2,INTC/5m_premarket/INTC_5m_premarket_2024-01-02_2025-01-01_MANIFEST.json
INTC,5m_premarket,5m_premarket,premarket,04:00-09:30,alpaca-sip,2025-01-02,2026-01-01,16320.0,2,INTC/5m_premarket/INTC_5m_premarket_2025-01-02_2026-01-01_MANIFEST.json
INTC,5m_premarket,5m_premarket,premarket,04:00-09:30,alpaca-sip,2026-01-02,2026-08-15,10211.0,2,INTC/5m_premarket/INTC_5m_premarket_2026-01-02_2026-08-15_MANIFEST.json
IWM,1m,1m,rth,09:25-16:05,alpaca-sip,2016-01-04,2016-12-31,100433.0,11,IWM/1m/IWM_1m_2016-01-04_2016-12-31_MANIFEST.json
IWM,1m,1m,rth,09:25-16:05,alpaca-sip,2017-01-03,2017-12-30,99923.0,10,IWM/1m/IWM_1m_2017-01-03_2017-12-30_MANIFEST.json
IWM,1m,1m,rth,09:25-16:05,alpaca-sip,2018-01-02,2019-01-01,99788.0,10,IWM/1m/IWM_1m_2018-01-02_2019-01-01_MANIFEST.json
IWM,1m,1m,rth,09:25-16:05,alpaca-sip,2019-01-02,2020-01-01,100041.0,11,IWM/1m/IWM_1m_2019-01-02_2020-01-01_MANIFEST.json
IWM,1m,1m,rth,09:25-16:05,alpaca-sip,2020-01-02,2021-01-01,100802.0,11,IWM/1m/IWM_1m_2020-01-02_2021-01-01_MANIFEST.json
IWM,1m,1m,rth,09:25-16:05,alpaca-sip,2021-01-04,2022-01-01,100717.0,11,IWM/1m/IWM_1m_2021-01-04_2022-01-01_MANIFEST.json
IWM,1m,1m,rth,09:25-16:05,alpaca-sip,2022-01-03,2022-12-31,100251.0,11,IWM/1m/IWM_1m_2022-01-03_2022-12-31_MANIFEST.json
IWM,1m,1m,rth,09:25-16:05,alpaca-sip,2023-01-03,2023-12-30,99715.0,10,IWM/1m/IWM_1m_2023-01-03_2023-12-30_MANIFEST.json
IWM,1m,1m,rth,09:25-16:05,alpaca-sip,2024-01-02,2025-01-01,100516.0,11,IWM/1m/IWM_1m_2024-01-02_2025-01-01_MANIFEST.json
IWM,1m,1m,rth,09:25-16:05,alpaca-sip,2025-01-02,2026-01-01,99711.0,10,IWM/1m/IWM_1m_2025-01-02_2026-01-01_MANIFEST.json
IWM,1m,1m,rth,09:25-16:05,alpaca-sip,2026-01-02,2026-08-15,61995.0,7,IWM/1m/IWM_1m_2026-01-02_2026-08-15_MANIFEST.json
IWM,1m,1m,rth,09:25-16:05,alpaca-sip,2026-08-17,2026-09-03,5200.0,1,IWM/1m/IWM_1m_2026-08-17_2026-09-03_MANIFEST.json
IWM,1m_premarket,1m_premarket,premarket,04:00-09:30,alpaca-sip,2016-01-04,2016-12-31,18935.0,2,IWM/1m_premarket/IWM_1m_premarket_2016-01-04_2016-12-31_MANIFEST.json
IWM,1m_premarket,1m_premarket,premarket,04:00-09:30,alpaca-sip,2017-01-03,2017-12-30,19292.0,2,IWM/1m_premarket/IWM_1m_premarket_2017-01-03_2017-12-30_MANIFEST.json
IWM,1m_premarket,1m_premarket,premarket,04:00-09:30,alpaca-sip,2018-01-02,2019-01-01,20359.0,3,IWM/1m_premarket/IWM_1m_premarket_2018-01-02_2019-01-01_MANIFEST.json
IWM,1m_premarket,1m_premarket,premarket,04:00-09:30,alpaca-sip,2019-01-02,2020-01-01,16888.0,2,IWM/1m_premarket/IWM_1m_premarket_2019-01-02_2020-01-01_MANIFEST.json
IWM,1m_premarket,1m_premarket,premarket,04:00-09:30,alpaca-sip,2020-01-02,2021-01-01,40478.0,5,IWM/1m_premarket/IWM_1m_premarket_2020-01-02_2021-01-01_MANIFEST.json
IWM,1m_premarket,1m_premarket,premarket,04:00-09:30,alpaca-sip,2021-01-04,2022-01-01,47619.0,5,IWM/1m_premarket/IWM_1m_premarket_2021-01-04_2022-01-01_MANIFEST.json
IWM,1m_premarket,1m_premarket,premarket,04:00-09:30,alpaca-sip,2022-01-03,2022-12-31,57258.0,6,IWM/1m_premarket/IWM_1m_premarket_2022-01-03_2022-12-31_MANIFEST.json
IWM,1m_premarket,1m_premarket,premarket,04:00-09:30,alpaca-sip,2023-01-03,2023-12-30,46723.0,5,IWM/1m_premarket/IWM_1m_premarket_2023-01-03_2023-12-30_MANIFEST.json
IWM,1m_premarket,1m_premarket,premarket,04:00-09:30,alpaca-sip,2024-01-02,2025-01-01,55115.0,6,IWM/1m_premarket/IWM_1m_premarket_2024-01-02_2025-01-01_MANIFEST.json
IWM,1m_premarket,1m_premarket,premarket,04:00-09:30,alpaca-sip,2025-01-02,2026-01-01,59058.0,6,IWM/1m_premarket/IWM_1m_premarket_2025-01-02_2026-01-01_MANIFEST.json
IWM,1m_premarket,1m_premarket,premarket,04:00-09:30,alpaca-sip,2026-01-02,2026-08-15,37725.0,4,IWM/1m_premarket/IWM_1m_premarket_2026-01-02_2026-08-15_MANIFEST.json
IWM,1m_premarket,1m_premarket,premarket,04:00-09:30,alpaca-sip,2026-08-17,2026-09-03,3030.0,1,IWM/1m_premarket/IWM_1m_premarket_2026-08-17_2026-09-03_MANIFEST.json
IWM,5m,5m,rth,09:25-16:05,alpaca-sip,2016-01-04,2016-12-31,20144.0,3,IWM/5m/IWM_5m_2016-01-04_2016-12-31_MANIFEST.json
IWM,5m,5m,rth,09:25-16:05,alpaca-sip,2017-01-03,2017-12-30,20038.0,3,IWM/5m/IWM_5m_2017-01-03_2017-12-30_MANIFEST.json
IWM,5m,5m,rth,09:25-16:05,alpaca-sip,2018-01-02,2019-01-01,20031.0,3,IWM/5m/IWM_5m_2018-01-02_2019-01-01_MANIFEST.json
IWM,5m,5m,rth,09:25-16:05,alpaca-sip,2019-01-02,2020-01-01,20094.0,3,IWM/5m/IWM_5m_2019-01-02_2020-01-01_MANIFEST.json
IWM,5m,5m,rth,09:25-16:05,alpaca-sip,2020-01-02,2021-01-01,20206.0,3,IWM/5m/IWM_5m_2020-01-02_2021-01-01_MANIFEST.json
IWM,5m,5m,rth,09:25-16:05,alpaca-sip,2021-01-04,2022-01-01,20159.0,3,IWM/5m/IWM_5m_2021-01-04_2022-01-01_MANIFEST.json
IWM,5m,5m,rth,09:25-16:05,alpaca-sip,2022-01-03,2022-12-31,20064.0,3,IWM/5m/IWM_5m_2022-01-03_2022-12-31_MANIFEST.json
IWM,5m,5m,rth,09:25-16:05,alpaca-sip,2023-01-03,2023-12-30,19973.0,2,IWM/5m/IWM_5m_2023-01-03_2023-12-30_MANIFEST.json
IWM,5m,5m,rth,09:25-16:05,alpaca-sip,2024-01-02,2025-01-01,20142.0,3,IWM/5m/IWM_5m_2024-01-02_2025-01-01_MANIFEST.json
IWM,5m,5m,rth,09:25-16:05,alpaca-sip,2025-01-02,2026-01-01,19983.0,2,IWM/5m/IWM_5m_2025-01-02_2026-01-01_MANIFEST.json
IWM,5m,5m,rth,09:25-16:05,alpaca-sip,2026-01-02,2026-08-15,12400.0,2,IWM/5m/IWM_5m_2026-01-02_2026-08-15_MANIFEST.json
IWM,5m,5m,rth,09:25-16:05,alpaca-sip,2026-08-17,2026-09-03,1040.0,1,IWM/5m/IWM_5m_2026-08-17_2026-09-03_MANIFEST.json
IWM,5m_premarket,5m_premarket,premarket,04:00-09:30,alpaca-sip,2016-01-04,2016-12-31,7738.0,1,IWM/5m_premarket/IWM_5m_premarket_2016-01-04_2016-12-31_MANIFEST.json
IWM,5m_premarket,5m_premarket,premarket,04:00-09:30,alpaca-sip,2017-01-03,2017-12-30,8174.0,1,IWM/5m_premarket/IWM_5m_premarket_2017-01-03_2017-12-30_MANIFEST.json
IWM,5m_premarket,5m_premarket,premarket,04:00-09:30,alpaca-sip,2018-01-02,2019-01-01,8904.0,1,IWM/5m_premarket/IWM_5m_premarket_2018-01-02_2019-01-01_MANIFEST.json
IWM,5m_premarket,5m_premarket,premarket,04:00-09:30,alpaca-sip,2019-01-02,2020-01-01,8150.0,1,IWM/5m_premarket/IWM_5m_premarket_2019-01-02_2020-01-01_MANIFEST.json
IWM,5m_premarket,5m_premarket,premarket,04:00-09:30,alpaca-sip,2020-01-02,2021-01-01,13542.0,2,IWM/5m_premarket/IWM_5m_premarket_2020-01-02_2021-01-01_MANIFEST.json
IWM,5m_premarket,5m_premarket,premarket,04:00-09:30,alpaca-sip,2021-01-04,2022-01-01,14612.0,2,IWM/5m_premarket/IWM_5m_premarket_2021-01-04_2022-01-01_MANIFEST.json
IWM,5m_premarket,5m_premarket,premarket,04:00-09:30,alpaca-sip,2022-01-03,2022-12-31,16047.0,2,IWM/5m_premarket/IWM_5m_premarket_2022-01-03_2022-12-31_MANIFEST.json
IWM,5m_premarket,5m_premarket,premarket,04:00-09:30,alpaca-sip,2023-01-03,2023-12-30,15001.0,2,IWM/5m_premarket/IWM_5m_premarket_2023-01-03_2023-12-30_MANIFEST.json
IWM,5m_premarket,5m_premarket,premarket,04:00-09:30,alpaca-sip,2024-01-02,2025-01-01,15895.0,2,IWM/5m_premarket/IWM_5m_premarket_2024-01-02_2025-01-01_MANIFEST.json
IWM,5m_premarket,5m_premarket,premarket,04:00-09:30,alpaca-sip,2025-01-02,2026-01-01,16047.0,2,IWM/5m_premarket/IWM_5m_premarket_2025-01-02_2026-01-01_MANIFEST.json
IWM,5m_premarket,5m_premarket,premarket,04:00-09:30,alpaca-sip,2026-01-02,2026-08-15,10039.0,2,IWM/5m_premarket/IWM_5m_premarket_2026-01-02_2026-08-15_MANIFEST.json
IWM,5m_premarket,5m_premarket,premarket,04:00-09:30,alpaca-sip,2026-08-17,2026-09-03,840.0,1,IWM/5m_premarket/IWM_5m_premarket_2026-08-17_2026-09-03_MANIFEST.json
KLAC,5m,5m,rth,09:25-16:05,alpaca-sip,2022-01-03,2022-12-31,19920.0,2,KLAC/5m/KLAC_5m_2022-01-03_2022-12-31_MANIFEST.json
KLAC,5m,5m,rth,09:25-16:05,alpaca-sip,2023-01-03,2023-12-30,19794.0,2,KLAC/5m/KLAC_5m_2023-01-03_2023-12-30_MANIFEST.json
KLAC,5m,5m,rth,09:25-16:05,alpaca-sip,2024-01-02,2025-01-01,19829.0,2,KLAC/5m/KLAC_5m_2024-01-02_2025-01-01_MANIFEST.json
KLAC,5m,5m,rth,09:25-16:05,alpaca-sip,2025-01-02,2026-01-01,19674.0,2,KLAC/5m/KLAC_5m_2025-01-02_2026-01-01_MANIFEST.json
KLAC,5m,5m,rth,09:25-16:05,alpaca-sip,2026-01-02,2026-08-18,12457.0,2,KLAC/5m/KLAC_5m_2026-01-02_2026-08-18_MANIFEST.json
LABD,5m,5m,rth,09:25-16:05,alpaca-sip,2020-01-02,2021-01-01,20132.0,3,LABD/5m/LABD_5m_2020-01-02_2021-01-01_MANIFEST.json
LABD,5m,5m,rth,09:25-16:05,alpaca-sip,2021-01-04,2022-01-01,20065.0,3,LABD/5m/LABD_5m_2021-01-04_2022-01-01_MANIFEST.json
LABD,5m,5m,rth,09:25-16:05,alpaca-sip,2022-01-03,2022-12-31,20052.0,3,LABD/5m/LABD_5m_2022-01-03_2022-12-31_MANIFEST.json
LABD,5m,5m,rth,09:25-16:05,alpaca-sip,2023-01-03,2023-12-30,19947.0,2,LABD/5m/LABD_5m_2023-01-03_2023-12-30_MANIFEST.json
LABD,5m,5m,rth,09:25-16:05,alpaca-sip,2024-01-02,2025-01-01,20098.0,3,LABD/5m/LABD_5m_2024-01-02_2025-01-01_MANIFEST.json
LABD,5m,5m,rth,09:25-16:05,alpaca-sip,2025-01-02,2026-01-01,19926.0,2,LABD/5m/LABD_5m_2025-01-02_2026-01-01_MANIFEST.json
LABD,5m,5m,rth,09:25-16:05,alpaca-sip,2026-01-02,2026-09-01,13257.0,2,LABD/5m/LABD_5m_2026-01-02_2026-09-01_MANIFEST.json
LABD,5m_afterhours,5m_afterhours,afterhours,16:05-20:00,alpaca-sip,2020-01-02,2021-01-01,3811.0,1,LABD/5m_afterhours/LABD_5m_afterhours_2020-01-02_2021-01-01_MANIFEST.json
LABD,5m_afterhours,5m_afterhours,afterhours,16:05-20:00,alpaca-sip,2021-01-04,2022-01-01,3050.0,1,LABD/5m_afterhours/LABD_5m_afterhours_2021-01-04_2022-01-01_MANIFEST.json
LABD,5m_afterhours,5m_afterhours,afterhours,16:05-20:00,alpaca-sip,2022-01-03,2022-12-31,6420.0,1,LABD/5m_afterhours/LABD_5m_afterhours_2022-01-03_2022-12-31_MANIFEST.json
LABD,5m_afterhours,5m_afterhours,afterhours,16:05-20:00,alpaca-sip,2023-01-03,2023-12-30,6111.0,1,LABD/5m_afterhours/LABD_5m_afterhours_2023-01-03_2023-12-30_MANIFEST.json
LABD,5m_afterhours,5m_afterhours,afterhours,16:05-20:00,alpaca-sip,2024-01-02,2025-01-01,7479.0,1,LABD/5m_afterhours/LABD_5m_afterhours_2024-01-02_2025-01-01_MANIFEST.json
LABD,5m_afterhours,5m_afterhours,afterhours,16:05-20:00,alpaca-sip,2025-01-02,2026-01-01,5543.0,1,LABD/5m_afterhours/LABD_5m_afterhours_2025-01-02_2026-01-01_MANIFEST.json
LABD,5m_afterhours,5m_afterhours,afterhours,16:05-20:00,alpaca-sip,2026-01-02,2026-09-01,3009.0,1,LABD/5m_afterhours/LABD_5m_afterhours_2026-01-02_2026-09-01_MANIFEST.json
LABD,5m_premarket,5m_premarket,premarket,04:00-09:30,alpaca-sip,2020-01-02,2021-01-01,4176.0,1,LABD/5m_premarket/LABD_5m_premarket_2020-01-02_2021-01-01_MANIFEST.json
LABD,5m_premarket,5m_premarket,premarket,04:00-09:30,alpaca-sip,2021-01-04,2022-01-01,4746.0,1,LABD/5m_premarket/LABD_5m_premarket_2021-01-04_2022-01-01_MANIFEST.json
LABD,5m_premarket,5m_premarket,premarket,04:00-09:30,alpaca-sip,2022-01-03,2022-12-31,9785.0,1,LABD/5m_premarket/LABD_5m_premarket_2022-01-03_2022-12-31_MANIFEST.json
LABD,5m_premarket,5m_premarket,premarket,04:00-09:30,alpaca-sip,2023-01-03,2023-12-30,7709.0,1,LABD/5m_premarket/LABD_5m_premarket_2023-01-03_2023-12-30_MANIFEST.json
LABD,5m_premarket,5m_premarket,premarket,04:00-09:30,alpaca-sip,2024-01-02,2025-01-01,10448.0,2,LABD/5m_premarket/LABD_5m_premarket_2024-01-02_2025-01-01_MANIFEST.json
LABD,5m_premarket,5m_premarket,premarket,04:00-09:30,alpaca-sip,2025-01-02,2026-01-01,8307.0,1,LABD/5m_premarket/LABD_5m_premarket_2025-01-02_2026-01-01_MANIFEST.json
LABD,5m_premarket,5m_premarket,premarket,04:00-09:30,alpaca-sip,2026-01-02,2026-09-01,4290.0,1,LABD/5m_premarket/LABD_5m_premarket_2026-01-02_2026-09-01_MANIFEST.json
LABU,5m,5m,rth,09:25-16:05,alpaca-sip,2020-01-02,2021-01-01,20130.0,3,LABU/5m/LABU_5m_2020-01-02_2021-01-01_MANIFEST.json
LABU,5m,5m,rth,09:25-16:05,alpaca-sip,2021-01-04,2022-01-01,20108.0,3,LABU/5m/LABU_5m_2021-01-04_2022-01-01_MANIFEST.json
LABU,5m,5m,rth,09:25-16:05,alpaca-sip,2022-01-03,2022-12-31,20075.0,3,LABU/5m/LABU_5m_2022-01-03_2022-12-31_MANIFEST.json
LABU,5m,5m,rth,09:25-16:05,alpaca-sip,2023-01-03,2023-12-30,19990.0,2,LABU/5m/LABU_5m_2023-01-03_2023-12-30_MANIFEST.json
LABU,5m,5m,rth,09:25-16:05,alpaca-sip,2024-01-02,2025-01-01,20066.0,3,LABU/5m/LABU_5m_2024-01-02_2025-01-01_MANIFEST.json
LABU,5m,5m,rth,09:25-16:05,alpaca-sip,2025-01-02,2026-01-01,19896.0,2,LABU/5m/LABU_5m_2025-01-02_2026-01-01_MANIFEST.json
LABU,5m,5m,rth,09:25-16:05,alpaca-sip,2026-01-02,2026-09-01,13143.0,2,LABU/5m/LABU_5m_2026-01-02_2026-09-01_MANIFEST.json
LABU,5m_afterhours,5m_afterhours,afterhours,16:05-20:00,alpaca-sip,2020-01-02,2021-01-01,3900.0,1,LABU/5m_afterhours/LABU_5m_afterhours_2020-01-02_2021-01-01_MANIFEST.json
LABU,5m_afterhours,5m_afterhours,afterhours,16:05-20:00,alpaca-sip,2021-01-04,2022-01-01,4766.0,1,LABU/5m_afterhours/LABU_5m_afterhours_2021-01-04_2022-01-01_MANIFEST.json
LABU,5m_afterhours,5m_afterhours,afterhours,16:05-20:00,alpaca-sip,2022-01-03,2022-12-31,10085.0,2,LABU/5m_afterhours/LABU_5m_afterhours_2022-01-03_2022-12-31_MANIFEST.json
LABU,5m_afterhours,5m_afterhours,afterhours,16:05-20:00,alpaca-sip,2023-01-03,2023-12-30,10208.0,2,LABU/5m_afterhours/LABU_5m_afterhours_2023-01-03_2023-12-30_MANIFEST.json
LABU,5m_afterhours,5m_afterhours,afterhours,16:05-20:00,alpaca-sip,2024-01-02,2025-01-01,4385.0,1,LABU/5m_afterhours/LABU_5m_afterhours_2024-01-02_2025-01-01_MANIFEST.json
LABU,5m_afterhours,5m_afterhours,afterhours,16:05-20:00,alpaca-sip,2025-01-02,2026-01-01,4304.0,1,LABU/5m_afterhours/LABU_5m_afterhours_2025-01-02_2026-01-01_MANIFEST.json
LABU,5m_afterhours,5m_afterhours,afterhours,16:05-20:00,alpaca-sip,2026-01-02,2026-09-01,1344.0,1,LABU/5m_afterhours/LABU_5m_afterhours_2026-01-02_2026-09-01_MANIFEST.json
LABU,5m_premarket,5m_premarket,premarket,04:00-09:30,alpaca-sip,2020-01-02,2021-01-01,4448.0,1,LABU/5m_premarket/LABU_5m_premarket_2020-01-02_2021-01-01_MANIFEST.json
LABU,5m_premarket,5m_premarket,premarket,04:00-09:30,alpaca-sip,2021-01-04,2022-01-01,6666.0,1,LABU/5m_premarket/LABU_5m_premarket_2021-01-04_2022-01-01_MANIFEST.json
LABU,5m_premarket,5m_premarket,premarket,04:00-09:30,alpaca-sip,2022-01-03,2022-12-31,14854.0,2,LABU/5m_premarket/LABU_5m_premarket_2022-01-03_2022-12-31_MANIFEST.json
LABU,5m_premarket,5m_premarket,premarket,04:00-09:30,alpaca-sip,2023-01-03,2023-12-30,14638.0,2,LABU/5m_premarket/LABU_5m_premarket_2023-01-03_2023-12-30_MANIFEST.json
LABU,5m_premarket,5m_premarket,premarket,04:00-09:30,alpaca-sip,2024-01-02,2025-01-01,6962.0,1,LABU/5m_premarket/LABU_5m_premarket_2024-01-02_2025-01-01_MANIFEST.json
LABU,5m_premarket,5m_premarket,premarket,04:00-09:30,alpaca-sip,2025-01-02,2026-01-01,6842.0,1,LABU/5m_premarket/LABU_5m_premarket_2025-01-02_2026-01-01_MANIFEST.json
LABU,5m_premarket,5m_premarket,premarket,04:00-09:30,alpaca-sip,2026-01-02,2026-09-01,2686.0,1,LABU/5m_premarket/LABU_5m_premarket_2026-01-02_2026-09-01_MANIFEST.json
LRCX,5m,5m,rth,09:25-16:05,alpaca-sip,2022-01-03,2022-12-31,19944.0,2,LRCX/5m/LRCX_5m_2022-01-03_2022-12-31_MANIFEST.json
LRCX,5m,5m,rth,09:25-16:05,alpaca-sip,2023-01-03,2023-12-30,19831.0,2,LRCX/5m/LRCX_5m_2023-01-03_2023-12-30_MANIFEST.json
LRCX,5m,5m,rth,09:25-16:05,alpaca-sip,2024-01-02,2025-01-01,19972.0,2,LRCX/5m/LRCX_5m_2024-01-02_2025-01-01_MANIFEST.json
LRCX,5m,5m,rth,09:25-16:05,alpaca-sip,2025-01-02,2026-01-01,19908.0,2,LRCX/5m/LRCX_5m_2025-01-02_2026-01-01_MANIFEST.json
LRCX,5m,5m,rth,09:25-16:05,alpaca-sip,2026-01-02,2026-08-18,12479.0,2,LRCX/5m/LRCX_5m_2026-01-02_2026-08-18_MANIFEST.json
MSFT,1m,1m,rth,09:25-16:05,alpaca-sip,2020-01-02,2021-01-01,100697.0,11,MSFT/1m/MSFT_1m_2020-01-02_2021-01-01_MANIFEST.json
MSFT,1m,1m,rth,09:25-16:05,alpaca-sip,2021-01-04,2022-01-01,100482.0,11,MSFT/1m/MSFT_1m_2021-01-04_2022-01-01_MANIFEST.json
MSFT,1m,1m,rth,09:25-16:05,alpaca-sip,2022-01-03,2022-12-31,100098.0,11,MSFT/1m/MSFT_1m_2022-01-03_2022-12-31_MANIFEST.json
MSFT,1m,1m,rth,09:25-16:05,alpaca-sip,2023-01-03,2023-12-30,99619.0,10,MSFT/1m/MSFT_1m_2023-01-03_2023-12-30_MANIFEST.json
MSFT,1m,1m,rth,09:25-16:05,alpaca-sip,2024-01-02,2025-01-01,100195.0,11,MSFT/1m/MSFT_1m_2024-01-02_2025-01-01_MANIFEST.json
MSFT,1m,1m,rth,09:25-16:05,alpaca-sip,2025-01-02,2026-01-01,99497.0,10,MSFT/1m/MSFT_1m_2025-01-02_2026-01-01_MANIFEST.json
MSFT,1m,1m,rth,09:25-16:05,alpaca-sip,2026-01-02,2026-08-15,61999.0,7,MSFT/1m/MSFT_1m_2026-01-02_2026-08-15_MANIFEST.json
MSFT,1m_premarket,1m_premarket,premarket,04:00-09:30,alpaca-sip,2020-01-02,2021-01-01,41762.0,5,MSFT/1m_premarket/MSFT_1m_premarket_2020-01-02_2021-01-01_MANIFEST.json
MSFT,1m_premarket,1m_premarket,premarket,04:00-09:30,alpaca-sip,2021-01-04,2022-01-01,30921.0,4,MSFT/1m_premarket/MSFT_1m_premarket_2021-01-04_2022-01-01_MANIFEST.json
MSFT,1m_premarket,1m_premarket,premarket,04:00-09:30,alpaca-sip,2022-01-03,2022-12-31,33688.0,4,MSFT/1m_premarket/MSFT_1m_premarket_2022-01-03_2022-12-31_MANIFEST.json
MSFT,1m_premarket,1m_premarket,premarket,04:00-09:30,alpaca-sip,2023-01-03,2023-12-30,36177.0,4,MSFT/1m_premarket/MSFT_1m_premarket_2023-01-03_2023-12-30_MANIFEST.json
MSFT,1m_premarket,1m_premarket,premarket,04:00-09:30,alpaca-sip,2024-01-02,2025-01-01,32094.0,4,MSFT/1m_premarket/MSFT_1m_premarket_2024-01-02_2025-01-01_MANIFEST.json
MSFT,1m_premarket,1m_premarket,premarket,04:00-09:30,alpaca-sip,2025-01-02,2026-01-01,34407.0,4,MSFT/1m_premarket/MSFT_1m_premarket_2025-01-02_2026-01-01_MANIFEST.json
MSFT,1m_premarket,1m_premarket,premarket,04:00-09:30,alpaca-sip,2026-01-02,2026-08-15,43868.0,5,MSFT/1m_premarket/MSFT_1m_premarket_2026-01-02_2026-08-15_MANIFEST.json
MSFT,5m,5m,rth,09:25-16:05,alpaca-sip,2020-01-02,2021-01-01,20206.0,3,MSFT/5m/MSFT_5m_2020-01-02_2021-01-01_MANIFEST.json
MSFT,5m,5m,rth,09:25-16:05,alpaca-sip,2021-01-04,2022-01-01,20157.0,3,MSFT/5m/MSFT_5m_2021-01-04_2022-01-01_MANIFEST.json
MSFT,5m,5m,rth,09:25-16:05,alpaca-sip,2022-01-03,2022-12-31,20069.0,3,MSFT/5m/MSFT_5m_2022-01-03_2022-12-31_MANIFEST.json
MSFT,5m,5m,rth,09:25-16:05,alpaca-sip,2023-01-03,2023-12-30,19978.0,2,MSFT/5m/MSFT_5m_2023-01-03_2023-12-30_MANIFEST.json
MSFT,5m,5m,rth,09:25-16:05,alpaca-sip,2024-01-02,2025-01-01,20119.0,3,MSFT/5m/MSFT_5m_2024-01-02_2025-01-01_MANIFEST.json
MSFT,5m,5m,rth,09:25-16:05,alpaca-sip,2025-01-02,2026-01-01,19990.0,2,MSFT/5m/MSFT_5m_2025-01-02_2026-01-01_MANIFEST.json
MSFT,5m,5m,rth,09:25-16:05,alpaca-sip,2026-01-02,2026-08-15,12400.0,2,MSFT/5m/MSFT_5m_2026-01-02_2026-08-15_MANIFEST.json
MSFT,5m_premarket,5m_premarket,premarket,04:00-09:30,alpaca-sip,2020-01-02,2021-01-01,13197.0,2,MSFT/5m_premarket/MSFT_5m_premarket_2020-01-02_2021-01-01_MANIFEST.json
MSFT,5m_premarket,5m_premarket,premarket,04:00-09:30,alpaca-sip,2021-01-04,2022-01-01,11830.0,2,MSFT/5m_premarket/MSFT_5m_premarket_2021-01-04_2022-01-01_MANIFEST.json
MSFT,5m_premarket,5m_premarket,premarket,04:00-09:30,alpaca-sip,2022-01-03,2022-12-31,12537.0,2,MSFT/5m_premarket/MSFT_5m_premarket_2022-01-03_2022-12-31_MANIFEST.json
MSFT,5m_premarket,5m_premarket,premarket,04:00-09:30,alpaca-sip,2023-01-03,2023-12-30,12756.0,2,MSFT/5m_premarket/MSFT_5m_premarket_2023-01-03_2023-12-30_MANIFEST.json
MSFT,5m_premarket,5m_premarket,premarket,04:00-09:30,alpaca-sip,2024-01-02,2025-01-01,12432.0,2,MSFT/5m_premarket/MSFT_5m_premarket_2024-01-02_2025-01-01_MANIFEST.json
MSFT,5m_premarket,5m_premarket,premarket,04:00-09:30,alpaca-sip,2025-01-02,2026-01-01,12833.0,2,MSFT/5m_premarket/MSFT_5m_premarket_2025-01-02_2026-01-01_MANIFEST.json
MSFT,5m_premarket,5m_premarket,premarket,04:00-09:30,alpaca-sip,2026-01-02,2026-08-15,10148.0,2,MSFT/5m_premarket/MSFT_5m_premarket_2026-01-02_2026-08-15_MANIFEST.json
MU,5m,5m,rth,09:25-16:05,alpaca-sip,2022-01-03,2022-12-31,20054.0,3,MU/5m/MU_5m_2022-01-03_2022-12-31_MANIFEST.json
MU,5m,5m,rth,09:25-16:05,alpaca-sip,2023-01-03,2023-12-30,19959.0,2,MU/5m/MU_5m_2023-01-03_2023-12-30_MANIFEST.json
MU,5m,5m,rth,09:25-16:05,alpaca-sip,2024-01-02,2025-01-01,20156.0,3,MU/5m/MU_5m_2024-01-02_2025-01-01_MANIFEST.json
MU,5m,5m,rth,09:25-16:05,alpaca-sip,2025-01-02,2026-01-01,19996.0,2,MU/5m/MU_5m_2025-01-02_2026-01-01_MANIFEST.json
MU,5m,5m,rth,09:25-16:05,alpaca-sip,2026-01-02,2026-08-18,12480.0,2,MU/5m/MU_5m_2026-01-02_2026-08-18_MANIFEST.json
NVD,1m,1m,rth,09:25-16:05,alpaca-sip,2023-08-23,2023-12-30,4060.0,1,NVD/1m/NVD_1m_2023-08-23_2023-12-30_MANIFEST.json
NVD,1m,1m,rth,09:25-16:05,alpaca-sip,2024-01-02,2025-01-01,86601.0,9,NVD/1m/NVD_1m_2024-01-02_2025-01-01_MANIFEST.json
NVD,1m,1m,rth,09:25-16:05,alpaca-sip,2025-01-02,2026-01-01,97043.0,10,NVD/1m/NVD_1m_2025-01-02_2026-01-01_MANIFEST.json
NVD,1m,1m,rth,09:25-16:05,alpaca-sip,2026-01-02,2026-08-15,60004.0,7,NVD/1m/NVD_1m_2026-01-02_2026-08-15_MANIFEST.json
NVD,1m_premarket,1m_premarket,premarket,04:00-09:30,alpaca-sip,2023-08-24,2023-12-30,157.0,1,NVD/1m_premarket/NVD_1m_premarket_2023-08-24_2023-12-30_MANIFEST.json
NVD,1m_premarket,1m_premarket,premarket,04:00-09:30,alpaca-sip,2024-01-02,2025-01-01,35151.0,4,NVD/1m_premarket/NVD_1m_premarket_2024-01-02_2025-01-01_MANIFEST.json
NVD,1m_premarket,1m_premarket,premarket,04:00-09:30,alpaca-sip,2025-01-02,2026-01-01,53486.0,6,NVD/1m_premarket/NVD_1m_premarket_2025-01-02_2026-01-01_MANIFEST.json
NVD,1m_premarket,1m_premarket,premarket,04:00-09:30,alpaca-sip,2026-01-02,2026-08-15,26791.0,3,NVD/1m_premarket/NVD_1m_premarket_2026-01-02_2026-08-15_MANIFEST.json
NVD,5m,5m,rth,09:25-16:05,alpaca-sip,2023-08-23,2023-12-30,2688.0,1,NVD/5m/NVD_5m_2023-08-23_2023-12-30_MANIFEST.json
NVD,5m,5m,rth,09:25-16:05,alpaca-sip,2024-01-02,2025-01-01,19434.0,2,NVD/5m/NVD_5m_2024-01-02_2025-01-01_MANIFEST.json
NVD,5m,5m,rth,09:25-16:05,alpaca-sip,2025-01-02,2026-01-01,19976.0,2,NVD/5m/NVD_5m_2025-01-02_2026-01-01_MANIFEST.json
NVD,5m,5m,rth,09:25-16:05,alpaca-sip,2026-01-02,2026-08-15,12400.0,2,NVD/5m/NVD_5m_2026-01-02_2026-08-15_MANIFEST.json
NVD,5m_premarket,5m_premarket,premarket,04:00-09:30,alpaca-sip,2023-08-24,2023-12-30,137.0,1,NVD/5m_premarket/NVD_5m_premarket_2023-08-24_2023-12-30_MANIFEST.json
NVD,5m_premarket,5m_premarket,premarket,04:00-09:30,alpaca-sip,2024-01-02,2025-01-01,12016.0,2,NVD/5m_premarket/NVD_5m_premarket_2024-01-02_2025-01-01_MANIFEST.json
NVD,5m_premarket,5m_premarket,premarket,04:00-09:30,alpaca-sip,2025-01-02,2026-01-01,15614.0,2,NVD/5m_premarket/NVD_5m_premarket_2025-01-02_2026-01-01_MANIFEST.json
NVD,5m_premarket,5m_premarket,premarket,04:00-09:30,alpaca-sip,2026-01-02,2026-08-15,9174.0,1,NVD/5m_premarket/NVD_5m_premarket_2026-01-02_2026-08-15_MANIFEST.json
NVDA,1m,1m,rth,09:25-16:05,alpaca-sip,2020-01-02,2021-01-01,100330.0,11,NVDA/1m/NVDA_1m_2020-01-02_2021-01-01_MANIFEST.json
NVDA,1m,1m,rth,09:25-16:05,alpaca-sip,2021-01-04,2022-01-01,100488.0,11,NVDA/1m/NVDA_1m_2021-01-04_2022-01-01_MANIFEST.json
NVDA,1m,1m,rth,09:25-16:05,alpaca-sip,2022-01-03,2022-12-31,100276.0,11,NVDA/1m/NVDA_1m_2022-01-03_2022-12-31_MANIFEST.json
NVDA,1m,1m,rth,09:25-16:05,alpaca-sip,2023-01-03,2023-12-30,99857.0,10,NVDA/1m/NVDA_1m_2023-01-03_2023-12-30_MANIFEST.json
NVDA,1m,1m,rth,09:25-16:05,alpaca-sip,2024-01-02,2025-01-01,100796.0,11,NVDA/1m/NVDA_1m_2024-01-02_2025-01-01_MANIFEST.json
NVDA,1m,1m,rth,09:25-16:05,alpaca-sip,2025-01-02,2026-01-01,99988.0,10,NVDA/1m/NVDA_1m_2025-01-02_2026-01-01_MANIFEST.json
NVDA,1m,1m,rth,09:25-16:05,alpaca-sip,2026-01-02,2026-08-15,62000.0,7,NVDA/1m/NVDA_1m_2026-01-02_2026-08-15_MANIFEST.json
NVDA,1m_premarket,1m_premarket,premarket,04:00-09:30,alpaca-sip,2020-01-02,2021-01-01,27969.0,3,NVDA/1m_premarket/NVDA_1m_premarket_2020-01-02_2021-01-01_MANIFEST.json
NVDA,1m_premarket,1m_premarket,premarket,04:00-09:30,alpaca-sip,2021-01-04,2022-01-01,31787.0,4,NVDA/1m_premarket/NVDA_1m_premarket_2021-01-04_2022-01-01_MANIFEST.json
NVDA,1m_premarket,1m_premarket,premarket,04:00-09:30,alpaca-sip,2022-01-03,2022-12-31,50481.0,6,NVDA/1m_premarket/NVDA_1m_premarket_2022-01-03_2022-12-31_MANIFEST.json
NVDA,1m_premarket,1m_premarket,premarket,04:00-09:30,alpaca-sip,2023-01-03,2023-12-30,52754.0,6,NVDA/1m_premarket/NVDA_1m_premarket_2023-01-03_2023-12-30_MANIFEST.json
NVDA,1m_premarket,1m_premarket,premarket,04:00-09:30,alpaca-sip,2024-01-02,2025-01-01,74055.0,8,NVDA/1m_premarket/NVDA_1m_premarket_2024-01-02_2025-01-01_MANIFEST.json
NVDA,1m_premarket,1m_premarket,premarket,04:00-09:30,alpaca-sip,2025-01-02,2026-01-01,81778.0,9,NVDA/1m_premarket/NVDA_1m_premarket_2025-01-02_2026-01-01_MANIFEST.json
NVDA,1m_premarket,1m_premarket,premarket,04:00-09:30,alpaca-sip,2026-01-02,2026-08-15,49687.0,5,NVDA/1m_premarket/NVDA_1m_premarket_2026-01-02_2026-08-15_MANIFEST.json
NVDA,5m,5m,rth,09:25-16:05,alpaca-sip,2020-01-02,2021-01-01,20198.0,3,NVDA/5m/NVDA_5m_2020-01-02_2021-01-01_MANIFEST.json
NVDA,5m,5m,rth,09:25-16:05,alpaca-sip,2021-01-04,2022-01-01,20160.0,3,NVDA/5m/NVDA_5m_2021-01-04_2022-01-01_MANIFEST.json
NVDA,5m,5m,rth,09:25-16:05,alpaca-sip,2022-01-03,2022-12-31,20074.0,3,NVDA/5m/NVDA_5m_2022-01-03_2022-12-31_MANIFEST.json
NVDA,5m,5m,rth,09:25-16:05,alpaca-sip,2023-01-03,2023-12-30,19995.0,2,NVDA/5m/NVDA_5m_2023-01-03_2023-12-30_MANIFEST.json
NVDA,5m,5m,rth,09:25-16:05,alpaca-sip,2024-01-02,2025-01-01,20160.0,3,NVDA/5m/NVDA_5m_2024-01-02_2025-01-01_MANIFEST.json
NVDA,5m,5m,rth,09:25-16:05,alpaca-sip,2025-01-02,2026-01-01,20000.0,2,NVDA/5m/NVDA_5m_2025-01-02_2026-01-01_MANIFEST.json
NVDA,5m,5m,rth,09:25-16:05,alpaca-sip,2026-01-02,2026-08-15,12400.0,2,NVDA/5m/NVDA_5m_2026-01-02_2026-08-15_MANIFEST.json
NVDA,5m_premarket,5m_premarket,premarket,04:00-09:30,alpaca-sip,2020-01-02,2021-01-01,10135.0,2,NVDA/5m_premarket/NVDA_5m_premarket_2020-01-02_2021-01-01_MANIFEST.json
NVDA,5m_premarket,5m_premarket,premarket,04:00-09:30,alpaca-sip,2021-01-04,2022-01-01,11052.0,2,NVDA/5m_premarket/NVDA_5m_premarket_2021-01-04_2022-01-01_MANIFEST.json
NVDA,5m_premarket,5m_premarket,premarket,04:00-09:30,alpaca-sip,2022-01-03,2022-12-31,14954.0,2,NVDA/5m_premarket/NVDA_5m_premarket_2022-01-03_2022-12-31_MANIFEST.json
NVDA,5m_premarket,5m_premarket,premarket,04:00-09:30,alpaca-sip,2023-01-03,2023-12-30,15026.0,2,NVDA/5m_premarket/NVDA_5m_premarket_2023-01-03_2023-12-30_MANIFEST.json
NVDA,5m_premarket,5m_premarket,premarket,04:00-09:30,alpaca-sip,2024-01-02,2025-01-01,16317.0,2,NVDA/5m_premarket/NVDA_5m_premarket_2024-01-02_2025-01-01_MANIFEST.json
NVDA,5m_premarket,5m_premarket,premarket,04:00-09:30,alpaca-sip,2025-01-02,2026-01-01,16500.0,2,NVDA/5m_premarket/NVDA_5m_premarket_2025-01-02_2026-01-01_MANIFEST.json
NVDA,5m_premarket,5m_premarket,premarket,04:00-09:30,alpaca-sip,2026-01-02,2026-08-15,10230.0,2,NVDA/5m_premarket/NVDA_5m_premarket_2026-01-02_2026-08-15_MANIFEST.json
NVDL,15m,15m,rth,09:25-16:05,alpaca-sip,2022-12-13,2022-12-31,30.0,1,NVDL/15m/NVDL_15m_2022-12-13_2022-12-31_MANIFEST.json
NVDL,15m,15m,rth,09:25-16:05,alpaca-sip,2023-01-03,2023-12-30,6015.0,1,NVDL/15m/NVDL_15m_2023-01-03_2023-12-30_MANIFEST.json
NVDL,15m,15m,rth,09:25-16:05,alpaca-sip,2024-01-02,2025-01-01,6803.0,1,NVDL/15m/NVDL_15m_2024-01-02_2025-01-01_MANIFEST.json
NVDL,15m,15m,rth,09:25-16:05,alpaca-sip,2025-01-02,2026-01-01,6750.0,1,NVDL/15m/NVDL_15m_2025-01-02_2026-01-01_MANIFEST.json
NVDL,15m,15m,rth,09:25-16:05,alpaca-sip,2026-01-02,2026-09-03,4532.0,1,NVDL/15m/NVDL_15m_2026-01-02_2026-09-03_MANIFEST.json
NVDL,15m_afterhours,15m_afterhours,afterhours,16:05-20:00,alpaca-sip,2023-01-24,2023-12-30,886.0,1,NVDL/15m_afterhours/NVDL_15m_afterhours_2023-01-24_2023-12-30_MANIFEST.json
NVDL,15m_afterhours,15m_afterhours,afterhours,16:05-20:00,alpaca-sip,2024-01-03,2025-01-01,3524.0,1,NVDL/15m_afterhours/NVDL_15m_afterhours_2024-01-03_2025-01-01_MANIFEST.json
NVDL,15m_afterhours,15m_afterhours,afterhours,16:05-20:00,alpaca-sip,2025-01-02,2026-01-01,3714.0,1,NVDL/15m_afterhours/NVDL_15m_afterhours_2025-01-02_2026-01-01_MANIFEST.json
NVDL,15m_afterhours,15m_afterhours,afterhours,16:05-20:00,alpaca-sip,2026-01-02,2026-09-03,2517.0,1,NVDL/15m_afterhours/NVDL_15m_afterhours_2026-01-02_2026-09-03_MANIFEST.json
NVDL,15m_premarket,15m_premarket,premarket,04:00-09:30,alpaca-sip,2023-01-12,2023-12-30,1659.0,1,NVDL/15m_premarket/NVDL_15m_premarket_2023-01-12_2023-12-30_MANIFEST.json
NVDL,15m_premarket,15m_premarket,premarket,04:00-09:30,alpaca-sip,2024-01-02,2025-01-01,5271.0,1,NVDL/15m_premarket/NVDL_15m_premarket_2024-01-02_2025-01-01_MANIFEST.json
NVDL,15m_premarket,15m_premarket,premarket,04:00-09:30,alpaca-sip,2025-01-02,2026-01-01,5498.0,1,NVDL/15m_premarket/NVDL_15m_premarket_2025-01-02_2026-01-01_MANIFEST.json
NVDL,15m_premarket,15m_premarket,premarket,04:00-09:30,alpaca-sip,2026-01-02,2026-09-03,3692.0,1,NVDL/15m_premarket/NVDL_15m_premarket_2026-01-02_2026-09-03_MANIFEST.json
NVDL,1m,1m,rth,09:25-16:05,alpaca-sip,2022-12-13,2022-12-31,34.0,1,NVDL/1m/NVDL_1m_2022-12-13_2022-12-31_MANIFEST.json
NVDL,1m,1m,rth,09:25-16:05,alpaca-sip,2023-01-03,2023-12-30,51760.0,6,NVDL/1m/NVDL_1m_2023-01-03_2023-12-30_MANIFEST.json
NVDL,1m,1m,rth,09:25-16:05,alpaca-sip,2024-01-02,2025-01-01,98116.0,10,NVDL/1m/NVDL_1m_2024-01-02_2025-01-01_MANIFEST.json
NVDL,1m,1m,rth,09:25-16:05,alpaca-sip,2025-01-02,2026-01-01,99746.0,10,NVDL/1m/NVDL_1m_2025-01-02_2026-01-01_MANIFEST.json
NVDL,1m,1m,rth,09:25-16:05,alpaca-sip,2026-01-02,2026-08-15,61898.0,7,NVDL/1m/NVDL_1m_2026-01-02_2026-08-15_MANIFEST.json
NVDL,1m,1m,rth,09:25-16:05,alpaca-sip,2026-08-17,2026-09-03,5151.0,1,NVDL/1m/NVDL_1m_2026-08-17_2026-09-03_MANIFEST.json
NVDL,1m_afterhours,1m_afterhours,afterhours,16:05-20:00,alpaca-sip,2023-01-24,2023-12-30,1925.0,1,NVDL/1m_afterhours/NVDL_1m_afterhours_2023-01-24_2023-12-30_MANIFEST.json
NVDL,1m_afterhours,1m_afterhours,afterhours,16:05-20:00,alpaca-sip,2024-01-03,2025-01-01,38594.0,4,NVDL/1m_afterhours/NVDL_1m_afterhours_2024-01-03_2025-01-01_MANIFEST.json
NVDL,1m_afterhours,1m_afterhours,afterhours,16:05-20:00,alpaca-sip,2025-01-02,2026-01-01,43817.0,5,NVDL/1m_afterhours/NVDL_1m_afterhours_2025-01-02_2026-01-01_MANIFEST.json
NVDL,1m_afterhours,1m_afterhours,afterhours,16:05-20:00,alpaca-sip,2026-01-02,2026-09-03,24463.0,3,NVDL/1m_afterhours/NVDL_1m_afterhours_2026-01-02_2026-09-03_MANIFEST.json
NVDL,1m_premarket,1m_premarket,premarket,04:00-09:30,alpaca-sip,2023-01-12,2023-12-30,3809.0,1,NVDL/1m_premarket/NVDL_1m_premarket_2023-01-12_2023-12-30_MANIFEST.json
NVDL,1m_premarket,1m_premarket,premarket,04:00-09:30,alpaca-sip,2024-01-02,2025-01-01,60246.0,7,NVDL/1m_premarket/NVDL_1m_premarket_2024-01-02_2025-01-01_MANIFEST.json
NVDL,1m_premarket,1m_premarket,premarket,04:00-09:30,alpaca-sip,2025-01-02,2026-01-01,70248.0,8,NVDL/1m_premarket/NVDL_1m_premarket_2025-01-02_2026-01-01_MANIFEST.json
NVDL,1m_premarket,1m_premarket,premarket,04:00-09:30,alpaca-sip,2026-01-02,2026-08-15,35333.0,4,NVDL/1m_premarket/NVDL_1m_premarket_2026-01-02_2026-08-15_MANIFEST.json
NVDL,1m_premarket,1m_premarket,premarket,04:00-09:30,alpaca-sip,2026-08-17,2026-09-03,3105.0,1,NVDL/1m_premarket/NVDL_1m_premarket_2026-08-17_2026-09-03_MANIFEST.json
NVDL,30m,30m,rth,09:25-16:05,alpaca-sip,2022-12-13,2022-12-31,26.0,1,NVDL/30m/NVDL_30m_2022-12-13_2022-12-31_MANIFEST.json
NVDL,30m,30m,rth,09:25-16:05,alpaca-sip,2023-01-03,2023-12-30,3219.0,1,NVDL/30m/NVDL_30m_2023-01-03_2023-12-30_MANIFEST.json
NVDL,30m,30m,rth,09:25-16:05,alpaca-sip,2024-01-02,2025-01-01,3528.0,1,NVDL/30m/NVDL_30m_2024-01-02_2025-01-01_MANIFEST.json
NVDL,30m,30m,rth,09:25-16:05,alpaca-sip,2025-01-02,2026-01-01,3500.0,1,NVDL/30m/NVDL_30m_2025-01-02_2026-01-01_MANIFEST.json
NVDL,30m,30m,rth,09:25-16:05,alpaca-sip,2026-01-02,2026-09-03,2350.0,1,NVDL/30m/NVDL_30m_2026-01-02_2026-09-03_MANIFEST.json
NVDL,30m_afterhours,30m_afterhours,afterhours,16:05-20:00,alpaca-sip,2023-01-24,2023-12-30,595.0,1,NVDL/30m_afterhours/NVDL_30m_afterhours_2023-01-24_2023-12-30_MANIFEST.json
NVDL,30m_afterhours,30m_afterhours,afterhours,16:05-20:00,alpaca-sip,2024-01-03,2025-01-01,1689.0,1,NVDL/30m_afterhours/NVDL_30m_afterhours_2024-01-03_2025-01-01_MANIFEST.json
NVDL,30m_afterhours,30m_afterhours,afterhours,16:05-20:00,alpaca-sip,2025-01-02,2026-01-01,1732.0,1,NVDL/30m_afterhours/NVDL_30m_afterhours_2025-01-02_2026-01-01_MANIFEST.json
NVDL,30m_afterhours,30m_afterhours,afterhours,16:05-20:00,alpaca-sip,2026-01-02,2026-09-03,1176.0,1,NVDL/30m_afterhours/NVDL_30m_afterhours_2026-01-02_2026-09-03_MANIFEST.json
NVDL,30m_premarket,30m_premarket,premarket,04:00-09:30,alpaca-sip,2023-01-12,2023-12-30,1160.0,1,NVDL/30m_premarket/NVDL_30m_premarket_2023-01-12_2023-12-30_MANIFEST.json
NVDL,30m_premarket,30m_premarket,premarket,04:00-09:30,alpaca-sip,2024-01-02,2025-01-01,2687.0,1,NVDL/30m_premarket/NVDL_30m_premarket_2024-01-02_2025-01-01_MANIFEST.json
NVDL,30m_premarket,30m_premarket,premarket,04:00-09:30,alpaca-sip,2025-01-02,2026-01-01,2750.0,1,NVDL/30m_premarket/NVDL_30m_premarket_2025-01-02_2026-01-01_MANIFEST.json
NVDL,30m_premarket,30m_premarket,premarket,04:00-09:30,alpaca-sip,2026-01-02,2026-09-03,1848.0,1,NVDL/30m_premarket/NVDL_30m_premarket_2026-01-02_2026-09-03_MANIFEST.json
NVDL,5m,5m,rth,09:25-16:05,alpaca-sip,2022-12-13,2022-12-31,32.0,1,NVDL/5m/NVDL_5m_2022-12-13_2022-12-31_MANIFEST.json
NVDL,5m,5m,rth,09:25-16:05,alpaca-sip,2023-01-03,2023-12-30,15848.0,2,NVDL/5m/NVDL_5m_2023-01-03_2023-12-30_MANIFEST.json
NVDL,5m,5m,rth,09:25-16:05,alpaca-sip,2024-01-02,2025-01-01,20137.0,3,NVDL/5m/NVDL_5m_2024-01-02_2025-01-01_MANIFEST.json
NVDL,5m,5m,rth,09:25-16:05,alpaca-sip,2025-01-02,2026-01-01,19995.0,2,NVDL/5m/NVDL_5m_2025-01-02_2026-01-01_MANIFEST.json
NVDL,5m,5m,rth,09:25-16:05,alpaca-sip,2026-01-02,2026-08-15,12400.0,2,NVDL/5m/NVDL_5m_2026-01-02_2026-08-15_MANIFEST.json
NVDL,5m,5m,rth,09:25-16:05,alpaca-sip,2026-08-03,2026-08-29,1600.0,1,NVDL/5m/NVDL_5m_2026-08-03_2026-08-29_MANIFEST.json
NVDL,5m,5m,rth,09:25-16:05,alpaca-sip,2026-08-31,2026-09-03,231.0,1,NVDL/5m/NVDL_5m_2026-08-31_2026-09-03_MANIFEST.json
NVDL,5m_afterhours,5m_afterhours,afterhours,16:05-20:00,alpaca-sip,2023-01-24,2023-12-30,1350.0,1,NVDL/5m_afterhours/NVDL_5m_afterhours_2023-01-24_2023-12-30_MANIFEST.json
NVDL,5m_afterhours,5m_afterhours,afterhours,16:05-20:00,alpaca-sip,2024-01-03,2025-01-01,10395.0,2,NVDL/5m_afterhours/NVDL_5m_afterhours_2024-01-03_2025-01-01_MANIFEST.json
NVDL,5m_afterhours,5m_afterhours,afterhours,16:05-20:00,alpaca-sip,2025-01-02,2026-01-01,11441.0,2,NVDL/5m_afterhours/NVDL_5m_afterhours_2025-01-02_2026-01-01_MANIFEST.json
NVDL,5m_afterhours,5m_afterhours,afterhours,16:05-20:00,alpaca-sip,2026-01-02,2026-09-03,7589.0,1,NVDL/5m_afterhours/NVDL_5m_afterhours_2026-01-02_2026-09-03_MANIFEST.json
NVDL,5m_premarket,5m_premarket,premarket,04:00-09:30,alpaca-sip,2023-01-12,2023-12-30,2528.0,1,NVDL/5m_premarket/NVDL_5m_premarket_2023-01-12_2023-12-30_MANIFEST.json
NVDL,5m_premarket,5m_premarket,premarket,04:00-09:30,alpaca-sip,2024-01-02,2025-01-01,14952.0,2,NVDL/5m_premarket/NVDL_5m_premarket_2024-01-02_2025-01-01_MANIFEST.json
NVDL,5m_premarket,5m_premarket,premarket,04:00-09:30,alpaca-sip,2025-01-02,2026-01-01,16402.0,2,NVDL/5m_premarket/NVDL_5m_premarket_2025-01-02_2026-01-01_MANIFEST.json
NVDL,5m_premarket,5m_premarket,premarket,04:00-09:30,alpaca-sip,2026-01-02,2026-08-15,9877.0,1,NVDL/5m_premarket/NVDL_5m_premarket_2026-01-02_2026-08-15_MANIFEST.json
NVDL,5m_premarket,5m_premarket,premarket,04:00-09:30,alpaca-sip,2026-08-17,2026-08-29,636.0,1,NVDL/5m_premarket/NVDL_5m_premarket_2026-08-17_2026-08-29_MANIFEST.json
NVDL,5m_premarket,5m_premarket,premarket,04:00-09:30,alpaca-sip,2026-08-31,2026-09-03,191.0,1,NVDL/5m_premarket/NVDL_5m_premarket_2026-08-31_2026-09-03_MANIFEST.json
NVDS,15m,15m,rth,09:25-16:05,alpaca-sip,2022-12-01,2022-12-31,517.0,1,NVDS/15m/NVDS_15m_2022-12-01_2022-12-31_MANIFEST.json
NVDS,15m,15m,rth,09:25-16:05,alpaca-sip,2023-01-03,2023-12-30,6696.0,1,NVDS/15m/NVDS_15m_2023-01-03_2023-12-30_MANIFEST.json
NVDS,15m,15m,rth,09:25-16:05,alpaca-sip,2024-01-02,2025-01-01,6787.0,1,NVDS/15m/NVDS_15m_2024-01-02_2025-01-01_MANIFEST.json
NVDS,15m,15m,rth,09:25-16:05,alpaca-sip,2025-01-02,2026-01-01,6724.0,1,NVDS/15m/NVDS_15m_2025-01-02_2026-01-01_MANIFEST.json
NVDS,15m,15m,rth,09:25-16:05,alpaca-sip,2026-01-02,2026-09-03,4486.0,1,NVDS/15m/NVDS_15m_2026-01-02_2026-09-03_MANIFEST.json
NVDS,15m_afterhours,15m_afterhours,afterhours,16:05-20:00,alpaca-sip,2022-12-01,2022-12-31,31.0,1,NVDS/15m_afterhours/NVDS_15m_afterhours_2022-12-01_2022-12-31_MANIFEST.json
NVDS,15m_afterhours,15m_afterhours,afterhours,16:05-20:00,alpaca-sip,2023-01-03,2023-12-30,2470.0,1,NVDS/15m_afterhours/NVDS_15m_afterhours_2023-01-03_2023-12-30_MANIFEST.json
NVDS,15m_afterhours,15m_afterhours,afterhours,16:05-20:00,alpaca-sip,2024-01-02,2025-01-01,2685.0,1,NVDS/15m_afterhours/NVDS_15m_afterhours_2024-01-02_2025-01-01_MANIFEST.json
NVDS,15m_afterhours,15m_afterhours,afterhours,16:05-20:00,alpaca-sip,2025-01-02,2026-01-01,2562.0,1,NVDS/15m_afterhours/NVDS_15m_afterhours_2025-01-02_2026-01-01_MANIFEST.json
NVDS,15m_afterhours,15m_afterhours,afterhours,16:05-20:00,alpaca-sip,2026-01-02,2026-09-03,887.0,1,NVDS/15m_afterhours/NVDS_15m_afterhours_2026-01-02_2026-09-03_MANIFEST.json
NVDS,15m_premarket,15m_premarket,premarket,04:00-09:30,alpaca-sip,2022-12-02,2022-12-31,102.0,1,NVDS/15m_premarket/NVDS_15m_premarket_2022-12-02_2022-12-31_MANIFEST.json
NVDS,15m_premarket,15m_premarket,premarket,04:00-09:30,alpaca-sip,2023-01-03,2023-12-30,3820.0,1,NVDS/15m_premarket/NVDS_15m_premarket_2023-01-03_2023-12-30_MANIFEST.json
NVDS,15m_premarket,15m_premarket,premarket,04:00-09:30,alpaca-sip,2024-01-02,2025-01-01,4104.0,1,NVDS/15m_premarket/NVDS_15m_premarket_2024-01-02_2025-01-01_MANIFEST.json
NVDS,15m_premarket,15m_premarket,premarket,04:00-09:30,alpaca-sip,2025-01-02,2026-01-01,4688.0,1,NVDS/15m_premarket/NVDS_15m_premarket_2025-01-02_2026-01-01_MANIFEST.json
NVDS,15m_premarket,15m_premarket,premarket,04:00-09:30,alpaca-sip,2026-01-02,2026-09-03,2006.0,1,NVDS/15m_premarket/NVDS_15m_premarket_2026-01-02_2026-09-03_MANIFEST.json
NVDS,1m,1m,rth,09:25-16:05,alpaca-sip,2022-12-01,2022-12-31,2235.0,1,NVDS/1m/NVDS_1m_2022-12-01_2022-12-31_MANIFEST.json
NVDS,1m,1m,rth,09:25-16:05,alpaca-sip,2023-01-03,2023-12-30,81485.0,9,NVDS/1m/NVDS_1m_2023-01-03_2023-12-30_MANIFEST.json
NVDS,1m,1m,rth,09:25-16:05,alpaca-sip,2024-01-02,2025-01-01,89472.0,9,NVDS/1m/NVDS_1m_2024-01-02_2025-01-01_MANIFEST.json
NVDS,1m,1m,rth,09:25-16:05,alpaca-sip,2025-01-02,2026-01-01,79472.0,8,NVDS/1m/NVDS_1m_2025-01-02_2026-01-01_MANIFEST.json
NVDS,1m,1m,rth,09:25-16:05,alpaca-sip,2026-01-02,2026-09-03,36868.0,4,NVDS/1m/NVDS_1m_2026-01-02_2026-09-03_MANIFEST.json
NVDS,1m_afterhours,1m_afterhours,afterhours,16:05-20:00,alpaca-sip,2022-12-01,2022-12-31,45.0,1,NVDS/1m_afterhours/NVDS_1m_afterhours_2022-12-01_2022-12-31_MANIFEST.json
NVDS,1m_afterhours,1m_afterhours,afterhours,16:05-20:00,alpaca-sip,2023-01-03,2023-12-30,9679.0,1,NVDS/1m_afterhours/NVDS_1m_afterhours_2023-01-03_2023-12-30_MANIFEST.json
NVDS,1m_afterhours,1m_afterhours,afterhours,16:05-20:00,alpaca-sip,2024-01-02,2025-01-01,10212.0,2,NVDS/1m_afterhours/NVDS_1m_afterhours_2024-01-02_2025-01-01_MANIFEST.json
NVDS,1m_afterhours,1m_afterhours,afterhours,16:05-20:00,alpaca-sip,2025-01-02,2026-01-01,8693.0,1,NVDS/1m_afterhours/NVDS_1m_afterhours_2025-01-02_2026-01-01_MANIFEST.json
NVDS,1m_afterhours,1m_afterhours,afterhours,16:05-20:00,alpaca-sip,2026-01-02,2026-09-03,1831.0,1,NVDS/1m_afterhours/NVDS_1m_afterhours_2026-01-02_2026-09-03_MANIFEST.json
NVDS,1m_premarket,1m_premarket,premarket,04:00-09:30,alpaca-sip,2022-12-02,2022-12-31,177.0,1,NVDS/1m_premarket/NVDS_1m_premarket_2022-12-02_2022-12-31_MANIFEST.json
NVDS,1m_premarket,1m_premarket,premarket,04:00-09:30,alpaca-sip,2023-01-03,2023-12-30,16504.0,2,NVDS/1m_premarket/NVDS_1m_premarket_2023-01-03_2023-12-30_MANIFEST.json
NVDS,1m_premarket,1m_premarket,premarket,04:00-09:30,alpaca-sip,2024-01-02,2025-01-01,18551.0,2,NVDS/1m_premarket/NVDS_1m_premarket_2024-01-02_2025-01-01_MANIFEST.json
NVDS,1m_premarket,1m_premarket,premarket,04:00-09:30,alpaca-sip,2025-01-02,2026-01-01,22495.0,3,NVDS/1m_premarket/NVDS_1m_premarket_2025-01-02_2026-01-01_MANIFEST.json
NVDS,1m_premarket,1m_premarket,premarket,04:00-09:30,alpaca-sip,2026-01-02,2026-09-03,4592.0,1,NVDS/1m_premarket/NVDS_1m_premarket_2026-01-02_2026-09-03_MANIFEST.json
NVDS,30m,30m,rth,09:25-16:05,alpaca-sip,2022-12-01,2022-12-31,278.0,1,NVDS/30m/NVDS_30m_2022-12-01_2022-12-31_MANIFEST.json
NVDS,30m,30m,rth,09:25-16:05,alpaca-sip,2023-01-03,2023-12-30,3482.0,1,NVDS/30m/NVDS_30m_2023-01-03_2023-12-30_MANIFEST.json
NVDS,30m,30m,rth,09:25-16:05,alpaca-sip,2024-01-02,2025-01-01,3523.0,1,NVDS/30m/NVDS_30m_2024-01-02_2025-01-01_MANIFEST.json
NVDS,30m,30m,rth,09:25-16:05,alpaca-sip,2025-01-02,2026-01-01,3493.0,1,NVDS/30m/NVDS_30m_2025-01-02_2026-01-01_MANIFEST.json
NVDS,30m,30m,rth,09:25-16:05,alpaca-sip,2026-01-02,2026-09-03,2342.0,1,NVDS/30m/NVDS_30m_2026-01-02_2026-09-03_MANIFEST.json
NVDS,30m_afterhours,30m_afterhours,afterhours,16:05-20:00,alpaca-sip,2022-12-01,2022-12-31,23.0,1,NVDS/30m_afterhours/NVDS_30m_afterhours_2022-12-01_2022-12-31_MANIFEST.json
NVDS,30m_afterhours,30m_afterhours,afterhours,16:05-20:00,alpaca-sip,2023-01-04,2023-12-30,1358.0,1,NVDS/30m_afterhours/NVDS_30m_afterhours_2023-01-04_2023-12-30_MANIFEST.json
NVDS,30m_afterhours,30m_afterhours,afterhours,16:05-20:00,alpaca-sip,2024-01-02,2025-01-01,1492.0,1,NVDS/30m_afterhours/NVDS_30m_afterhours_2024-01-02_2025-01-01_MANIFEST.json
NVDS,30m_afterhours,30m_afterhours,afterhours,16:05-20:00,alpaca-sip,2025-01-02,2026-01-01,1445.0,1,NVDS/30m_afterhours/NVDS_30m_afterhours_2025-01-02_2026-01-01_MANIFEST.json
NVDS,30m_afterhours,30m_afterhours,afterhours,16:05-20:00,alpaca-sip,2026-01-02,2026-09-03,603.0,1,NVDS/30m_afterhours/NVDS_30m_afterhours_2026-01-02_2026-09-03_MANIFEST.json
NVDS,30m_premarket,30m_premarket,premarket,04:00-09:30,alpaca-sip,2022-12-02,2022-12-31,77.0,1,NVDS/30m_premarket/NVDS_30m_premarket_2022-12-02_2022-12-31_MANIFEST.json
NVDS,30m_premarket,30m_premarket,premarket,04:00-09:30,alpaca-sip,2023-01-03,2023-12-30,2197.0,1,NVDS/30m_premarket/NVDS_30m_premarket_2023-01-03_2023-12-30_MANIFEST.json
NVDS,30m_premarket,30m_premarket,premarket,04:00-09:30,alpaca-sip,2024-01-02,2025-01-01,2360.0,1,NVDS/30m_premarket/NVDS_30m_premarket_2024-01-02_2025-01-01_MANIFEST.json
NVDS,30m_premarket,30m_premarket,premarket,04:00-09:30,alpaca-sip,2025-01-02,2026-01-01,2570.0,1,NVDS/30m_premarket/NVDS_30m_premarket_2025-01-02_2026-01-01_MANIFEST.json
NVDS,30m_premarket,30m_premarket,premarket,04:00-09:30,alpaca-sip,2026-01-02,2026-09-03,1334.0,1,NVDS/30m_premarket/NVDS_30m_premarket_2026-01-02_2026-09-03_MANIFEST.json
NVDS,5m,5m,rth,09:25-16:05,alpaca-sip,2022-12-01,2022-12-31,1146.0,1,NVDS/5m/NVDS_5m_2022-12-01_2022-12-31_MANIFEST.json
NVDS,5m,5m,rth,09:25-16:05,alpaca-sip,2023-01-03,2023-12-30,19414.0,2,NVDS/5m/NVDS_5m_2023-01-03_2023-12-30_MANIFEST.json
NVDS,5m,5m,rth,09:25-16:05,alpaca-sip,2024-01-02,2025-01-01,19998.0,2,NVDS/5m/NVDS_5m_2024-01-02_2025-01-01_MANIFEST.json
NVDS,5m,5m,rth,09:25-16:05,alpaca-sip,2025-01-02,2026-01-01,19613.0,2,NVDS/5m/NVDS_5m_2025-01-02_2026-01-01_MANIFEST.json
NVDS,5m,5m,rth,09:25-16:05,alpaca-sip,2026-01-02,2026-09-03,12290.0,2,NVDS/5m/NVDS_5m_2026-01-02_2026-09-03_MANIFEST.json
NVDS,5m_afterhours,5m_afterhours,afterhours,16:05-20:00,alpaca-sip,2022-12-01,2022-12-31,39.0,1,NVDS/5m_afterhours/NVDS_5m_afterhours_2022-12-01_2022-12-31_MANIFEST.json
NVDS,5m_afterhours,5m_afterhours,afterhours,16:05-20:00,alpaca-sip,2023-01-03,2023-12-30,5117.0,1,NVDS/5m_afterhours/NVDS_5m_afterhours_2023-01-03_2023-12-30_MANIFEST.json
NVDS,5m_afterhours,5m_afterhours,afterhours,16:05-20:00,alpaca-sip,2024-01-02,2025-01-01,5463.0,1,NVDS/5m_afterhours/NVDS_5m_afterhours_2024-01-02_2025-01-01_MANIFEST.json
NVDS,5m_afterhours,5m_afterhours,afterhours,16:05-20:00,alpaca-sip,2025-01-02,2026-01-01,4936.0,1,NVDS/5m_afterhours/NVDS_5m_afterhours_2025-01-02_2026-01-01_MANIFEST.json
NVDS,5m_afterhours,5m_afterhours,afterhours,16:05-20:00,alpaca-sip,2026-01-02,2026-09-03,1336.0,1,NVDS/5m_afterhours/NVDS_5m_afterhours_2026-01-02_2026-09-03_MANIFEST.json
NVDS,5m_premarket,5m_premarket,premarket,04:00-09:30,alpaca-sip,2022-12-02,2022-12-31,139.0,1,NVDS/5m_premarket/NVDS_5m_premarket_2022-12-02_2022-12-31_MANIFEST.json
NVDS,5m_premarket,5m_premarket,premarket,04:00-09:30,alpaca-sip,2023-01-03,2023-12-30,7892.0,1,NVDS/5m_premarket/NVDS_5m_premarket_2023-01-03_2023-12-30_MANIFEST.json
NVDS,5m_premarket,5m_premarket,premarket,04:00-09:30,alpaca-sip,2024-01-02,2025-01-01,8617.0,1,NVDS/5m_premarket/NVDS_5m_premarket_2024-01-02_2025-01-01_MANIFEST.json
NVDS,5m_premarket,5m_premarket,premarket,04:00-09:30,alpaca-sip,2025-01-02,2026-01-01,10394.0,2,NVDS/5m_premarket/NVDS_5m_premarket_2025-01-02_2026-01-01_MANIFEST.json
NVDS,5m_premarket,5m_premarket,premarket,04:00-09:30,alpaca-sip,2026-01-02,2026-09-03,3152.0,1,NVDS/5m_premarket/NVDS_5m_premarket_2026-01-02_2026-09-03_MANIFEST.json
QCOM,5m,5m,rth,09:25-16:05,alpaca-sip,2022-01-03,2022-12-31,20040.0,3,QCOM/5m/QCOM_5m_2022-01-03_2022-12-31_MANIFEST.json
QCOM,5m,5m,rth,09:25-16:05,alpaca-sip,2023-01-03,2023-12-30,19935.0,2,QCOM/5m/QCOM_5m_2023-01-03_2023-12-30_MANIFEST.json
QCOM,5m,5m,rth,09:25-16:05,alpaca-sip,2024-01-02,2025-01-01,20090.0,3,QCOM/5m/QCOM_5m_2024-01-02_2025-01-01_MANIFEST.json
QCOM,5m,5m,rth,09:25-16:05,alpaca-sip,2025-01-02,2026-01-01,19911.0,2,QCOM/5m/QCOM_5m_2025-01-02_2026-01-01_MANIFEST.json
QCOM,5m,5m,rth,09:25-16:05,alpaca-sip,2026-01-02,2026-08-18,12478.0,2,QCOM/5m/QCOM_5m_2026-01-02_2026-08-18_MANIFEST.json
QQQ,1m,1m,rth,09:25-16:05,alpaca-sip,2016-01-04,2016-12-31,100454.0,11,QQQ/1m/QQQ_1m_2016-01-04_2016-12-31_MANIFEST.json
QQQ,1m,1m,rth,09:25-16:05,alpaca-sip,2017-01-03,2017-12-30,100050.0,11,QQQ/1m/QQQ_1m_2017-01-03_2017-12-30_MANIFEST.json
QQQ,1m,1m,rth,09:25-16:05,alpaca-sip,2018-01-02,2019-01-01,99302.0,10,QQQ/1m/QQQ_1m_2018-01-02_2019-01-01_MANIFEST.json
QQQ,1m,1m,rth,09:25-16:05,alpaca-sip,2019-01-02,2020-01-01,100394.0,11,QQQ/1m/QQQ_1m_2019-01-02_2020-01-01_MANIFEST.json
QQQ,1m,1m,rth,09:25-16:05,alpaca-sip,2020-01-02,2021-01-01,100939.0,11,QQQ/1m/QQQ_1m_2020-01-02_2021-01-01_MANIFEST.json
QQQ,1m,1m,rth,09:25-16:05,alpaca-sip,2021-01-04,2022-01-01,100735.0,11,QQQ/1m/QQQ_1m_2021-01-04_2022-01-01_MANIFEST.json
QQQ,1m,1m,,,alpaca-sip,2022-01-03,2022-12-31,215635.0,22,QQQ/1m/QQQ_1m_2022-01-03_2022-12-31_MANIFEST.json
QQQ,1m,1m,,,alpaca-sip,2023-01-03,2023-12-30,208178.0,21,QQQ/1m/QQQ_1m_2023-01-03_2023-12-30_MANIFEST.json
QQQ,1m,1m,,,alpaca-sip,2024-01-02,2025-01-01,210608.0,22,QQQ/1m/QQQ_1m_2024-01-02_2025-01-01_MANIFEST.json
QQQ,1m,1m,,,alpaca-sip,2025-01-02,2026-01-01,221418.0,23,QQQ/1m/QQQ_1m_2025-01-02_2026-01-01_MANIFEST.json
QQQ,1m,1m,,,alpaca-sip,2026-01-02,2026-07-25,130706.0,14,QQQ/1m/QQQ_1m_2026-01-02_2026-07-25_MANIFEST.json
QQQ,1m,1m,rth,09:25-16:05,alpaca-sip,2026-07-27,2026-08-05,2800.0,1,QQQ/1m/QQQ_1m_2026-07-27_2026-08-05_MANIFEST.json
QQQ,1m_premarket,1m_premarket,premarket,04:00-09:30,alpaca-sip,2021-01-04,2022-01-01,65787.0,7,QQQ/1m_premarket/QQQ_1m_premarket_2021-01-04_2022-01-01_MANIFEST.json
QQQ,1m_premarket,1m_premarket,premarket,04:00-09:30,alpaca-sip,2022-01-03,2022-12-31,72105.0,8,QQQ/1m_premarket/QQQ_1m_premarket_2022-01-03_2022-12-31_MANIFEST.json
QQQ,1m_premarket,1m_premarket,premarket,04:00-09:30,alpaca-sip,2023-01-03,2023-12-30,66975.0,7,QQQ/1m_premarket/QQQ_1m_premarket_2023-01-03_2023-12-30_MANIFEST.json
QQQ,1m_premarket,1m_premarket,premarket,04:00-09:30,alpaca-sip,2024-01-02,2025-01-01,67877.0,7,QQQ/1m_premarket/QQQ_1m_premarket_2024-01-02_2025-01-01_MANIFEST.json
QQQ,1m_premarket,1m_premarket,premarket,04:00-09:30,alpaca-sip,2025-01-02,2026-01-01,75129.0,8,QQQ/1m_premarket/QQQ_1m_premarket_2025-01-02_2026-01-01_MANIFEST.json
QQQ,1m_premarket,1m_premarket,premarket,04:00-09:30,alpaca-sip,2026-01-02,2026-08-08,48694.0,5,QQQ/1m_premarket/QQQ_1m_premarket_2026-01-02_2026-08-08_MANIFEST.json
QQQ,5m,5m,rth,09:25-16:05,alpaca-sip,2016-01-04,2016-12-31,20132.0,3,QQQ/5m/QQQ_5m_2016-01-04_2016-12-31_MANIFEST.json
QQQ,5m,5m,rth,09:25-16:05,alpaca-sip,2017-01-03,2017-12-30,20066.0,3,QQQ/5m/QQQ_5m_2017-01-03_2017-12-30_MANIFEST.json
QQQ,5m,5m,rth,09:25-16:05,alpaca-sip,2018-01-02,2019-01-01,19910.0,2,QQQ/5m/QQQ_5m_2018-01-02_2019-01-01_MANIFEST.json
QQQ,5m,5m,rth,09:25-16:05,alpaca-sip,2024-01-02,2025-01-01,20156.0,3,QQQ/5m/QQQ_5m_2024-01-02_2025-01-01_MANIFEST.json
QQQ,5m,5m,rth,09:25-16:05,alpaca-sip,2025-01-02,2026-01-01,19999.0,2,QQQ/5m/QQQ_5m_2025-01-02_2026-01-01_MANIFEST.json
QQQ,5m,5m,rth,09:25-16:05,alpaca-sip,2026-01-02,2026-08-05,11760.0,2,QQQ/5m/QQQ_5m_2026-01-02_2026-08-05_MANIFEST.json
QQQ,5m,5m,rth,09:25-16:05,alpaca-sip,2026-07-27,2026-08-01,400.0,1,QQQ/5m/QQQ_5m_2026-07-27_2026-08-01_MANIFEST.json
QQQ,5m,5m,,,,,,,0,QQQ/5m/QQQ_5m_2021-01-01_2022-01-01_MANIFEST.json
QQQ,5m,5m,,,,,,,0,QQQ/5m/QQQ_5m_2020-01-01_2021-01-01_MANIFEST.json
QQQ,5m,5m,,,,,,,0,QQQ/5m/QQQ_5m_2023-01-01_2024-01-01_MANIFEST.json
QQQ,5m,5m,,,,,,,0,QQQ/5m/QQQ_5m_2022-01-01_2023-01-01_MANIFEST.json
QQQ,5m,5m,,,,,,,0,QQQ/5m/QQQ_5m_2019-01-01_2020-01-01_MANIFEST.json
QQQ,5m_iex_archive,5m,,,alpaca-iex,2024-01-01,2026-07-01,55962.0,6,QQQ/5m_iex_archive/QQQ_5m_2024-01-01_2026-07-01_MANIFEST.json
QQQ,5m_iex_archive,5m,,,alpaca-iex,2026-07-01,2026-07-25,1478.0,1,QQQ/5m_iex_archive/QQQ_5m_2026-07-01_2026-07-25_MANIFEST.json
QQQ,5m_premarket,5m_premarket,premarket,04:00-09:30,alpaca-sip,2021-01-04,2022-01-01,16373.0,2,QQQ/5m_premarket/QQQ_5m_premarket_2021-01-04_2022-01-01_MANIFEST.json
QQQ,5m_premarket,5m_premarket,premarket,04:00-09:30,alpaca-sip,2022-01-03,2022-12-31,16487.0,2,QQQ/5m_premarket/QQQ_5m_premarket_2022-01-03_2022-12-31_MANIFEST.json
QQQ,5m_premarket,5m_premarket,premarket,04:00-09:30,alpaca-sip,2023-01-03,2023-12-30,16317.0,2,QQQ/5m_premarket/QQQ_5m_premarket_2023-01-03_2023-12-30_MANIFEST.json
QQQ,5m_premarket,5m_premarket,premarket,04:00-09:30,alpaca-sip,2024-01-02,2025-01-01,16477.0,2,QQQ/5m_premarket/QQQ_5m_premarket_2024-01-02_2025-01-01_MANIFEST.json
QQQ,5m_premarket,5m_premarket,premarket,04:00-09:30,alpaca-sip,2025-01-02,2026-01-01,16478.0,2,QQQ/5m_premarket/QQQ_5m_premarket_2025-01-02_2026-01-01_MANIFEST.json
QQQ,5m_premarket,5m_premarket,premarket,04:00-09:30,alpaca-sip,2026-01-02,2026-08-08,9900.0,1,QQQ/5m_premarket/QQQ_5m_premarket_2026-01-02_2026-08-08_MANIFEST.json
SBIT,1m,1m,rth,09:25-16:05,alpaca-sip,2024-04-02,2025-01-01,52489.0,6,SBIT/1m/SBIT_1m_2024-04-02_2025-01-01_MANIFEST.json
SBIT,1m,1m,rth,09:25-16:05,alpaca-sip,2025-01-02,2026-01-01,94344.0,10,SBIT/1m/SBIT_1m_2025-01-02_2026-01-01_MANIFEST.json
SBIT,1m,1m,rth,09:25-16:05,alpaca-sip,2026-01-02,2026-08-20,53051.0,6,SBIT/1m/SBIT_1m_2026-01-02_2026-08-20_MANIFEST.json
SBIT,1m_premarket,1m_premarket,premarket,04:00-09:30,alpaca-sip,2024-04-03,2025-01-01,13215.0,2,SBIT/1m_premarket/SBIT_1m_premarket_2024-04-03_2025-01-01_MANIFEST.json
SBIT,1m_premarket,1m_premarket,premarket,04:00-09:30,alpaca-sip,2025-01-02,2026-01-01,33595.0,4,SBIT/1m_premarket/SBIT_1m_premarket_2025-01-02_2026-01-01_MANIFEST.json
SBIT,1m_premarket,1m_premarket,premarket,04:00-09:30,alpaca-sip,2026-01-02,2026-08-20,15565.0,2,SBIT/1m_premarket/SBIT_1m_premarket_2026-01-02_2026-08-20_MANIFEST.json
SBIT,5m,5m,rth,09:25-16:05,alpaca-sip,2024-04-02,2025-01-01,14286.0,2,SBIT/5m/SBIT_5m_2024-04-02_2025-01-01_MANIFEST.json
SBIT,5m,5m,rth,09:25-16:05,alpaca-sip,2025-01-02,2026-01-01,19936.0,2,SBIT/5m/SBIT_5m_2025-01-02_2026-01-01_MANIFEST.json
SBIT,5m,5m,rth,09:25-16:05,alpaca-sip,2026-01-02,2026-08-20,12567.0,2,SBIT/5m/SBIT_5m_2026-01-02_2026-08-20_MANIFEST.json
SBIT,5m_premarket,5m_premarket,premarket,04:00-09:30,alpaca-sip,2024-04-03,2025-01-01,6043.0,1,SBIT/5m_premarket/SBIT_5m_premarket_2024-04-03_2025-01-01_MANIFEST.json
SBIT,5m_premarket,5m_premarket,premarket,04:00-09:30,alpaca-sip,2025-01-02,2026-01-01,12948.0,2,SBIT/5m_premarket/SBIT_5m_premarket_2025-01-02_2026-01-01_MANIFEST.json
SBIT,5m_premarket,5m_premarket,premarket,04:00-09:30,alpaca-sip,2026-01-02,2026-08-20,7102.0,1,SBIT/5m_premarket/SBIT_5m_premarket_2026-01-02_2026-08-20_MANIFEST.json
SDOW,1m,1m,,,alpaca-sip,2022-01-03,2022-12-31,144662.0,15,SDOW/1m/SDOW_1m_2022-01-03_2022-12-31_MANIFEST.json
SDOW,1m,1m,,,alpaca-sip,2023-01-03,2023-12-30,141783.0,15,SDOW/1m/SDOW_1m_2023-01-03_2023-12-30_MANIFEST.json
SDOW,1m,1m,,,alpaca-sip,2024-01-02,2025-01-01,131725.0,14,SDOW/1m/SDOW_1m_2024-01-02_2025-01-01_MANIFEST.json
SDOW,1m,1m,,,alpaca-sip,2025-01-02,2026-01-01,122697.0,13,SDOW/1m/SDOW_1m_2025-01-02_2026-01-01_MANIFEST.json
SDOW,1m,1m,,,alpaca-sip,2026-01-02,2026-07-25,73483.0,8,SDOW/1m/SDOW_1m_2026-01-02_2026-07-25_MANIFEST.json
SDOW,5m,5m,,,alpaca-iex,2022-01-03,2022-12-31,13412.0,2,SDOW/5m/SDOW_5m_2022-01-03_2022-12-31_MANIFEST.json
SDOW,5m,5m,,,alpaca-iex,2023-01-03,2023-12-30,10095.0,2,SDOW/5m/SDOW_5m_2023-01-03_2023-12-30_MANIFEST.json
SDOW,5m,5m,,,alpaca-iex,2024-01-02,2025-01-01,12584.0,2,SDOW/5m/SDOW_5m_2024-01-02_2025-01-01_MANIFEST.json
SDOW,5m,5m,,,alpaca-iex,2025-01-02,2026-01-01,14932.0,2,SDOW/5m/SDOW_5m_2025-01-02_2026-01-01_MANIFEST.json
SDOW,5m,5m,,,alpaca-iex,2026-01-02,2026-07-25,9191.0,1,SDOW/5m/SDOW_5m_2026-01-02_2026-07-25_MANIFEST.json
SMH,5m,5m,rth,09:25-16:05,alpaca-sip,2022-01-03,2022-12-31,19966.0,2,SMH/5m/SMH_5m_2022-01-03_2022-12-31_MANIFEST.json
SMH,5m,5m,rth,09:25-16:05,alpaca-sip,2023-01-03,2023-12-30,19857.0,2,SMH/5m/SMH_5m_2023-01-03_2023-12-30_MANIFEST.json
SMH,5m,5m,rth,09:25-16:05,alpaca-sip,2024-01-02,2025-01-01,20069.0,3,SMH/5m/SMH_5m_2024-01-02_2025-01-01_MANIFEST.json
SMH,5m,5m,rth,09:25-16:05,alpaca-sip,2025-01-02,2026-01-01,19932.0,2,SMH/5m/SMH_5m_2025-01-02_2026-01-01_MANIFEST.json
SMH,5m,5m,rth,09:25-16:05,alpaca-sip,2026-01-02,2026-08-18,12479.0,2,SMH/5m/SMH_5m_2026-01-02_2026-08-18_MANIFEST.json
SOXL,15m,15m,rth,09:25-16:05,alpaca-sip,2026-07-22,2026-07-30,162.0,1,SOXL/15m/SOXL_15m_2026-07-22_2026-07-30_MANIFEST.json
SOXL,15m,15m,rth,09:25-16:05,alpaca-sip,2026-07-29,2026-07-30,27.0,1,SOXL/15m/SOXL_15m_2026-07-29_2026-07-30_MANIFEST.json
SOXL,15m,15m,rth,09:25-16:05,alpaca-sip,2026-09-02,2026-09-04,54.0,1,SOXL/15m/SOXL_15m_2026-09-02_2026-09-04_MANIFEST.json
SOXL,15m_premarket,15m_premarket,premarket,04:00-09:30,alpaca-sip,2026-07-22,2026-07-30,132.0,1,SOXL/15m_premarket/SOXL_15m_premarket_2026-07-22_2026-07-30_MANIFEST.json
SOXL,15m_premarket,15m_premarket,premarket,04:00-09:30,alpaca-sip,2026-07-29,2026-07-30,22.0,1,SOXL/15m_premarket/SOXL_15m_premarket_2026-07-29_2026-07-30_MANIFEST.json
SOXL,1h,1h,rth,09:25-16:05,alpaca-sip,2026-07-22,2026-07-30,42.0,1,SOXL/1h/SOXL_1h_2026-07-22_2026-07-30_MANIFEST.json
SOXL,1h,1h,rth,09:25-16:05,alpaca-sip,2026-07-29,2026-07-30,7.0,1,SOXL/1h/SOXL_1h_2026-07-29_2026-07-30_MANIFEST.json
SOXL,1h,1h,rth,09:25-16:05,alpaca-sip,2026-09-02,2026-09-04,14.0,1,SOXL/1h/SOXL_1h_2026-09-02_2026-09-04_MANIFEST.json
SOXL,1h_premarket,1h_premarket,premarket,04:00-09:30,alpaca-sip,2026-07-22,2026-07-30,36.0,1,SOXL/1h_premarket/SOXL_1h_premarket_2026-07-22_2026-07-30_MANIFEST.json
SOXL,1h_premarket,1h_premarket,premarket,04:00-09:30,alpaca-sip,2026-07-29,2026-07-30,6.0,1,SOXL/1h_premarket/SOXL_1h_premarket_2026-07-29_2026-07-30_MANIFEST.json
SOXL,1m,1m,rth,09:25-16:05,alpaca-sip,2016-01-04,2016-12-31,69730.0,7,SOXL/1m/SOXL_1m_2016-01-04_2016-12-31_MANIFEST.json
SOXL,1m,1m,rth,09:25-16:05,alpaca-sip,2017-01-03,2017-12-30,69904.0,7,SOXL/1m/SOXL_1m_2017-01-03_2017-12-30_MANIFEST.json
SOXL,1m,1m,rth,09:25-16:05,alpaca-sip,2018-01-02,2019-01-01,84636.0,9,SOXL/1m/SOXL_1m_2018-01-02_2019-01-01_MANIFEST.json
SOXL,1m,1m,rth,09:25-16:05,alpaca-sip,2019-01-02,2020-01-01,87620.0,9,SOXL/1m/SOXL_1m_2019-01-02_2020-01-01_MANIFEST.json
SOXL,1m,1m,rth,09:25-16:05,alpaca-sip,2020-01-02,2021-01-01,92906.0,10,SOXL/1m/SOXL_1m_2020-01-02_2021-01-01_MANIFEST.json
SOXL,1m,1m,rth,09:25-16:05,alpaca-sip,2021-01-04,2022-01-01,98841.0,10,SOXL/1m/SOXL_1m_2021-01-04_2022-01-01_MANIFEST.json
SOXL,1m,1m,rth,09:25-16:05,alpaca-sip,2022-01-03,2022-12-31,100378.0,11,SOXL/1m/SOXL_1m_2022-01-03_2022-12-31_MANIFEST.json
SOXL,1m,1m,,,alpaca-sip,2023-01-01,2024-01-01,230425.0,24,SOXL/1m/SOXL_1m_2023-01-01_2024-01-01_MANIFEST.json
SOXL,1m,1m,,,alpaca-sip,2024-01-01,2025-01-01,237576.0,24,SOXL/1m/SOXL_1m_2024-01-01_2025-01-01_MANIFEST.json
SOXL,1m,1m,,,alpaca-sip,2025-01-01,2026-01-01,237848.0,24,SOXL/1m/SOXL_1m_2025-01-01_2026-01-01_MANIFEST.json
SOXL,1m,1m,,,alpaca-sip,2026-01-01,2026-07-22,127680.0,13,SOXL/1m/SOXL_1m_2026-01-01_2026-07-22_MANIFEST.json
SOXL,1m,1m,,,alpaca-sip,2026-07-17,2026-07-29,7339.0,1,SOXL/1m/SOXL_1m_2026-07-17_2026-07-29_MANIFEST.json
SOXL,1m,1m,rth,09:25-16:05,alpaca-sip,2026-07-22,2026-07-30,2400.0,1,SOXL/1m/SOXL_1m_2026-07-22_2026-07-30_MANIFEST.json
SOXL,1m,1m,rth,09:25-16:05,alpaca-sip,2026-07-29,2026-07-30,400.0,1,SOXL/1m/SOXL_1m_2026-07-29_2026-07-30_MANIFEST.json
SOXL,1m,1m,rth,09:25-16:05,alpaca-sip,2026-07-30,2026-07-31,400.0,1,SOXL/1m/SOXL_1m_2026-07-30_2026-07-31_MANIFEST.json
SOXL,1m,1m,rth,09:25-16:05,alpaca-sip,2026-09-02,2026-09-04,800.0,1,SOXL/1m/SOXL_1m_2026-09-02_2026-09-04_MANIFEST.json
SOXL,1m,1m,rth,09:25-16:05,alpaca-sip,2026-09-08,2026-09-29,6000.0,1,SOXL/1m/SOXL_1m_2026-09-08_2026-09-29_MANIFEST.json
SOXL,1m_premarket,1m_premarket,premarket,04:00-09:30,alpaca-sip,2016-01-04,2016-12-31,391.0,1,SOXL/1m_premarket/SOXL_1m_premarket_2016-01-04_2016-12-31_MANIFEST.json
SOXL,1m_premarket,1m_premarket,premarket,04:00-09:30,alpaca-sip,2017-01-03,2017-12-30,1583.0,1,SOXL/1m_premarket/SOXL_1m_premarket_2017-01-03_2017-12-30_MANIFEST.json
SOXL,1m_premarket,1m_premarket,premarket,04:00-09:30,alpaca-sip,2018-01-02,2019-01-01,4312.0,1,SOXL/1m_premarket/SOXL_1m_premarket_2018-01-02_2019-01-01_MANIFEST.json
SOXL,1m_premarket,1m_premarket,premarket,04:00-09:30,alpaca-sip,2019-01-02,2020-01-01,7158.0,1,SOXL/1m_premarket/SOXL_1m_premarket_2019-01-02_2020-01-01_MANIFEST.json
SOXL,1m_premarket,1m_premarket,premarket,04:00-09:30,alpaca-sip,2020-01-02,2021-01-01,10454.0,2,SOXL/1m_premarket/SOXL_1m_premarket_2020-01-02_2021-01-01_MANIFEST.json
SOXL,1m_premarket,1m_premarket,premarket,04:00-09:30,alpaca-sip,2021-01-04,2022-01-01,43640.0,5,SOXL/1m_premarket/SOXL_1m_premarket_2021-01-04_2022-01-01_MANIFEST.json
SOXL,1m_premarket,1m_premarket,premarket,04:00-09:30,alpaca-sip,2022-01-03,2022-12-31,78484.0,8,SOXL/1m_premarket/SOXL_1m_premarket_2022-01-03_2022-12-31_MANIFEST.json
SOXL,1m_premarket,1m_premarket,premarket,04:00-09:30,alpaca-sip,2023-01-03,2023-12-30,80506.0,9,SOXL/1m_premarket/SOXL_1m_premarket_2023-01-03_2023-12-30_MANIFEST.json
SOXL,1m_premarket,1m_premarket,premarket,04:00-09:30,alpaca-sip,2024-01-02,2025-01-01,82244.0,9,SOXL/1m_premarket/SOXL_1m_premarket_2024-01-02_2025-01-01_MANIFEST.json
SOXL,1m_premarket,1m_premarket,premarket,04:00-09:30,alpaca-sip,2025-01-02,2026-01-01,82014.0,9,SOXL/1m_premarket/SOXL_1m_premarket_2025-01-02_2026-01-01_MANIFEST.json
SOXL,1m_premarket,1m_premarket,premarket,04:00-09:30,alpaca-sip,2026-01-02,2026-07-30,46814.0,5,SOXL/1m_premarket/SOXL_1m_premarket_2026-01-02_2026-07-30_MANIFEST.json
SOXL,1m_premarket,1m_premarket,premarket,04:00-09:30,alpaca-sip,2026-07-22,2026-07-30,1974.0,1,SOXL/1m_premarket/SOXL_1m_premarket_2026-07-22_2026-07-30_MANIFEST.json
SOXL,1m_premarket,1m_premarket,premarket,04:00-09:30,alpaca-sip,2026-07-29,2026-07-30,330.0,1,SOXL/1m_premarket/SOXL_1m_premarket_2026-07-29_2026-07-30_MANIFEST.json
SOXL,1m_premarket,1m_premarket,premarket,04:00-09:30,alpaca-sip,2026-07-30,2026-09-12,10197.0,2,SOXL/1m_premarket/SOXL_1m_premarket_2026-07-30_2026-09-12_MANIFEST.json
SOXL,1m_premarket,1m_premarket,premarket,04:00-09:30,alpaca-sip,2026-09-14,2026-09-15,330.0,1,SOXL/1m_premarket/SOXL_1m_premarket_2026-09-14_2026-09-15_MANIFEST.json
SOXL,1m_premarket,1m_premarket,premarket,04:00-09:30,alpaca-sip,2026-09-15,2026-09-16,330.0,1,SOXL/1m_premarket/SOXL_1m_premarket_2026-09-15_2026-09-16_MANIFEST.json
SOXL,1m_premarket,1m_premarket,premarket,04:00-09:30,alpaca-sip,2026-09-16,2026-09-29,2970.0,1,SOXL/1m_premarket/SOXL_1m_premarket_2026-09-16_2026-09-29_MANIFEST.json
SOXL,30m,30m,rth,09:25-16:05,alpaca-sip,2026-07-22,2026-07-30,84.0,1,SOXL/30m/SOXL_30m_2026-07-22_2026-07-30_MANIFEST.json
SOXL,30m,30m,rth,09:25-16:05,alpaca-sip,2026-07-29,2026-07-30,14.0,1,SOXL/30m/SOXL_30m_2026-07-29_2026-07-30_MANIFEST.json
SOXL,30m,30m,rth,09:25-16:05,alpaca-sip,2026-09-02,2026-09-04,28.0,1,SOXL/30m/SOXL_30m_2026-09-02_2026-09-04_MANIFEST.json
SOXL,30m_premarket,30m_premarket,premarket,04:00-09:30,alpaca-sip,2026-07-22,2026-07-30,66.0,1,SOXL/30m_premarket/SOXL_30m_premarket_2026-07-22_2026-07-30_MANIFEST.json
SOXL,30m_premarket,30m_premarket,premarket,04:00-09:30,alpaca-sip,2026-07-29,2026-07-30,11.0,1,SOXL/30m_premarket/SOXL_30m_premarket_2026-07-29_2026-07-30_MANIFEST.json
SOXL,5m,5m,rth,09:25-16:05,alpaca-sip,2016-01-04,2016-12-31,19452.0,2,SOXL/5m/SOXL_5m_2016-01-04_2016-12-31_MANIFEST.json
SOXL,5m,5m,rth,09:25-16:05,alpaca-sip,2017-01-03,2017-12-30,19514.0,2,SOXL/5m/SOXL_5m_2017-01-03_2017-12-30_MANIFEST.json
SOXL,5m,5m,rth,09:25-16:05,alpaca-sip,2018-01-02,2019-01-01,19854.0,2,SOXL/5m/SOXL_5m_2018-01-02_2019-01-01_MANIFEST.json
SOXL,5m,5m,rth,09:25-16:05,alpaca-sip,2019-01-02,2020-01-01,19977.0,2,SOXL/5m/SOXL_5m_2019-01-02_2020-01-01_MANIFEST.json
SOXL,5m,5m,rth,09:25-16:05,alpaca-sip,2020-01-02,2021-01-01,20107.0,3,SOXL/5m/SOXL_5m_2020-01-02_2021-01-01_MANIFEST.json
SOXL,5m,5m,rth,09:25-16:05,alpaca-sip,2021-01-04,2022-01-01,20145.0,3,SOXL/5m/SOXL_5m_2021-01-04_2022-01-01_MANIFEST.json
SOXL,5m,5m,rth,09:25-16:05,alpaca-sip,2022-01-03,2022-12-31,20080.0,3,SOXL/5m/SOXL_5m_2022-01-03_2022-12-31_MANIFEST.json
SOXL,5m,5m,rth,09:25-16:05,alpaca-sip,2023-01-03,2023-12-30,20000.0,2,SOXL/5m/SOXL_5m_2023-01-03_2023-12-30_MANIFEST.json
SOXL,5m,5m,rth,09:25-16:05,alpaca-sip,2024-01-02,2025-01-01,20160.0,3,SOXL/5m/SOXL_5m_2024-01-02_2025-01-01_MANIFEST.json
SOXL,5m,5m,rth,09:25-16:05,alpaca-sip,2025-01-02,2026-01-01,20000.0,2,SOXL/5m/SOXL_5m_2025-01-02_2026-01-01_MANIFEST.json
SOXL,5m,5m,rth,09:25-16:05,alpaca-sip,2026-01-02,2026-07-29,11360.0,2,SOXL/5m/SOXL_5m_2026-01-02_2026-07-29_MANIFEST.json
SOXL,5m,5m,rth,09:25-16:05,alpaca-sip,2026-07-29,2026-07-30,80.0,1,SOXL/5m/SOXL_5m_2026-07-29_2026-07-30_MANIFEST.json
SOXL,5m,5m,rth,09:25-16:05,alpaca-sip,2026-07-30,2026-07-31,80.0,1,SOXL/5m/SOXL_5m_2026-07-30_2026-07-31_MANIFEST.json
SOXL,5m,5m,rth,09:25-16:05,alpaca-sip,2026-07-31,2026-08-15,880.0,1,SOXL/5m/SOXL_5m_2026-07-31_2026-08-15_MANIFEST.json
SOXL,5m,5m,rth,09:25-16:05,alpaca-sip,2026-08-17,2026-09-12,1520.0,1,SOXL/5m/SOXL_5m_2026-08-17_2026-09-12_MANIFEST.json
SOXL,5m,5m,rth,09:25-16:05,alpaca-sip,2026-09-02,2026-09-04,160.0,1,SOXL/5m/SOXL_5m_2026-09-02_2026-09-04_MANIFEST.json
SOXL,5m,5m,rth,09:25-16:05,alpaca-sip,2026-09-14,2026-09-29,880.0,1,SOXL/5m/SOXL_5m_2026-09-14_2026-09-29_MANIFEST.json
SOXL,5m_afterhours,5m_afterhours,afterhours,16:05-20:00,alpaca-sip,2024-01-02,2025-01-01,11712.0,2,SOXL/5m_afterhours/SOXL_5m_afterhours_2024-01-02_2025-01-01_MANIFEST.json
SOXL,5m_afterhours,5m_afterhours,afterhours,16:05-20:00,alpaca-sip,2025-01-02,2026-01-01,11641.0,2,SOXL/5m_afterhours/SOXL_5m_afterhours_2025-01-02_2026-01-01_MANIFEST.json
SOXL,5m_afterhours,5m_afterhours,afterhours,16:05-20:00,alpaca-sip,2026-01-02,2026-08-29,7754.0,1,SOXL/5m_afterhours/SOXL_5m_afterhours_2026-01-02_2026-08-29_MANIFEST.json
SOXL,5m_afterhours,5m_afterhours,afterhours,16:05-20:00,alpaca-sip,2026-08-31,2026-09-29,940.0,1,SOXL/5m_afterhours/SOXL_5m_afterhours_2026-08-31_2026-09-29_MANIFEST.json
SOXL,5m_iex_archive,5m,,,alpaca-iex,2021-01-01,2022-01-01,11395.0,2,SOXL/5m_iex_archive/SOXL_5m_2021-01-01_2022-01-01_MANIFEST.json
SOXL,5m_iex_archive,5m,,,alpaca-iex,2022-01-01,2024-02-01,43700.0,5,SOXL/5m_iex_archive/SOXL_5m_2022-01-01_2024-02-01_MANIFEST.json
SOXL,5m_iex_archive,5m,,,,2024-01-01,2024-12-31,19498.0,2,SOXL/5m_iex_archive/SOXL_5m_2024-01-01_2024-12-31_MANIFEST.json
SOXL,5m_iex_archive,5m,,,,2025-01-01,2026-01-01,19392.0,2,SOXL/5m_iex_archive/SOXL_5m_2025-01-01_2026-01-01_MANIFEST.json
SOXL,5m_iex_archive,5m,,,alpaca-iex,2026-01-01,2026-05-16,8399.0,1,SOXL/5m_iex_archive/SOXL_5m_2026-01-01_2026-05-16_MANIFEST.json
SOXL,5m_iex_archive,5m,,,alpaca-iex,2026-05-16,2026-06-24,2273.0,1,SOXL/5m_iex_archive/SOXL_5m_2026-05-16_2026-06-24_MANIFEST.json
SOXL,5m_iex_archive,5m,,,alpaca-iex,2026-06-24,2026-06-25,177.0,1,SOXL/5m_iex_archive/SOXL_5m_2026-06-24_2026-06-25_MANIFEST.json
SOXL,5m_iex_archive,5m,,,alpaca-iex,2026-06-25,2026-06-27,176.0,1,SOXL/5m_iex_archive/SOXL_5m_2026-06-25_2026-06-27_MANIFEST.json
SOXL,5m_iex_archive,5m,,,alpaca-iex,2026-06-28,2026-06-30,123.0,1,SOXL/5m_iex_archive/SOXL_5m_2026-06-28_2026-06-30_MANIFEST.json
SOXL,5m_iex_archive,5m,,,alpaca-iex,2026-07-01,2026-07-02,178.0,1,SOXL/5m_iex_archive/SOXL_5m_2026-07-01_2026-07-02_MANIFEST.json
SOXL,5m_iex_archive,5m,,,alpaca-iex,2026-07-03,2026-07-17,803.0,1,SOXL/5m_iex_archive/SOXL_5m_2026-07-03_2026-07-17_MANIFEST.json
SOXL,5m_iex_archive,5m,,,alpaca-sip,2026-07-17,2026-07-29,1471.0,1,SOXL/5m_iex_archive/SOXL_5m_2026-07-17_2026-07-29_MANIFEST.json
SOXL,5m_premarket,5m_premarket,premarket,04:00-09:30,alpaca-sip,2016-01-04,2016-12-31,330.0,1,SOXL/5m_premarket/SOXL_5m_premarket_2016-01-04_2016-12-31_MANIFEST.json
SOXL,5m_premarket,5m_premarket,premarket,04:00-09:30,alpaca-sip,2017-01-03,2017-12-30,1181.0,1,SOXL/5m_premarket/SOXL_5m_premarket_2017-01-03_2017-12-30_MANIFEST.json
SOXL,5m_premarket,5m_premarket,premarket,04:00-09:30,alpaca-sip,2018-01-02,2019-01-01,2878.0,1,SOXL/5m_premarket/SOXL_5m_premarket_2018-01-02_2019-01-01_MANIFEST.json
SOXL,5m_premarket,5m_premarket,premarket,04:00-09:30,alpaca-sip,2019-01-02,2020-01-01,4276.0,1,SOXL/5m_premarket/SOXL_5m_premarket_2019-01-02_2020-01-01_MANIFEST.json
SOXL,5m_premarket,5m_premarket,premarket,04:00-09:30,alpaca-sip,2020-01-02,2021-01-01,5349.0,1,SOXL/5m_premarket/SOXL_5m_premarket_2020-01-02_2021-01-01_MANIFEST.json
SOXL,5m_premarket,5m_premarket,premarket,04:00-09:30,alpaca-sip,2021-01-04,2022-01-01,13653.0,2,SOXL/5m_premarket/SOXL_5m_premarket_2021-01-04_2022-01-01_MANIFEST.json
SOXL,5m_premarket,5m_premarket,premarket,04:00-09:30,alpaca-sip,2022-01-03,2022-12-31,16540.0,2,SOXL/5m_premarket/SOXL_5m_premarket_2022-01-03_2022-12-31_MANIFEST.json
SOXL,5m_premarket,5m_premarket,premarket,04:00-09:30,alpaca-sip,2023-01-03,2023-12-30,16498.0,2,SOXL/5m_premarket/SOXL_5m_premarket_2023-01-03_2023-12-30_MANIFEST.json
SOXL,5m_premarket,5m_premarket,premarket,04:00-09:30,alpaca-sip,2024-01-02,2025-01-01,16632.0,2,SOXL/5m_premarket/SOXL_5m_premarket_2024-01-02_2025-01-01_MANIFEST.json
SOXL,5m_premarket,5m_premarket,premarket,04:00-09:30,alpaca-sip,2025-01-02,2026-01-01,16500.0,2,SOXL/5m_premarket/SOXL_5m_premarket_2025-01-02_2026-01-01_MANIFEST.json
SOXL,5m_premarket,5m_premarket,premarket,04:00-09:30,alpaca-sip,2026-01-02,2026-07-30,9405.0,1,SOXL/5m_premarket/SOXL_5m_premarket_2026-01-02_2026-07-30_MANIFEST.json
SOXL,5m_premarket,5m_premarket,premarket,04:00-09:30,alpaca-sip,2026-07-29,2026-09-12,2112.0,1,SOXL/5m_premarket/SOXL_5m_premarket_2026-07-29_2026-09-12_MANIFEST.json
SOXL,5m_premarket,5m_premarket,premarket,04:00-09:30,alpaca-sip,2026-09-14,2026-09-29,726.0,1,SOXL/5m_premarket/SOXL_5m_premarket_2026-09-14_2026-09-29_MANIFEST.json
SOXL,quotes,,,,alpaca-sip,,,,0,SOXL/quotes/SOXL_quotes_2026_MANIFEST.json
SOXL,quotes,,,,alpaca-sip,,,,0,SOXL/quotes/SOXL_quotes_2024_MANIFEST.json
SOXL,quotes,,,,alpaca-sip,,,,0,SOXL/quotes/SOXL_quotes_2025_MANIFEST.json
SOXS,15m,15m,rth,09:25-16:05,alpaca-sip,2026-07-22,2026-07-30,162.0,1,SOXS/15m/SOXS_15m_2026-07-22_2026-07-30_MANIFEST.json
SOXS,15m,15m,rth,09:25-16:05,alpaca-sip,2026-07-29,2026-07-30,27.0,1,SOXS/15m/SOXS_15m_2026-07-29_2026-07-30_MANIFEST.json
SOXS,15m,15m,rth,09:25-16:05,alpaca-sip,2026-09-02,2026-09-04,54.0,1,SOXS/15m/SOXS_15m_2026-09-02_2026-09-04_MANIFEST.json
SOXS,15m_premarket,15m_premarket,premarket,04:00-09:30,alpaca-sip,2026-07-22,2026-07-30,132.0,1,SOXS/15m_premarket/SOXS_15m_premarket_2026-07-22_2026-07-30_MANIFEST.json
SOXS,15m_premarket,15m_premarket,premarket,04:00-09:30,alpaca-sip,2026-07-29,2026-07-30,22.0,1,SOXS/15m_premarket/SOXS_15m_premarket_2026-07-29_2026-07-30_MANIFEST.json
SOXS,1h,1h,rth,09:25-16:05,alpaca-sip,2026-07-22,2026-07-30,42.0,1,SOXS/1h/SOXS_1h_2026-07-22_2026-07-30_MANIFEST.json
SOXS,1h,1h,rth,09:25-16:05,alpaca-sip,2026-07-29,2026-07-30,7.0,1,SOXS/1h/SOXS_1h_2026-07-29_2026-07-30_MANIFEST.json
SOXS,1h,1h,rth,09:25-16:05,alpaca-sip,2026-09-02,2026-09-04,14.0,1,SOXS/1h/SOXS_1h_2026-09-02_2026-09-04_MANIFEST.json
SOXS,1h_premarket,1h_premarket,premarket,04:00-09:30,alpaca-sip,2026-07-22,2026-07-30,36.0,1,SOXS/1h_premarket/SOXS_1h_premarket_2026-07-22_2026-07-30_MANIFEST.json
SOXS,1h_premarket,1h_premarket,premarket,04:00-09:30,alpaca-sip,2026-07-29,2026-07-30,6.0,1,SOXS/1h_premarket/SOXS_1h_premarket_2026-07-29_2026-07-30_MANIFEST.json
SOXS,1m,1m,rth,09:25-16:05,alpaca-sip,2016-01-04,2016-12-31,42519.0,5,SOXS/1m/SOXS_1m_2016-01-04_2016-12-31_MANIFEST.json
SOXS,1m,1m,rth,09:25-16:05,alpaca-sip,2017-01-03,2017-12-30,61504.0,7,SOXS/1m/SOXS_1m_2017-01-03_2017-12-30_MANIFEST.json
SOXS,1m,1m,rth,09:25-16:05,alpaca-sip,2018-01-02,2019-01-01,89231.0,9,SOXS/1m/SOXS_1m_2018-01-02_2019-01-01_MANIFEST.json
SOXS,1m,1m,rth,09:25-16:05,alpaca-sip,2019-01-02,2020-01-01,94757.0,10,SOXS/1m/SOXS_1m_2019-01-02_2020-01-01_MANIFEST.json
SOXS,1m,1m,rth,09:25-16:05,alpaca-sip,2020-01-02,2021-01-01,96976.0,10,SOXS/1m/SOXS_1m_2020-01-02_2021-01-01_MANIFEST.json
SOXS,1m,1m,rth,09:25-16:05,alpaca-sip,2021-01-04,2022-01-01,98322.0,10,SOXS/1m/SOXS_1m_2021-01-04_2022-01-01_MANIFEST.json
SOXS,1m,1m,rth,09:25-16:05,alpaca-sip,2022-01-03,2022-12-31,100188.0,11,SOXS/1m/SOXS_1m_2022-01-03_2022-12-31_MANIFEST.json
SOXS,1m,1m,,,alpaca-sip,2023-01-01,2024-01-01,222254.0,23,SOXS/1m/SOXS_1m_2023-01-01_2024-01-01_MANIFEST.json
SOXS,1m,1m,,,alpaca-sip,2024-01-01,2025-01-01,225413.0,23,SOXS/1m/SOXS_1m_2024-01-01_2025-01-01_MANIFEST.json
SOXS,1m,1m,,,alpaca-sip,2025-01-01,2026-01-01,231822.0,24,SOXS/1m/SOXS_1m_2025-01-01_2026-01-01_MANIFEST.json
SOXS,1m,1m,,,alpaca-sip,2026-01-01,2026-07-22,126613.0,13,SOXS/1m/SOXS_1m_2026-01-01_2026-07-22_MANIFEST.json
SOXS,1m,1m,,,alpaca-sip,2026-07-17,2026-07-29,7330.0,1,SOXS/1m/SOXS_1m_2026-07-17_2026-07-29_MANIFEST.json
SOXS,1m,1m,rth,09:25-16:05,alpaca-sip,2026-07-22,2026-07-30,2400.0,1,SOXS/1m/SOXS_1m_2026-07-22_2026-07-30_MANIFEST.json
SOXS,1m,1m,rth,09:25-16:05,alpaca-sip,2026-07-29,2026-07-30,400.0,1,SOXS/1m/SOXS_1m_2026-07-29_2026-07-30_MANIFEST.json
SOXS,1m,1m,rth,09:25-16:05,alpaca-sip,2026-07-30,2026-07-31,400.0,1,SOXS/1m/SOXS_1m_2026-07-30_2026-07-31_MANIFEST.json
SOXS,1m,1m,rth,09:25-16:05,alpaca-sip,2026-09-02,2026-09-04,800.0,1,SOXS/1m/SOXS_1m_2026-09-02_2026-09-04_MANIFEST.json
SOXS,1m,1m,rth,09:25-16:05,alpaca-sip,2026-09-08,2026-09-29,6000.0,1,SOXS/1m/SOXS_1m_2026-09-08_2026-09-29_MANIFEST.json
SOXS,1m_premarket,1m_premarket,premarket,04:00-09:30,alpaca-sip,2016-01-04,2016-12-31,295.0,1,SOXS/1m_premarket/SOXS_1m_premarket_2016-01-04_2016-12-31_MANIFEST.json
SOXS,1m_premarket,1m_premarket,premarket,04:00-09:30,alpaca-sip,2017-01-03,2017-12-29,1281.0,1,SOXS/1m_premarket/SOXS_1m_premarket_2017-01-03_2017-12-29_MANIFEST.json
SOXS,1m_premarket,1m_premarket,premarket,04:00-09:30,alpaca-sip,2018-01-02,2019-01-01,3905.0,1,SOXS/1m_premarket/SOXS_1m_premarket_2018-01-02_2019-01-01_MANIFEST.json
SOXS,1m_premarket,1m_premarket,premarket,04:00-09:30,alpaca-sip,2019-01-02,2020-01-01,9837.0,1,SOXS/1m_premarket/SOXS_1m_premarket_2019-01-02_2020-01-01_MANIFEST.json
SOXS,1m_premarket,1m_premarket,premarket,04:00-09:30,alpaca-sip,2020-01-02,2021-01-01,13320.0,2,SOXS/1m_premarket/SOXS_1m_premarket_2020-01-02_2021-01-01_MANIFEST.json
SOXS,1m_premarket,1m_premarket,premarket,04:00-09:30,alpaca-sip,2021-01-04,2022-01-01,27227.0,3,SOXS/1m_premarket/SOXS_1m_premarket_2021-01-04_2022-01-01_MANIFEST.json
SOXS,1m_premarket,1m_premarket,premarket,04:00-09:30,alpaca-sip,2022-01-03,2022-12-31,60163.0,7,SOXS/1m_premarket/SOXS_1m_premarket_2022-01-03_2022-12-31_MANIFEST.json
SOXS,1m_premarket,1m_premarket,premarket,04:00-09:30,alpaca-sip,2023-01-03,2023-12-30,76677.0,8,SOXS/1m_premarket/SOXS_1m_premarket_2023-01-03_2023-12-30_MANIFEST.json
SOXS,1m_premarket,1m_premarket,premarket,04:00-09:30,alpaca-sip,2024-01-02,2025-01-01,76644.0,8,SOXS/1m_premarket/SOXS_1m_premarket_2024-01-02_2025-01-01_MANIFEST.json
SOXS,1m_premarket,1m_premarket,premarket,04:00-09:30,alpaca-sip,2025-01-02,2026-01-01,78960.0,8,SOXS/1m_premarket/SOXS_1m_premarket_2025-01-02_2026-01-01_MANIFEST.json
SOXS,1m_premarket,1m_premarket,premarket,04:00-09:30,alpaca-sip,2026-01-02,2026-07-30,45825.0,5,SOXS/1m_premarket/SOXS_1m_premarket_2026-01-02_2026-07-30_MANIFEST.json
SOXS,1m_premarket,1m_premarket,premarket,04:00-09:30,alpaca-sip,2026-07-22,2026-07-30,1974.0,1,SOXS/1m_premarket/SOXS_1m_premarket_2026-07-22_2026-07-30_MANIFEST.json
SOXS,1m_premarket,1m_premarket,premarket,04:00-09:30,alpaca-sip,2026-07-29,2026-07-30,330.0,1,SOXS/1m_premarket/SOXS_1m_premarket_2026-07-29_2026-07-30_MANIFEST.json
SOXS,1m_premarket,1m_premarket,premarket,04:00-09:30,alpaca-sip,2026-07-30,2026-09-12,10213.0,2,SOXS/1m_premarket/SOXS_1m_premarket_2026-07-30_2026-09-12_MANIFEST.json
SOXS,1m_premarket,1m_premarket,premarket,04:00-09:30,alpaca-sip,2026-09-14,2026-09-15,330.0,1,SOXS/1m_premarket/SOXS_1m_premarket_2026-09-14_2026-09-15_MANIFEST.json
SOXS,1m_premarket,1m_premarket,premarket,04:00-09:30,alpaca-sip,2026-09-15,2026-09-16,330.0,1,SOXS/1m_premarket/SOXS_1m_premarket_2026-09-15_2026-09-16_MANIFEST.json
SOXS,1m_premarket,1m_premarket,premarket,04:00-09:30,alpaca-sip,2026-09-16,2026-09-29,2970.0,1,SOXS/1m_premarket/SOXS_1m_premarket_2026-09-16_2026-09-29_MANIFEST.json
SOXS,30m,30m,rth,09:25-16:05,alpaca-sip,2026-07-22,2026-07-30,84.0,1,SOXS/30m/SOXS_30m_2026-07-22_2026-07-30_MANIFEST.json
SOXS,30m,30m,rth,09:25-16:05,alpaca-sip,2026-07-29,2026-07-30,14.0,1,SOXS/30m/SOXS_30m_2026-07-29_2026-07-30_MANIFEST.json
SOXS,30m,30m,rth,09:25-16:05,alpaca-sip,2026-09-02,2026-09-04,28.0,1,SOXS/30m/SOXS_30m_2026-09-02_2026-09-04_MANIFEST.json
SOXS,30m_premarket,30m_premarket,premarket,04:00-09:30,alpaca-sip,2026-07-22,2026-07-30,66.0,1,SOXS/30m_premarket/SOXS_30m_premarket_2026-07-22_2026-07-30_MANIFEST.json
SOXS,30m_premarket,30m_premarket,premarket,04:00-09:30,alpaca-sip,2026-07-29,2026-07-30,11.0,1,SOXS/30m_premarket/SOXS_30m_premarket_2026-07-29_2026-07-30_MANIFEST.json
SOXS,5m,5m,rth,09:25-16:05,alpaca-sip,2016-01-04,2016-12-31,16718.0,2,SOXS/5m/SOXS_5m_2016-01-04_2016-12-31_MANIFEST.json
SOXS,5m,5m,rth,09:25-16:05,alpaca-sip,2017-01-03,2017-12-30,18916.0,2,SOXS/5m/SOXS_5m_2017-01-03_2017-12-30_MANIFEST.json
SOXS,5m,5m,rth,09:25-16:05,alpaca-sip,2018-01-02,2019-01-01,19864.0,2,SOXS/5m/SOXS_5m_2018-01-02_2019-01-01_MANIFEST.json
SOXS,5m,5m,rth,09:25-16:05,alpaca-sip,2019-01-02,2020-01-01,20027.0,3,SOXS/5m/SOXS_5m_2019-01-02_2020-01-01_MANIFEST.json
SOXS,5m,5m,rth,09:25-16:05,alpaca-sip,2020-01-02,2021-01-01,20147.0,3,SOXS/5m/SOXS_5m_2020-01-02_2021-01-01_MANIFEST.json
SOXS,5m,5m,rth,09:25-16:05,alpaca-sip,2021-01-04,2022-01-01,20152.0,3,SOXS/5m/SOXS_5m_2021-01-04_2022-01-01_MANIFEST.json
SOXS,5m,5m,rth,09:25-16:05,alpaca-sip,2022-01-03,2022-12-31,20080.0,3,SOXS/5m/SOXS_5m_2022-01-03_2022-12-31_MANIFEST.json
SOXS,5m,5m,rth,09:25-16:05,alpaca-sip,2023-01-03,2023-12-30,19999.0,2,SOXS/5m/SOXS_5m_2023-01-03_2023-12-30_MANIFEST.json
SOXS,5m,5m,rth,09:25-16:05,alpaca-sip,2024-01-02,2025-01-01,20156.0,3,SOXS/5m/SOXS_5m_2024-01-02_2025-01-01_MANIFEST.json
SOXS,5m,5m,rth,09:25-16:05,alpaca-sip,2025-01-02,2026-01-01,20000.0,2,SOXS/5m/SOXS_5m_2025-01-02_2026-01-01_MANIFEST.json
SOXS,5m,5m,rth,09:25-16:05,alpaca-sip,2026-01-02,2026-07-29,11360.0,2,SOXS/5m/SOXS_5m_2026-01-02_2026-07-29_MANIFEST.json
SOXS,5m,5m,rth,09:25-16:05,alpaca-sip,2026-07-29,2026-07-30,80.0,1,SOXS/5m/SOXS_5m_2026-07-29_2026-07-30_MANIFEST.json
SOXS,5m,5m,rth,09:25-16:05,alpaca-sip,2026-07-30,2026-07-31,80.0,1,SOXS/5m/SOXS_5m_2026-07-30_2026-07-31_MANIFEST.json
SOXS,5m,5m,rth,09:25-16:05,alpaca-sip,2026-07-31,2026-08-15,880.0,1,SOXS/5m/SOXS_5m_2026-07-31_2026-08-15_MANIFEST.json
SOXS,5m,5m,rth,09:25-16:05,alpaca-sip,2026-08-17,2026-09-12,1520.0,1,SOXS/5m/SOXS_5m_2026-08-17_2026-09-12_MANIFEST.json
SOXS,5m,5m,rth,09:25-16:05,alpaca-sip,2026-09-02,2026-09-04,160.0,1,SOXS/5m/SOXS_5m_2026-09-02_2026-09-04_MANIFEST.json
SOXS,5m,5m,rth,09:25-16:05,alpaca-sip,2026-09-14,2026-09-29,880.0,1,SOXS/5m/SOXS_5m_2026-09-14_2026-09-29_MANIFEST.json
SOXS,5m_afterhours,5m_afterhours,afterhours,16:05-20:00,alpaca-sip,2024-01-02,2025-01-01,11653.0,2,SOXS/5m_afterhours/SOXS_5m_afterhours_2024-01-02_2025-01-01_MANIFEST.json
SOXS,5m_afterhours,5m_afterhours,afterhours,16:05-20:00,alpaca-sip,2025-01-02,2026-01-01,11615.0,2,SOXS/5m_afterhours/SOXS_5m_afterhours_2025-01-02_2026-01-01_MANIFEST.json
SOXS,5m_afterhours,5m_afterhours,afterhours,16:05-20:00,alpaca-sip,2026-01-02,2026-08-29,7752.0,1,SOXS/5m_afterhours/SOXS_5m_afterhours_2026-01-02_2026-08-29_MANIFEST.json
SOXS,5m_afterhours,5m_afterhours,afterhours,16:05-20:00,alpaca-sip,2026-08-31,2026-09-29,940.0,1,SOXS/5m_afterhours/SOXS_5m_afterhours_2026-08-31_2026-09-29_MANIFEST.json
SOXS,5m_iex_archive,5m,,,alpaca-iex,2021-01-01,2022-01-01,11781.0,2,SOXS/5m_iex_archive/SOXS_5m_2021-01-01_2022-01-01_MANIFEST.json
SOXS,5m_iex_archive,5m,,,alpaca-iex,2022-01-01,2024-02-01,34977.0,4,SOXS/5m_iex_archive/SOXS_5m_2022-01-01_2024-02-01_MANIFEST.json
SOXS,5m_iex_archive,5m,,,alpaca-iex,2024-01-02,2026-05-16,48356.0,5,SOXS/5m_iex_archive/SOXS_5m_2024-01-02_2026-05-16_MANIFEST.json
SOXS,5m_iex_archive,5m,,,alpaca-iex,2026-05-16,2026-06-24,2609.0,1,SOXS/5m_iex_archive/SOXS_5m_2026-05-16_2026-06-24_MANIFEST.json
SOXS,5m_iex_archive,5m,,,alpaca-iex,2026-06-24,2026-06-25,187.0,1,SOXS/5m_iex_archive/SOXS_5m_2026-06-24_2026-06-25_MANIFEST.json
SOXS,5m_iex_archive,5m,,,alpaca-iex,2026-06-25,2026-06-27,194.0,1,SOXS/5m_iex_archive/SOXS_5m_2026-06-25_2026-06-27_MANIFEST.json
SOXS,5m_iex_archive,5m,,,alpaca-iex,2026-06-28,2026-06-30,149.0,1,SOXS/5m_iex_archive/SOXS_5m_2026-06-28_2026-06-30_MANIFEST.json
SOXS,5m_iex_archive,5m,,,alpaca-iex,2026-07-01,2026-07-02,187.0,1,SOXS/5m_iex_archive/SOXS_5m_2026-07-01_2026-07-02_MANIFEST.json
SOXS,5m_iex_archive,5m,,,alpaca-iex,2026-07-03,2026-07-17,917.0,1,SOXS/5m_iex_archive/SOXS_5m_2026-07-03_2026-07-17_MANIFEST.json
SOXS,5m_iex_archive,5m,,,alpaca-sip,2026-07-17,2026-07-29,1471.0,1,SOXS/5m_iex_archive/SOXS_5m_2026-07-17_2026-07-29_MANIFEST.json
SOXS,5m_premarket,5m_premarket,premarket,04:00-09:30,alpaca-sip,2016-01-04,2016-12-31,254.0,1,SOXS/5m_premarket/SOXS_5m_premarket_2016-01-04_2016-12-31_MANIFEST.json
SOXS,5m_premarket,5m_premarket,premarket,04:00-09:30,alpaca-sip,2017-01-03,2017-12-29,995.0,1,SOXS/5m_premarket/SOXS_5m_premarket_2017-01-03_2017-12-29_MANIFEST.json
SOXS,5m_premarket,5m_premarket,premarket,04:00-09:30,alpaca-sip,2018-01-02,2019-01-01,2653.0,1,SOXS/5m_premarket/SOXS_5m_premarket_2018-01-02_2019-01-01_MANIFEST.json
SOXS,5m_premarket,5m_premarket,premarket,04:00-09:30,alpaca-sip,2019-01-02,2020-01-01,5324.0,1,SOXS/5m_premarket/SOXS_5m_premarket_2019-01-02_2020-01-01_MANIFEST.json
SOXS,5m_premarket,5m_premarket,premarket,04:00-09:30,alpaca-sip,2020-01-02,2021-01-01,6070.0,1,SOXS/5m_premarket/SOXS_5m_premarket_2020-01-02_2021-01-01_MANIFEST.json
SOXS,5m_premarket,5m_premarket,premarket,04:00-09:30,alpaca-sip,2021-01-04,2022-01-01,11322.0,2,SOXS/5m_premarket/SOXS_5m_premarket_2021-01-04_2022-01-01_MANIFEST.json
SOXS,5m_premarket,5m_premarket,premarket,04:00-09:30,alpaca-sip,2022-01-03,2022-12-31,15871.0,2,SOXS/5m_premarket/SOXS_5m_premarket_2022-01-03_2022-12-31_MANIFEST.json
SOXS,5m_premarket,5m_premarket,premarket,04:00-09:30,alpaca-sip,2023-01-03,2023-12-30,16491.0,2,SOXS/5m_premarket/SOXS_5m_premarket_2023-01-03_2023-12-30_MANIFEST.json
SOXS,5m_premarket,5m_premarket,premarket,04:00-09:30,alpaca-sip,2024-01-02,2025-01-01,16597.0,2,SOXS/5m_premarket/SOXS_5m_premarket_2024-01-02_2025-01-01_MANIFEST.json
SOXS,5m_premarket,5m_premarket,premarket,04:00-09:30,alpaca-sip,2025-01-02,2026-01-01,16494.0,2,SOXS/5m_premarket/SOXS_5m_premarket_2025-01-02_2026-01-01_MANIFEST.json
SOXS,5m_premarket,5m_premarket,premarket,04:00-09:30,alpaca-sip,2026-01-02,2026-07-30,9285.0,1,SOXS/5m_premarket/SOXS_5m_premarket_2026-01-02_2026-07-30_MANIFEST.json
SOXS,5m_premarket,5m_premarket,premarket,04:00-09:30,alpaca-sip,2026-07-29,2026-09-12,2112.0,1,SOXS/5m_premarket/SOXS_5m_premarket_2026-07-29_2026-09-12_MANIFEST.json
SOXS,5m_premarket,5m_premarket,premarket,04:00-09:30,alpaca-sip,2026-09-14,2026-09-29,726.0,1,SOXS/5m_premarket/SOXS_5m_premarket_2026-09-14_2026-09-29_MANIFEST.json
SOXS,quotes,,,,alpaca-sip,,,,0,SOXS/quotes/SOXS_quotes_2024_MANIFEST.json
SOXS,quotes,,,,alpaca-sip,,,,0,SOXS/quotes/SOXS_quotes_2026_MANIFEST.json
SOXS,quotes,,,,alpaca-sip,,,,0,SOXS/quotes/SOXS_quotes_2025_MANIFEST.json
SOXX,15m,15m,rth,09:25-16:05,alpaca-sip,2026-07-22,2026-07-30,162.0,1,SOXX/15m/SOXX_15m_2026-07-22_2026-07-30_MANIFEST.json
SOXX,15m,15m,rth,09:25-16:05,alpaca-sip,2026-07-29,2026-07-30,27.0,1,SOXX/15m/SOXX_15m_2026-07-29_2026-07-30_MANIFEST.json
SOXX,15m,15m,rth,09:25-16:05,alpaca-sip,2026-09-02,2026-09-04,54.0,1,SOXX/15m/SOXX_15m_2026-09-02_2026-09-04_MANIFEST.json
SOXX,15m_premarket,15m_premarket,premarket,04:00-09:30,alpaca-sip,2026-07-22,2026-07-30,132.0,1,SOXX/15m_premarket/SOXX_15m_premarket_2026-07-22_2026-07-30_MANIFEST.json
SOXX,15m_premarket,15m_premarket,premarket,04:00-09:30,alpaca-sip,2026-07-29,2026-07-30,22.0,1,SOXX/15m_premarket/SOXX_15m_premarket_2026-07-29_2026-07-30_MANIFEST.json
SOXX,1h,1h,rth,09:25-16:05,alpaca-sip,2026-07-22,2026-07-30,42.0,1,SOXX/1h/SOXX_1h_2026-07-22_2026-07-30_MANIFEST.json
SOXX,1h,1h,rth,09:25-16:05,alpaca-sip,2026-07-29,2026-07-30,7.0,1,SOXX/1h/SOXX_1h_2026-07-29_2026-07-30_MANIFEST.json
SOXX,1h,1h,rth,09:25-16:05,alpaca-sip,2026-09-02,2026-09-04,14.0,1,SOXX/1h/SOXX_1h_2026-09-02_2026-09-04_MANIFEST.json
SOXX,1h_premarket,1h_premarket,premarket,04:00-09:30,alpaca-sip,2026-07-22,2026-07-30,36.0,1,SOXX/1h_premarket/SOXX_1h_premarket_2026-07-22_2026-07-30_MANIFEST.json
SOXX,1h_premarket,1h_premarket,premarket,04:00-09:30,alpaca-sip,2026-07-29,2026-07-30,6.0,1,SOXX/1h_premarket/SOXX_1h_premarket_2026-07-29_2026-07-30_MANIFEST.json
SOXX,1m,1m,,,alpaca-sip,2023-01-01,2024-01-01,96714.0,10,SOXX/1m/SOXX_1m_2023-01-01_2024-01-01_MANIFEST.json
SOXX,1m,1m,,,alpaca-sip,2024-01-01,2025-01-01,115754.0,12,SOXX/1m/SOXX_1m_2024-01-01_2025-01-01_MANIFEST.json
SOXX,1m,1m,,,alpaca-sip,2025-01-01,2026-01-01,122608.0,13,SOXX/1m/SOXX_1m_2025-01-01_2026-01-01_MANIFEST.json
SOXX,1m,1m,,,alpaca-sip,2026-01-01,2026-07-22,91387.0,10,SOXX/1m/SOXX_1m_2026-01-01_2026-07-22_MANIFEST.json
SOXX,1m,1m,,,alpaca-sip,2026-07-17,2026-07-29,6050.0,1,SOXX/1m/SOXX_1m_2026-07-17_2026-07-29_MANIFEST.json
SOXX,1m,1m,rth,09:25-16:05,alpaca-sip,2026-07-22,2026-07-30,2398.0,1,SOXX/1m/SOXX_1m_2026-07-22_2026-07-30_MANIFEST.json
SOXX,1m,1m,rth,09:25-16:05,alpaca-sip,2026-07-29,2026-07-30,399.0,1,SOXX/1m/SOXX_1m_2026-07-29_2026-07-30_MANIFEST.json
SOXX,1m,1m,rth,09:25-16:05,alpaca-sip,2026-07-30,2026-07-31,400.0,1,SOXX/1m/SOXX_1m_2026-07-30_2026-07-31_MANIFEST.json
SOXX,1m,1m,rth,09:25-16:05,alpaca-sip,2026-09-02,2026-09-04,798.0,1,SOXX/1m/SOXX_1m_2026-09-02_2026-09-04_MANIFEST.json
SOXX,1m,1m,rth,09:25-16:05,alpaca-sip,2026-09-08,2026-09-29,5993.0,1,SOXX/1m/SOXX_1m_2026-09-08_2026-09-29_MANIFEST.json
SOXX,1m_premarket,1m_premarket,premarket,04:00-09:30,alpaca-sip,2016-01-04,2016-12-30,190.0,1,SOXX/1m_premarket/SOXX_1m_premarket_2016-01-04_2016-12-30_MANIFEST.json
SOXX,1m_premarket,1m_premarket,premarket,04:00-09:30,alpaca-sip,2017-01-03,2017-12-28,613.0,1,SOXX/1m_premarket/SOXX_1m_premarket_2017-01-03_2017-12-28_MANIFEST.json
SOXX,1m_premarket,1m_premarket,premarket,04:00-09:30,alpaca-sip,2018-01-02,2019-01-01,1595.0,1,SOXX/1m_premarket/SOXX_1m_premarket_2018-01-02_2019-01-01_MANIFEST.json
SOXX,1m_premarket,1m_premarket,premarket,04:00-09:30,alpaca-sip,2019-01-02,2020-01-01,2388.0,1,SOXX/1m_premarket/SOXX_1m_premarket_2019-01-02_2020-01-01_MANIFEST.json
SOXX,1m_premarket,1m_premarket,premarket,04:00-09:30,alpaca-sip,2020-01-02,2021-01-01,2885.0,1,SOXX/1m_premarket/SOXX_1m_premarket_2020-01-02_2021-01-01_MANIFEST.json
SOXX,1m_premarket,1m_premarket,premarket,04:00-09:30,alpaca-sip,2021-01-04,2022-01-01,3191.0,1,SOXX/1m_premarket/SOXX_1m_premarket_2021-01-04_2022-01-01_MANIFEST.json
SOXX,1m_premarket,1m_premarket,premarket,04:00-09:30,alpaca-sip,2022-01-03,2022-12-31,3799.0,1,SOXX/1m_premarket/SOXX_1m_premarket_2022-01-03_2022-12-31_MANIFEST.json
SOXX,1m_premarket,1m_premarket,premarket,04:00-09:30,alpaca-sip,2023-01-03,2023-12-30,2841.0,1,SOXX/1m_premarket/SOXX_1m_premarket_2023-01-03_2023-12-30_MANIFEST.json
SOXX,1m_premarket,1m_premarket,premarket,04:00-09:30,alpaca-sip,2024-01-02,2025-01-01,12914.0,2,SOXX/1m_premarket/SOXX_1m_premarket_2024-01-02_2025-01-01_MANIFEST.json
SOXX,1m_premarket,1m_premarket,premarket,04:00-09:30,alpaca-sip,2025-01-02,2026-01-01,18644.0,2,SOXX/1m_premarket/SOXX_1m_premarket_2025-01-02_2026-01-01_MANIFEST.json
SOXX,1m_premarket,1m_premarket,premarket,04:00-09:30,alpaca-sip,2026-01-02,2026-07-30,28193.0,3,SOXX/1m_premarket/SOXX_1m_premarket_2026-01-02_2026-07-30_MANIFEST.json
SOXX,1m_premarket,1m_premarket,premarket,04:00-09:30,alpaca-sip,2026-07-22,2026-07-30,1475.0,1,SOXX/1m_premarket/SOXX_1m_premarket_2026-07-22_2026-07-30_MANIFEST.json
SOXX,1m_premarket,1m_premarket,premarket,04:00-09:30,alpaca-sip,2026-07-29,2026-07-30,284.0,1,SOXX/1m_premarket/SOXX_1m_premarket_2026-07-29_2026-07-30_MANIFEST.json
SOXX,1m_premarket,1m_premarket,premarket,04:00-09:30,alpaca-sip,2026-07-30,2026-09-12,7174.0,1,SOXX/1m_premarket/SOXX_1m_premarket_2026-07-30_2026-09-12_MANIFEST.json
SOXX,1m_premarket,1m_premarket,premarket,04:00-09:30,alpaca-sip,2026-09-14,2026-09-15,311.0,1,SOXX/1m_premarket/SOXX_1m_premarket_2026-09-14_2026-09-15_MANIFEST.json
SOXX,1m_premarket,1m_premarket,premarket,04:00-09:30,alpaca-sip,2026-09-15,2026-09-16,222.0,1,SOXX/1m_premarket/SOXX_1m_premarket_2026-09-15_2026-09-16_MANIFEST.json
SOXX,1m_premarket,1m_premarket,premarket,04:00-09:30,alpaca-sip,2026-09-16,2026-09-29,2290.0,1,SOXX/1m_premarket/SOXX_1m_premarket_2026-09-16_2026-09-29_MANIFEST.json
SOXX,1m_premarket_sparse_archive_2022_2023,1m_premarket,premarket,04:00-09:30,alpaca-sip,2022-01-03,2022-12-31,3799.0,1,SOXX/1m_premarket_sparse_archive_2022_2023/SOXX_1m_premarket_2022-01-03_2022-12-31_MANIFEST.json
SOXX,1m_premarket_sparse_archive_2022_2023,1m_premarket,premarket,04:00-09:30,alpaca-sip,2023-01-03,2023-12-30,2841.0,1,SOXX/1m_premarket_sparse_archive_2022_2023/SOXX_1m_premarket_2023-01-03_2023-12-30_MANIFEST.json
SOXX,30m,30m,rth,09:25-16:05,alpaca-sip,2026-07-22,2026-07-30,84.0,1,SOXX/30m/SOXX_30m_2026-07-22_2026-07-30_MANIFEST.json
SOXX,30m,30m,rth,09:25-16:05,alpaca-sip,2026-07-29,2026-07-30,14.0,1,SOXX/30m/SOXX_30m_2026-07-29_2026-07-30_MANIFEST.json
SOXX,30m,30m,rth,09:25-16:05,alpaca-sip,2026-09-02,2026-09-04,28.0,1,SOXX/30m/SOXX_30m_2026-09-02_2026-09-04_MANIFEST.json
SOXX,30m_premarket,30m_premarket,premarket,04:00-09:30,alpaca-sip,2026-07-22,2026-07-30,66.0,1,SOXX/30m_premarket/SOXX_30m_premarket_2026-07-22_2026-07-30_MANIFEST.json
SOXX,30m_premarket,30m_premarket,premarket,04:00-09:30,alpaca-sip,2026-07-29,2026-07-30,11.0,1,SOXX/30m_premarket/SOXX_30m_premarket_2026-07-29_2026-07-30_MANIFEST.json
SOXX,5m,5m,rth,09:25-16:05,alpaca-sip,2016-01-04,2016-12-31,19660.0,2,SOXX/5m/SOXX_5m_2016-01-04_2016-12-31_MANIFEST.json
SOXX,5m,5m,rth,09:25-16:05,alpaca-sip,2017-01-03,2017-12-30,19756.0,2,SOXX/5m/SOXX_5m_2017-01-03_2017-12-30_MANIFEST.json
SOXX,5m,5m,rth,09:25-16:05,alpaca-sip,2018-01-02,2019-01-01,19701.0,2,SOXX/5m/SOXX_5m_2018-01-02_2019-01-01_MANIFEST.json
SOXX,5m,5m,rth,09:25-16:05,alpaca-sip,2019-01-02,2020-01-01,19843.0,2,SOXX/5m/SOXX_5m_2019-01-02_2020-01-01_MANIFEST.json
SOXX,5m,5m,rth,09:25-16:05,alpaca-sip,2020-01-02,2021-01-01,20024.0,3,SOXX/5m/SOXX_5m_2020-01-02_2021-01-01_MANIFEST.json
SOXX,5m,5m,rth,09:25-16:05,alpaca-sip,2021-01-04,2022-01-01,19995.0,2,SOXX/5m/SOXX_5m_2021-01-04_2022-01-01_MANIFEST.json
SOXX,5m,5m,rth,09:25-16:05,alpaca-sip,2022-01-03,2022-12-31,19932.0,2,SOXX/5m/SOXX_5m_2022-01-03_2022-12-31_MANIFEST.json
SOXX,5m,5m,rth,09:25-16:05,alpaca-sip,2023-01-03,2023-12-30,19844.0,2,SOXX/5m/SOXX_5m_2023-01-03_2023-12-30_MANIFEST.json
SOXX,5m,5m,rth,09:25-16:05,alpaca-sip,2024-01-02,2025-01-01,20038.0,3,SOXX/5m/SOXX_5m_2024-01-02_2025-01-01_MANIFEST.json
SOXX,5m,5m,rth,09:25-16:05,alpaca-sip,2025-01-02,2026-01-01,19885.0,2,SOXX/5m/SOXX_5m_2025-01-02_2026-01-01_MANIFEST.json
SOXX,5m,5m,rth,09:25-16:05,alpaca-sip,2026-01-02,2026-07-29,11360.0,2,SOXX/5m/SOXX_5m_2026-01-02_2026-07-29_MANIFEST.json
SOXX,5m,5m,rth,09:25-16:05,alpaca-sip,2026-07-29,2026-07-30,80.0,1,SOXX/5m/SOXX_5m_2026-07-29_2026-07-30_MANIFEST.json
SOXX,5m,5m,rth,09:25-16:05,alpaca-sip,2026-07-30,2026-07-31,80.0,1,SOXX/5m/SOXX_5m_2026-07-30_2026-07-31_MANIFEST.json
SOXX,5m,5m,rth,09:25-16:05,alpaca-sip,2026-07-31,2026-08-15,880.0,1,SOXX/5m/SOXX_5m_2026-07-31_2026-08-15_MANIFEST.json
SOXX,5m,5m,rth,09:25-16:05,alpaca-sip,2026-08-17,2026-09-12,1520.0,1,SOXX/5m/SOXX_5m_2026-08-17_2026-09-12_MANIFEST.json
SOXX,5m,5m,rth,09:25-16:05,alpaca-sip,2026-09-02,2026-09-04,160.0,1,SOXX/5m/SOXX_5m_2026-09-02_2026-09-04_MANIFEST.json
SOXX,5m,5m,rth,09:25-16:05,alpaca-sip,2026-09-14,2026-09-29,880.0,1,SOXX/5m/SOXX_5m_2026-09-14_2026-09-29_MANIFEST.json
SOXX,5m_afterhours,5m_afterhours,afterhours,16:05-20:00,alpaca-sip,2024-01-02,2025-01-01,3064.0,1,SOXX/5m_afterhours/SOXX_5m_afterhours_2024-01-02_2025-01-01_MANIFEST.json
SOXX,5m_afterhours,5m_afterhours,afterhours,16:05-20:00,alpaca-sip,2025-01-02,2026-01-01,3732.0,1,SOXX/5m_afterhours/SOXX_5m_afterhours_2025-01-02_2026-01-01_MANIFEST.json
SOXX,5m_afterhours,5m_afterhours,afterhours,16:05-20:00,alpaca-sip,2026-01-02,2026-08-29,6287.0,1,SOXX/5m_afterhours/SOXX_5m_afterhours_2026-01-02_2026-08-29_MANIFEST.json
SOXX,5m_afterhours,5m_afterhours,afterhours,16:05-20:00,alpaca-sip,2026-08-31,2026-09-29,790.0,1,SOXX/5m_afterhours/SOXX_5m_afterhours_2026-08-31_2026-09-29_MANIFEST.json
SOXX,5m_iex_archive,5m,,,alpaca-iex,2021-01-01,2022-01-01,8285.0,1,SOXX/5m_iex_archive/SOXX_5m_2021-01-01_2022-01-01_MANIFEST.json
SOXX,5m_iex_archive,5m,,,alpaca-iex,2022-01-01,2024-02-01,26072.0,3,SOXX/5m_iex_archive/SOXX_5m_2022-01-01_2024-02-01_MANIFEST.json
SOXX,5m_iex_archive,5m,,,,2024-01-01,2024-12-31,15537.0,2,SOXX/5m_iex_archive/SOXX_5m_2024-01-01_2024-12-31_MANIFEST.json
SOXX,5m_iex_archive,5m,,,,2025-01-01,2026-01-01,19392.0,2,SOXX/5m_iex_archive/SOXX_5m_2025-01-01_2026-01-01_MANIFEST.json
SOXX,5m_iex_archive,5m,,,alpaca-iex,2026-01-01,2026-05-16,7995.0,1,SOXX/5m_iex_archive/SOXX_5m_2026-01-01_2026-05-16_MANIFEST.json
SOXX,5m_iex_archive,5m,,,alpaca-iex,2026-05-16,2026-06-24,2057.0,1,SOXX/5m_iex_archive/SOXX_5m_2026-05-16_2026-06-24_MANIFEST.json
SOXX,5m_iex_archive,5m,,,alpaca-iex,2026-06-24,2026-06-25,169.0,1,SOXX/5m_iex_archive/SOXX_5m_2026-06-24_2026-06-25_MANIFEST.json
SOXX,5m_iex_archive,5m,,,alpaca-iex,2026-06-25,2026-06-27,161.0,1,SOXX/5m_iex_archive/SOXX_5m_2026-06-25_2026-06-27_MANIFEST.json
SOXX,5m_iex_archive,5m,,,alpaca-iex,2026-06-28,2026-06-30,113.0,1,SOXX/5m_iex_archive/SOXX_5m_2026-06-28_2026-06-30_MANIFEST.json
SOXX,5m_iex_archive,5m,,,alpaca-iex,2026-07-01,2026-07-02,159.0,1,SOXX/5m_iex_archive/SOXX_5m_2026-07-01_2026-07-02_MANIFEST.json
SOXX,5m_iex_archive,5m,,,alpaca-iex,2026-07-03,2026-07-17,724.0,1,SOXX/5m_iex_archive/SOXX_5m_2026-07-03_2026-07-17_MANIFEST.json
SOXX,5m_iex_archive,5m,,,alpaca-sip,2026-07-17,2026-07-29,1447.0,1,SOXX/5m_iex_archive/SOXX_5m_2026-07-17_2026-07-29_MANIFEST.json
SOXX,5m_iex_archive,5m,,,,,,,0,SOXX/5m_iex_archive/SOXX_5m_2020-01-01_2021-01-01_MANIFEST.json
SOXX,5m_iex_archive,5m,,,,,,,0,SOXX/5m_iex_archive/SOXX_5m_2019-01-01_2020-01-01_MANIFEST.json
SOXX,5m_premarket,5m_premarket,premarket,04:00-09:30,alpaca-sip,2016-01-04,2016-12-30,168.0,1,SOXX/5m_premarket/SOXX_5m_premarket_2016-01-04_2016-12-30_MANIFEST.json
SOXX,5m_premarket,5m_premarket,premarket,04:00-09:30,alpaca-sip,2017-01-03,2017-12-28,521.0,1,SOXX/5m_premarket/SOXX_5m_premarket_2017-01-03_2017-12-28_MANIFEST.json
SOXX,5m_premarket,5m_premarket,premarket,04:00-09:30,alpaca-sip,2018-01-02,2019-01-01,1232.0,1,SOXX/5m_premarket/SOXX_5m_premarket_2018-01-02_2019-01-01_MANIFEST.json
SOXX,5m_premarket,5m_premarket,premarket,04:00-09:30,alpaca-sip,2019-01-02,2020-01-01,1760.0,1,SOXX/5m_premarket/SOXX_5m_premarket_2019-01-02_2020-01-01_MANIFEST.json
SOXX,5m_premarket,5m_premarket,premarket,04:00-09:30,alpaca-sip,2020-01-02,2021-01-01,1984.0,1,SOXX/5m_premarket/SOXX_5m_premarket_2020-01-02_2021-01-01_MANIFEST.json
SOXX,5m_premarket,5m_premarket,premarket,04:00-09:30,alpaca-sip,2021-01-04,2022-01-01,2336.0,1,SOXX/5m_premarket/SOXX_5m_premarket_2021-01-04_2022-01-01_MANIFEST.json
SOXX,5m_premarket,5m_premarket,premarket,04:00-09:30,alpaca-sip,2022-01-03,2022-12-31,2723.0,1,SOXX/5m_premarket/SOXX_5m_premarket_2022-01-03_2022-12-31_MANIFEST.json
SOXX,5m_premarket,5m_premarket,premarket,04:00-09:30,alpaca-sip,2023-01-03,2023-12-30,1996.0,1,SOXX/5m_premarket/SOXX_5m_premarket_2023-01-03_2023-12-30_MANIFEST.json
SOXX,5m_premarket,5m_premarket,premarket,04:00-09:30,alpaca-sip,2024-01-02,2025-01-01,7188.0,1,SOXX/5m_premarket/SOXX_5m_premarket_2024-01-02_2025-01-01_MANIFEST.json
SOXX,5m_premarket,5m_premarket,premarket,04:00-09:30,alpaca-sip,2025-01-02,2026-01-01,9426.0,1,SOXX/5m_premarket/SOXX_5m_premarket_2025-01-02_2026-01-01_MANIFEST.json
SOXX,5m_premarket,5m_premarket,premarket,04:00-09:30,alpaca-sip,2026-01-02,2026-07-30,8712.0,1,SOXX/5m_premarket/SOXX_5m_premarket_2026-01-02_2026-07-30_MANIFEST.json
SOXX,5m_premarket,5m_premarket,premarket,04:00-09:30,alpaca-sip,2026-07-29,2026-09-12,2041.0,1,SOXX/5m_premarket/SOXX_5m_premarket_2026-07-29_2026-09-12_MANIFEST.json
SOXX,5m_premarket,5m_premarket,premarket,04:00-09:30,alpaca-sip,2026-09-14,2026-09-29,713.0,1,SOXX/5m_premarket/SOXX_5m_premarket_2026-09-14_2026-09-29_MANIFEST.json
SOXX,5m_premarket_sparse_archive_2022_2023,5m_premarket,premarket,04:00-09:30,alpaca-sip,2022-01-03,2022-12-31,2723.0,1,SOXX/5m_premarket_sparse_archive_2022_2023/SOXX_5m_premarket_2022-01-03_2022-12-31_MANIFEST.json
SOXX,5m_premarket_sparse_archive_2022_2023,5m_premarket,premarket,04:00-09:30,alpaca-sip,2023-01-03,2023-12-30,1996.0,1,SOXX/5m_premarket_sparse_archive_2022_2023/SOXX_5m_premarket_2023-01-03_2023-12-30_MANIFEST.json
SQQQ,1m,1m,rth,09:25-16:05,alpaca-sip,2016-01-04,2016-12-31,97544.0,10,SQQQ/1m/SQQQ_1m_2016-01-04_2016-12-31_MANIFEST.json
SQQQ,1m,1m,rth,09:25-16:05,alpaca-sip,2017-01-03,2017-12-30,96228.0,10,SQQQ/1m/SQQQ_1m_2017-01-03_2017-12-30_MANIFEST.json
SQQQ,1m,1m,rth,09:25-16:05,alpaca-sip,2018-01-02,2019-01-01,98561.0,10,SQQQ/1m/SQQQ_1m_2018-01-02_2019-01-01_MANIFEST.json
SQQQ,1m,1m,rth,09:25-16:05,alpaca-sip,2019-01-02,2020-01-01,100026.0,11,SQQQ/1m/SQQQ_1m_2019-01-02_2020-01-01_MANIFEST.json
SQQQ,1m,1m,rth,09:25-16:05,alpaca-sip,2020-01-02,2021-01-01,100961.0,11,SQQQ/1m/SQQQ_1m_2020-01-02_2021-01-01_MANIFEST.json
SQQQ,1m,1m,rth,09:25-16:05,alpaca-sip,2021-01-04,2022-01-01,100759.0,11,SQQQ/1m/SQQQ_1m_2021-01-04_2022-01-01_MANIFEST.json
SQQQ,1m,1m,,,alpaca-sip,2022-01-03,2022-12-31,231024.0,24,SQQQ/1m/SQQQ_1m_2022-01-03_2022-12-31_MANIFEST.json
SQQQ,1m,1m,,,alpaca-sip,2023-01-03,2023-12-30,231850.0,24,SQQQ/1m/SQQQ_1m_2023-01-03_2023-12-30_MANIFEST.json
SQQQ,1m,1m,,,alpaca-sip,2024-01-02,2025-01-01,228141.0,23,SQQQ/1m/SQQQ_1m_2024-01-02_2025-01-01_MANIFEST.json
SQQQ,1m,1m,,,alpaca-sip,2025-01-02,2026-01-01,230331.0,24,SQQQ/1m/SQQQ_1m_2025-01-02_2026-01-01_MANIFEST.json
SQQQ,1m,1m,,,alpaca-sip,2026-01-02,2026-07-25,130333.0,14,SQQQ/1m/SQQQ_1m_2026-01-02_2026-07-25_MANIFEST.json
SQQQ,1m,1m,rth,09:25-16:05,alpaca-sip,2026-07-27,2026-08-05,2800.0,1,SQQQ/1m/SQQQ_1m_2026-07-27_2026-08-05_MANIFEST.json
SQQQ,1m_premarket,1m_premarket,premarket,04:00-09:30,alpaca-sip,2021-01-04,2022-01-01,65071.0,7,SQQQ/1m_premarket/SQQQ_1m_premarket_2021-01-04_2022-01-01_MANIFEST.json
SQQQ,1m_premarket,1m_premarket,premarket,04:00-09:30,alpaca-sip,2022-01-03,2022-12-31,81097.0,9,SQQQ/1m_premarket/SQQQ_1m_premarket_2022-01-03_2022-12-31_MANIFEST.json
SQQQ,1m_premarket,1m_premarket,premarket,04:00-09:30,alpaca-sip,2023-01-03,2023-12-30,79320.0,8,SQQQ/1m_premarket/SQQQ_1m_premarket_2023-01-03_2023-12-30_MANIFEST.json
SQQQ,1m_premarket,1m_premarket,premarket,04:00-09:30,alpaca-sip,2024-01-02,2025-01-01,74498.0,8,SQQQ/1m_premarket/SQQQ_1m_premarket_2024-01-02_2025-01-01_MANIFEST.json
SQQQ,1m_premarket,1m_premarket,premarket,04:00-09:30,alpaca-sip,2025-01-02,2026-01-01,76646.0,8,SQQQ/1m_premarket/SQQQ_1m_premarket_2025-01-02_2026-01-01_MANIFEST.json
SQQQ,1m_premarket,1m_premarket,premarket,04:00-09:30,alpaca-sip,2026-01-02,2026-08-08,48287.0,5,SQQQ/1m_premarket/SQQQ_1m_premarket_2026-01-02_2026-08-08_MANIFEST.json
SQQQ,5m,5m,rth,09:25-16:05,alpaca-sip,2016-01-04,2016-12-31,20112.0,3,SQQQ/5m/SQQQ_5m_2016-01-04_2016-12-31_MANIFEST.json
SQQQ,5m,5m,rth,09:25-16:05,alpaca-sip,2017-01-03,2017-12-30,20025.0,3,SQQQ/5m/SQQQ_5m_2017-01-03_2017-12-30_MANIFEST.json
SQQQ,5m,5m,rth,09:25-16:05,alpaca-sip,2018-01-02,2019-01-01,19891.0,2,SQQQ/5m/SQQQ_5m_2018-01-02_2019-01-01_MANIFEST.json
SQQQ,5m,5m,rth,09:25-16:05,alpaca-sip,2019-01-02,2020-01-01,20129.0,3,SQQQ/5m/SQQQ_5m_2019-01-02_2020-01-01_MANIFEST.json
SQQQ,5m,5m,rth,09:25-16:05,alpaca-sip,2020-01-02,2021-01-01,20228.0,3,SQQQ/5m/SQQQ_5m_2020-01-02_2021-01-01_MANIFEST.json
SQQQ,5m,5m,rth,09:25-16:05,alpaca-sip,2021-01-04,2022-01-01,20160.0,3,SQQQ/5m/SQQQ_5m_2021-01-04_2022-01-01_MANIFEST.json
SQQQ,5m,5m,rth,09:25-16:05,alpaca-sip,2022-01-03,2022-12-31,20079.0,3,SQQQ/5m/SQQQ_5m_2022-01-03_2022-12-31_MANIFEST.json
SQQQ,5m,5m,rth,09:25-16:05,alpaca-sip,2023-01-03,2023-12-30,20000.0,2,SQQQ/5m/SQQQ_5m_2023-01-03_2023-12-30_MANIFEST.json
SQQQ,5m,5m,rth,09:25-16:05,alpaca-sip,2024-01-02,2025-01-01,20160.0,3,SQQQ/5m/SQQQ_5m_2024-01-02_2025-01-01_MANIFEST.json
SQQQ,5m,5m,rth,09:25-16:05,alpaca-sip,2025-01-02,2026-01-01,19999.0,2,SQQQ/5m/SQQQ_5m_2025-01-02_2026-01-01_MANIFEST.json
SQQQ,5m,5m,rth,09:25-16:05,alpaca-sip,2026-01-02,2026-08-05,11760.0,2,SQQQ/5m/SQQQ_5m_2026-01-02_2026-08-05_MANIFEST.json
SQQQ,5m,5m,rth,09:25-16:05,alpaca-sip,2026-07-27,2026-08-01,400.0,1,SQQQ/5m/SQQQ_5m_2026-07-27_2026-08-01_MANIFEST.json
SQQQ,5m_iex_archive,5m,,,alpaca-iex,2022-01-03,2022-12-31,21457.0,3,SQQQ/5m_iex_archive/SQQQ_5m_2022-01-03_2022-12-31_MANIFEST.json
SQQQ,5m_iex_archive,5m,,,alpaca-iex,2023-01-03,2023-12-30,22962.0,3,SQQQ/5m_iex_archive/SQQQ_5m_2023-01-03_2023-12-30_MANIFEST.json
SQQQ,5m_iex_archive,5m,,,alpaca-iex,2024-01-01,2026-07-01,58848.0,6,SQQQ/5m_iex_archive/SQQQ_5m_2024-01-01_2026-07-01_MANIFEST.json
SQQQ,5m_iex_archive,5m,,,alpaca-iex,2026-07-01,2026-07-25,1689.0,1,SQQQ/5m_iex_archive/SQQQ_5m_2026-07-01_2026-07-25_MANIFEST.json
SQQQ,5m_premarket,5m_premarket,premarket,04:00-09:30,alpaca-sip,2021-01-04,2022-01-01,16327.0,2,SQQQ/5m_premarket/SQQQ_5m_premarket_2021-01-04_2022-01-01_MANIFEST.json
SQQQ,5m_premarket,5m_premarket,premarket,04:00-09:30,alpaca-sip,2022-01-03,2022-12-31,16563.0,2,SQQQ/5m_premarket/SQQQ_5m_premarket_2022-01-03_2022-12-31_MANIFEST.json
SQQQ,5m_premarket,5m_premarket,premarket,04:00-09:30,alpaca-sip,2023-01-03,2023-12-30,16499.0,2,SQQQ/5m_premarket/SQQQ_5m_premarket_2023-01-03_2023-12-30_MANIFEST.json
SQQQ,5m_premarket,5m_premarket,premarket,04:00-09:30,alpaca-sip,2024-01-02,2025-01-01,16549.0,2,SQQQ/5m_premarket/SQQQ_5m_premarket_2024-01-02_2025-01-01_MANIFEST.json
SQQQ,5m_premarket,5m_premarket,premarket,04:00-09:30,alpaca-sip,2025-01-02,2026-01-01,16417.0,2,SQQQ/5m_premarket/SQQQ_5m_premarket_2025-01-02_2026-01-01_MANIFEST.json
SQQQ,5m_premarket,5m_premarket,premarket,04:00-09:30,alpaca-sip,2026-01-02,2026-08-08,9894.0,1,SQQQ/5m_premarket/SQQQ_5m_premarket_2026-01-02_2026-08-08_MANIFEST.json
SQQQ,quotes,,,,alpaca-sip,,,,0,SQQQ/quotes/SQQQ_quotes_2026_MANIFEST.json
TECL,15m,15m,rth,09:25-16:05,alpaca-sip,2016-01-04,2016-12-31,6392.0,1,TECL/15m/TECL_15m_2016-01-04_2016-12-31_MANIFEST.json
TECL,15m,15m,rth,09:25-16:05,alpaca-sip,2017-01-03,2017-12-30,6569.0,1,TECL/15m/TECL_15m_2017-01-03_2017-12-30_MANIFEST.json
TECL,15m,15m,rth,09:25-16:05,alpaca-sip,2018-01-02,2019-01-01,6687.0,1,TECL/15m/TECL_15m_2018-01-02_2019-01-01_MANIFEST.json
TECL,15m,15m,rth,09:25-16:05,alpaca-sip,2019-01-02,2020-01-01,6729.0,1,TECL/15m/TECL_15m_2019-01-02_2020-01-01_MANIFEST.json
TECL,15m,15m,rth,09:25-16:05,alpaca-sip,2020-01-02,2021-01-01,6805.0,1,TECL/15m/TECL_15m_2020-01-02_2021-01-01_MANIFEST.json
TECL,15m,15m,rth,09:25-16:05,alpaca-sip,2021-01-04,2022-01-01,6799.0,1,TECL/15m/TECL_15m_2021-01-04_2022-01-01_MANIFEST.json
TECL,15m,15m,rth,09:25-16:05,alpaca-sip,2022-01-03,2022-12-31,6769.0,1,TECL/15m/TECL_15m_2022-01-03_2022-12-31_MANIFEST.json
TECL,15m,15m,rth,09:25-16:05,alpaca-sip,2023-01-03,2023-12-30,6736.0,1,TECL/15m/TECL_15m_2023-01-03_2023-12-30_MANIFEST.json
TECL,15m,15m,rth,09:25-16:05,alpaca-sip,2024-01-02,2025-01-01,6782.0,1,TECL/15m/TECL_15m_2024-01-02_2025-01-01_MANIFEST.json
TECL,15m,15m,rth,09:25-16:05,alpaca-sip,2025-01-02,2026-01-01,6734.0,1,TECL/15m/TECL_15m_2025-01-02_2026-01-01_MANIFEST.json
TECL,15m,15m,rth,09:25-16:05,alpaca-sip,2026-01-02,2026-09-03,4536.0,1,TECL/15m/TECL_15m_2026-01-02_2026-09-03_MANIFEST.json
TECL,15m_afterhours,15m_afterhours,afterhours,16:05-20:00,alpaca-sip,2016-01-07,2016-12-31,53.0,1,TECL/15m_afterhours/TECL_15m_afterhours_2016-01-07_2016-12-31_MANIFEST.json
TECL,15m_afterhours,15m_afterhours,afterhours,16:05-20:00,alpaca-sip,2017-01-06,2017-12-27,79.0,1,TECL/15m_afterhours/TECL_15m_afterhours_2017-01-06_2017-12-27_MANIFEST.json
TECL,15m_afterhours,15m_afterhours,afterhours,16:05-20:00,alpaca-sip,2018-01-03,2019-01-01,303.0,1,TECL/15m_afterhours/TECL_15m_afterhours_2018-01-03_2019-01-01_MANIFEST.json
TECL,15m_afterhours,15m_afterhours,afterhours,16:05-20:00,alpaca-sip,2019-01-02,2020-01-01,339.0,1,TECL/15m_afterhours/TECL_15m_afterhours_2019-01-02_2020-01-01_MANIFEST.json
TECL,15m_afterhours,15m_afterhours,afterhours,16:05-20:00,alpaca-sip,2020-01-03,2020-12-30,940.0,1,TECL/15m_afterhours/TECL_15m_afterhours_2020-01-03_2020-12-30_MANIFEST.json
TECL,15m_afterhours,15m_afterhours,afterhours,16:05-20:00,alpaca-sip,2021-01-04,2022-01-01,1503.0,1,TECL/15m_afterhours/TECL_15m_afterhours_2021-01-04_2022-01-01_MANIFEST.json
TECL,15m_afterhours,15m_afterhours,afterhours,16:05-20:00,alpaca-sip,2022-01-03,2022-12-31,2465.0,1,TECL/15m_afterhours/TECL_15m_afterhours_2022-01-03_2022-12-31_MANIFEST.json
TECL,15m_afterhours,15m_afterhours,afterhours,16:05-20:00,alpaca-sip,2023-01-03,2023-12-30,1972.0,1,TECL/15m_afterhours/TECL_15m_afterhours_2023-01-03_2023-12-30_MANIFEST.json
TECL,15m_afterhours,15m_afterhours,afterhours,16:05-20:00,alpaca-sip,2024-01-02,2025-01-01,1999.0,1,TECL/15m_afterhours/TECL_15m_afterhours_2024-01-02_2025-01-01_MANIFEST.json
TECL,15m_afterhours,15m_afterhours,afterhours,16:05-20:00,alpaca-sip,2025-01-02,2026-01-01,2331.0,1,TECL/15m_afterhours/TECL_15m_afterhours_2025-01-02_2026-01-01_MANIFEST.json
TECL,15m_afterhours,15m_afterhours,afterhours,16:05-20:00,alpaca-sip,2026-01-02,2026-09-03,1721.0,1,TECL/15m_afterhours/TECL_15m_afterhours_2026-01-02_2026-09-03_MANIFEST.json
TECL,15m_premarket,15m_premarket,premarket,04:00-09:30,alpaca-sip,2016-01-04,2016-12-30,129.0,1,TECL/15m_premarket/TECL_15m_premarket_2016-01-04_2016-12-30_MANIFEST.json
TECL,15m_premarket,15m_premarket,premarket,04:00-09:30,alpaca-sip,2017-01-10,2017-12-30,188.0,1,TECL/15m_premarket/TECL_15m_premarket_2017-01-10_2017-12-30_MANIFEST.json
TECL,15m_premarket,15m_premarket,premarket,04:00-09:30,alpaca-sip,2018-01-02,2019-01-01,542.0,1,TECL/15m_premarket/TECL_15m_premarket_2018-01-02_2019-01-01_MANIFEST.json
TECL,15m_premarket,15m_premarket,premarket,04:00-09:30,alpaca-sip,2019-01-02,2020-01-01,734.0,1,TECL/15m_premarket/TECL_15m_premarket_2019-01-02_2020-01-01_MANIFEST.json
TECL,15m_premarket,15m_premarket,premarket,04:00-09:30,alpaca-sip,2020-01-02,2020-12-31,1667.0,1,TECL/15m_premarket/TECL_15m_premarket_2020-01-02_2020-12-31_MANIFEST.json
TECL,15m_premarket,15m_premarket,premarket,04:00-09:30,alpaca-sip,2021-01-04,2022-01-01,2521.0,1,TECL/15m_premarket/TECL_15m_premarket_2021-01-04_2022-01-01_MANIFEST.json
TECL,15m_premarket,15m_premarket,premarket,04:00-09:30,alpaca-sip,2022-01-03,2022-12-31,3312.0,1,TECL/15m_premarket/TECL_15m_premarket_2022-01-03_2022-12-31_MANIFEST.json
TECL,15m_premarket,15m_premarket,premarket,04:00-09:30,alpaca-sip,2023-01-03,2023-12-30,2604.0,1,TECL/15m_premarket/TECL_15m_premarket_2023-01-03_2023-12-30_MANIFEST.json
TECL,15m_premarket,15m_premarket,premarket,04:00-09:30,alpaca-sip,2024-01-02,2025-01-01,2450.0,1,TECL/15m_premarket/TECL_15m_premarket_2024-01-02_2025-01-01_MANIFEST.json
TECL,15m_premarket,15m_premarket,premarket,04:00-09:30,alpaca-sip,2025-01-02,2026-01-01,2994.0,1,TECL/15m_premarket/TECL_15m_premarket_2025-01-02_2026-01-01_MANIFEST.json
TECL,15m_premarket,15m_premarket,premarket,04:00-09:30,alpaca-sip,2026-01-02,2026-09-04,2317.0,1,TECL/15m_premarket/TECL_15m_premarket_2026-01-02_2026-09-04_MANIFEST.json
TECL,1m,1m,rth,09:25-16:05,alpaca-sip,2016-01-04,2016-12-31,34642.0,4,TECL/1m/TECL_1m_2016-01-04_2016-12-31_MANIFEST.json
TECL,1m,1m,rth,09:25-16:05,alpaca-sip,2017-01-03,2017-12-30,39501.0,4,TECL/1m/TECL_1m_2017-01-03_2017-12-30_MANIFEST.json
TECL,1m,1m,rth,09:25-16:05,alpaca-sip,2018-01-02,2019-01-01,60967.0,7,TECL/1m/TECL_1m_2018-01-02_2019-01-01_MANIFEST.json
TECL,1m,1m,rth,09:25-16:05,alpaca-sip,2019-01-02,2020-01-01,59237.0,6,TECL/1m/TECL_1m_2019-01-02_2020-01-01_MANIFEST.json
TECL,1m,1m,rth,09:25-16:05,alpaca-sip,2020-01-02,2021-01-01,78221.0,8,TECL/1m/TECL_1m_2020-01-02_2021-01-01_MANIFEST.json
TECL,1m,1m,rth,09:25-16:05,alpaca-sip,2021-01-04,2022-01-01,87389.0,9,TECL/1m/TECL_1m_2021-01-04_2022-01-01_MANIFEST.json
TECL,1m,1m,rth,09:25-16:05,alpaca-sip,2022-01-03,2022-12-31,98407.0,10,TECL/1m/TECL_1m_2022-01-03_2022-12-31_MANIFEST.json
TECL,1m,1m,rth,09:25-16:05,alpaca-sip,2023-01-03,2023-12-30,97369.0,10,TECL/1m/TECL_1m_2023-01-03_2023-12-30_MANIFEST.json
TECL,1m,1m,rth,09:25-16:05,alpaca-sip,2024-01-02,2025-01-01,93753.0,10,TECL/1m/TECL_1m_2024-01-02_2025-01-01_MANIFEST.json
TECL,1m,1m,rth,09:25-16:05,alpaca-sip,2025-01-02,2026-01-01,90661.0,10,TECL/1m/TECL_1m_2025-01-02_2026-01-01_MANIFEST.json
TECL,1m,1m,rth,09:25-16:05,alpaca-sip,2026-01-02,2026-09-04,59851.0,6,TECL/1m/TECL_1m_2026-01-02_2026-09-04_MANIFEST.json
TECL,1m_afterhours,1m_afterhours,afterhours,16:05-20:00,alpaca-sip,2016-01-04,2016-12-31,65.0,1,TECL/1m_afterhours/TECL_1m_afterhours_2016-01-04_2016-12-31_MANIFEST.json
TECL,1m_afterhours,1m_afterhours,afterhours,16:05-20:00,alpaca-sip,2017-01-06,2017-12-27,113.0,1,TECL/1m_afterhours/TECL_1m_afterhours_2017-01-06_2017-12-27_MANIFEST.json
TECL,1m_afterhours,1m_afterhours,afterhours,16:05-20:00,alpaca-sip,2018-01-03,2019-01-01,426.0,1,TECL/1m_afterhours/TECL_1m_afterhours_2018-01-03_2019-01-01_MANIFEST.json
TECL,1m_afterhours,1m_afterhours,afterhours,16:05-20:00,alpaca-sip,2019-01-02,2020-01-01,521.0,1,TECL/1m_afterhours/TECL_1m_afterhours_2019-01-02_2020-01-01_MANIFEST.json
TECL,1m_afterhours,1m_afterhours,afterhours,16:05-20:00,alpaca-sip,2020-01-03,2020-12-30,1784.0,1,TECL/1m_afterhours/TECL_1m_afterhours_2020-01-03_2020-12-30_MANIFEST.json
TECL,1m_afterhours,1m_afterhours,afterhours,16:05-20:00,alpaca-sip,2021-01-04,2022-01-01,2971.0,1,TECL/1m_afterhours/TECL_1m_afterhours_2021-01-04_2022-01-01_MANIFEST.json
TECL,1m_afterhours,1m_afterhours,afterhours,16:05-20:00,alpaca-sip,2022-01-03,2022-12-31,7145.0,1,TECL/1m_afterhours/TECL_1m_afterhours_2022-01-03_2022-12-31_MANIFEST.json
TECL,1m_afterhours,1m_afterhours,afterhours,16:05-20:00,alpaca-sip,2023-01-03,2023-12-30,4675.0,1,TECL/1m_afterhours/TECL_1m_afterhours_2023-01-03_2023-12-30_MANIFEST.json
TECL,1m_afterhours,1m_afterhours,afterhours,16:05-20:00,alpaca-sip,2024-01-02,2025-01-01,4972.0,1,TECL/1m_afterhours/TECL_1m_afterhours_2024-01-02_2025-01-01_MANIFEST.json
TECL,1m_afterhours,1m_afterhours,afterhours,16:05-20:00,alpaca-sip,2025-01-02,2026-01-01,5953.0,1,TECL/1m_afterhours/TECL_1m_afterhours_2025-01-02_2026-01-01_MANIFEST.json
TECL,1m_afterhours,1m_afterhours,afterhours,16:05-20:00,alpaca-sip,2026-01-02,2026-09-03,4620.0,1,TECL/1m_afterhours/TECL_1m_afterhours_2026-01-02_2026-09-03_MANIFEST.json
TECL,1m_premarket,1m_premarket,premarket,04:00-09:30,alpaca-sip,2016-01-04,2016-12-30,157.0,1,TECL/1m_premarket/TECL_1m_premarket_2016-01-04_2016-12-30_MANIFEST.json
TECL,1m_premarket,1m_premarket,premarket,04:00-09:30,alpaca-sip,2017-01-10,2017-12-30,228.0,1,TECL/1m_premarket/TECL_1m_premarket_2017-01-10_2017-12-30_MANIFEST.json
TECL,1m_premarket,1m_premarket,premarket,04:00-09:30,alpaca-sip,2018-01-02,2019-01-01,779.0,1,TECL/1m_premarket/TECL_1m_premarket_2018-01-02_2019-01-01_MANIFEST.json
TECL,1m_premarket,1m_premarket,premarket,04:00-09:30,alpaca-sip,2019-01-02,2020-01-01,1106.0,1,TECL/1m_premarket/TECL_1m_premarket_2019-01-02_2020-01-01_MANIFEST.json
TECL,1m_premarket,1m_premarket,premarket,04:00-09:30,alpaca-sip,2020-01-02,2020-12-31,3843.0,1,TECL/1m_premarket/TECL_1m_premarket_2020-01-02_2020-12-31_MANIFEST.json
TECL,1m_premarket,1m_premarket,premarket,04:00-09:30,alpaca-sip,2021-01-04,2022-01-01,6738.0,1,TECL/1m_premarket/TECL_1m_premarket_2021-01-04_2022-01-01_MANIFEST.json
TECL,1m_premarket,1m_premarket,premarket,04:00-09:30,alpaca-sip,2022-01-03,2022-12-31,11175.0,2,TECL/1m_premarket/TECL_1m_premarket_2022-01-03_2022-12-31_MANIFEST.json
TECL,1m_premarket,1m_premarket,premarket,04:00-09:30,alpaca-sip,2023-01-03,2023-12-30,7547.0,1,TECL/1m_premarket/TECL_1m_premarket_2023-01-03_2023-12-30_MANIFEST.json
TECL,1m_premarket,1m_premarket,premarket,04:00-09:30,alpaca-sip,2024-01-02,2025-01-01,6617.0,1,TECL/1m_premarket/TECL_1m_premarket_2024-01-02_2025-01-01_MANIFEST.json
TECL,1m_premarket,1m_premarket,premarket,04:00-09:30,alpaca-sip,2025-01-02,2026-01-01,8612.0,1,TECL/1m_premarket/TECL_1m_premarket_2025-01-02_2026-01-01_MANIFEST.json
TECL,1m_premarket,1m_premarket,premarket,04:00-09:30,alpaca-sip,2026-01-02,2026-09-04,7050.0,1,TECL/1m_premarket/TECL_1m_premarket_2026-01-02_2026-09-04_MANIFEST.json
TECL,30m,30m,rth,09:25-16:05,alpaca-sip,2016-01-04,2016-12-31,3355.0,1,TECL/30m/TECL_30m_2016-01-04_2016-12-31_MANIFEST.json
TECL,30m,30m,rth,09:25-16:05,alpaca-sip,2017-01-03,2017-12-30,3416.0,1,TECL/30m/TECL_30m_2017-01-03_2017-12-30_MANIFEST.json
TECL,30m,30m,rth,09:25-16:05,alpaca-sip,2018-01-02,2019-01-01,3455.0,1,TECL/30m/TECL_30m_2018-01-02_2019-01-01_MANIFEST.json
TECL,30m,30m,rth,09:25-16:05,alpaca-sip,2019-01-02,2020-01-01,3482.0,1,TECL/30m/TECL_30m_2019-01-02_2020-01-01_MANIFEST.json
TECL,30m,30m,rth,09:25-16:05,alpaca-sip,2020-01-02,2021-01-01,3530.0,1,TECL/30m/TECL_30m_2020-01-02_2021-01-01_MANIFEST.json
TECL,30m,30m,rth,09:25-16:05,alpaca-sip,2021-01-04,2022-01-01,3527.0,1,TECL/30m/TECL_30m_2021-01-04_2022-01-01_MANIFEST.json
TECL,30m,30m,rth,09:25-16:05,alpaca-sip,2022-01-03,2022-12-31,3511.0,1,TECL/30m/TECL_30m_2022-01-03_2022-12-31_MANIFEST.json
TECL,30m,30m,rth,09:25-16:05,alpaca-sip,2023-01-03,2023-12-30,3495.0,1,TECL/30m/TECL_30m_2023-01-03_2023-12-30_MANIFEST.json
TECL,30m,30m,rth,09:25-16:05,alpaca-sip,2024-01-02,2025-01-01,3519.0,1,TECL/30m/TECL_30m_2024-01-02_2025-01-01_MANIFEST.json
TECL,30m,30m,rth,09:25-16:05,alpaca-sip,2025-01-02,2026-01-01,3494.0,1,TECL/30m/TECL_30m_2025-01-02_2026-01-01_MANIFEST.json
TECL,30m,30m,rth,09:25-16:05,alpaca-sip,2026-01-02,2026-09-03,2352.0,1,TECL/30m/TECL_30m_2026-01-02_2026-09-03_MANIFEST.json
TECL,30m_afterhours,30m_afterhours,afterhours,16:05-20:00,alpaca-sip,2016-01-07,2016-12-31,45.0,1,TECL/30m_afterhours/TECL_30m_afterhours_2016-01-07_2016-12-31_MANIFEST.json
TECL,30m_afterhours,30m_afterhours,afterhours,16:05-20:00,alpaca-sip,2017-01-06,2017-12-15,63.0,1,TECL/30m_afterhours/TECL_30m_afterhours_2017-01-06_2017-12-15_MANIFEST.json
TECL,30m_afterhours,30m_afterhours,afterhours,16:05-20:00,alpaca-sip,2018-01-03,2019-01-01,237.0,1,TECL/30m_afterhours/TECL_30m_afterhours_2018-01-03_2019-01-01_MANIFEST.json
TECL,30m_afterhours,30m_afterhours,afterhours,16:05-20:00,alpaca-sip,2019-01-02,2020-01-01,254.0,1,TECL/30m_afterhours/TECL_30m_afterhours_2019-01-02_2020-01-01_MANIFEST.json
TECL,30m_afterhours,30m_afterhours,afterhours,16:05-20:00,alpaca-sip,2020-01-03,2020-12-30,657.0,1,TECL/30m_afterhours/TECL_30m_afterhours_2020-01-03_2020-12-30_MANIFEST.json
TECL,30m_afterhours,30m_afterhours,afterhours,16:05-20:00,alpaca-sip,2021-01-04,2022-01-01,955.0,1,TECL/30m_afterhours/TECL_30m_afterhours_2021-01-04_2022-01-01_MANIFEST.json
TECL,30m_afterhours,30m_afterhours,afterhours,16:05-20:00,alpaca-sip,2022-01-03,2022-12-31,1365.0,1,TECL/30m_afterhours/TECL_30m_afterhours_2022-01-03_2022-12-31_MANIFEST.json
TECL,30m_afterhours,30m_afterhours,afterhours,16:05-20:00,alpaca-sip,2023-01-03,2023-12-30,1240.0,1,TECL/30m_afterhours/TECL_30m_afterhours_2023-01-03_2023-12-30_MANIFEST.json
TECL,30m_afterhours,30m_afterhours,afterhours,16:05-20:00,alpaca-sip,2024-01-02,2025-01-01,1231.0,1,TECL/30m_afterhours/TECL_30m_afterhours_2024-01-02_2025-01-01_MANIFEST.json
TECL,30m_afterhours,30m_afterhours,afterhours,16:05-20:00,alpaca-sip,2025-01-02,2026-01-01,1391.0,1,TECL/30m_afterhours/TECL_30m_afterhours_2025-01-02_2026-01-01_MANIFEST.json
TECL,30m_afterhours,30m_afterhours,afterhours,16:05-20:00,alpaca-sip,2026-01-02,2026-09-03,989.0,1,TECL/30m_afterhours/TECL_30m_afterhours_2026-01-02_2026-09-03_MANIFEST.json
TECL,30m_premarket,30m_premarket,premarket,04:00-09:30,alpaca-sip,2016-01-04,2016-12-30,118.0,1,TECL/30m_premarket/TECL_30m_premarket_2016-01-04_2016-12-30_MANIFEST.json
TECL,30m_premarket,30m_premarket,premarket,04:00-09:30,alpaca-sip,2017-01-10,2017-12-30,167.0,1,TECL/30m_premarket/TECL_30m_premarket_2017-01-10_2017-12-30_MANIFEST.json
TECL,30m_premarket,30m_premarket,premarket,04:00-09:30,alpaca-sip,2018-01-02,2019-01-01,433.0,1,TECL/30m_premarket/TECL_30m_premarket_2018-01-02_2019-01-01_MANIFEST.json
TECL,30m_premarket,30m_premarket,premarket,04:00-09:30,alpaca-sip,2019-01-02,2020-01-01,573.0,1,TECL/30m_premarket/TECL_30m_premarket_2019-01-02_2020-01-01_MANIFEST.json
TECL,30m_premarket,30m_premarket,premarket,04:00-09:30,alpaca-sip,2020-01-02,2020-12-31,1097.0,1,TECL/30m_premarket/TECL_30m_premarket_2020-01-02_2020-12-31_MANIFEST.json
TECL,30m_premarket,30m_premarket,premarket,04:00-09:30,alpaca-sip,2021-01-04,2022-01-01,1634.0,1,TECL/30m_premarket/TECL_30m_premarket_2021-01-04_2022-01-01_MANIFEST.json
TECL,30m_premarket,30m_premarket,premarket,04:00-09:30,alpaca-sip,2022-01-03,2022-12-31,2052.0,1,TECL/30m_premarket/TECL_30m_premarket_2022-01-03_2022-12-31_MANIFEST.json
TECL,30m_premarket,30m_premarket,premarket,04:00-09:30,alpaca-sip,2023-01-03,2023-12-30,1642.0,1,TECL/30m_premarket/TECL_30m_premarket_2023-01-03_2023-12-30_MANIFEST.json
TECL,30m_premarket,30m_premarket,premarket,04:00-09:30,alpaca-sip,2024-01-02,2025-01-01,1602.0,1,TECL/30m_premarket/TECL_30m_premarket_2024-01-02_2025-01-01_MANIFEST.json
TECL,30m_premarket,30m_premarket,premarket,04:00-09:30,alpaca-sip,2025-01-02,2026-01-01,1902.0,1,TECL/30m_premarket/TECL_30m_premarket_2025-01-02_2026-01-01_MANIFEST.json
TECL,30m_premarket,30m_premarket,premarket,04:00-09:30,alpaca-sip,2026-01-02,2026-09-04,1442.0,1,TECL/30m_premarket/TECL_30m_premarket_2026-01-02_2026-09-04_MANIFEST.json
TECL,5m,5m,rth,09:25-16:05,alpaca-sip,2016-01-04,2016-12-31,15507.0,2,TECL/5m/TECL_5m_2016-01-04_2016-12-31_MANIFEST.json
TECL,5m,5m,rth,09:25-16:05,alpaca-sip,2017-01-03,2017-12-30,16726.0,2,TECL/5m/TECL_5m_2017-01-03_2017-12-30_MANIFEST.json
TECL,5m,5m,rth,09:25-16:05,alpaca-sip,2018-01-02,2019-01-01,18833.0,2,TECL/5m/TECL_5m_2018-01-02_2019-01-01_MANIFEST.json
TECL,5m,5m,rth,09:25-16:05,alpaca-sip,2019-01-02,2020-01-01,18873.0,2,TECL/5m/TECL_5m_2019-01-02_2020-01-01_MANIFEST.json
TECL,5m,5m,rth,09:25-16:05,alpaca-sip,2020-01-02,2021-01-01,19832.0,2,TECL/5m/TECL_5m_2020-01-02_2021-01-01_MANIFEST.json
TECL,5m,5m,rth,09:25-16:05,alpaca-sip,2021-01-04,2022-01-01,19892.0,2,TECL/5m/TECL_5m_2021-01-04_2022-01-01_MANIFEST.json
TECL,5m,5m,rth,09:25-16:05,alpaca-sip,2022-01-03,2022-12-31,20019.0,3,TECL/5m/TECL_5m_2022-01-03_2022-12-31_MANIFEST.json
TECL,5m,5m,rth,09:25-16:05,alpaca-sip,2023-01-03,2023-12-30,19875.0,2,TECL/5m/TECL_5m_2023-01-03_2023-12-30_MANIFEST.json
TECL,5m,5m,rth,09:25-16:05,alpaca-sip,2024-01-02,2025-01-01,19989.0,2,TECL/5m/TECL_5m_2024-01-02_2025-01-01_MANIFEST.json
TECL,5m,5m,rth,09:25-16:05,alpaca-sip,2025-01-02,2026-01-01,19838.0,2,TECL/5m/TECL_5m_2025-01-02_2026-01-01_MANIFEST.json
TECL,5m,5m,rth,09:25-16:05,alpaca-sip,2026-01-02,2026-09-04,13388.0,2,TECL/5m/TECL_5m_2026-01-02_2026-09-04_MANIFEST.json
TECL,5m_afterhours,5m_afterhours,afterhours,16:05-20:00,alpaca-sip,2016-01-04,2016-12-31,61.0,1,TECL/5m_afterhours/TECL_5m_afterhours_2016-01-04_2016-12-31_MANIFEST.json
TECL,5m_afterhours,5m_afterhours,afterhours,16:05-20:00,alpaca-sip,2017-01-06,2017-12-27,107.0,1,TECL/5m_afterhours/TECL_5m_afterhours_2017-01-06_2017-12-27_MANIFEST.json
TECL,5m_afterhours,5m_afterhours,afterhours,16:05-20:00,alpaca-sip,2018-01-03,2019-01-01,386.0,1,TECL/5m_afterhours/TECL_5m_afterhours_2018-01-03_2019-01-01_MANIFEST.json
TECL,5m_afterhours,5m_afterhours,afterhours,16:05-20:00,alpaca-sip,2019-01-02,2020-01-01,447.0,1,TECL/5m_afterhours/TECL_5m_afterhours_2019-01-02_2020-01-01_MANIFEST.json
TECL,5m_afterhours,5m_afterhours,afterhours,16:05-20:00,alpaca-sip,2020-01-03,2020-12-30,1394.0,1,TECL/5m_afterhours/TECL_5m_afterhours_2020-01-03_2020-12-30_MANIFEST.json
TECL,5m_afterhours,5m_afterhours,afterhours,16:05-20:00,alpaca-sip,2021-01-04,2022-01-01,2313.0,1,TECL/5m_afterhours/TECL_5m_afterhours_2021-01-04_2022-01-01_MANIFEST.json
TECL,5m_afterhours,5m_afterhours,afterhours,16:05-20:00,alpaca-sip,2022-01-03,2022-12-31,4609.0,1,TECL/5m_afterhours/TECL_5m_afterhours_2022-01-03_2022-12-31_MANIFEST.json
TECL,5m_afterhours,5m_afterhours,afterhours,16:05-20:00,alpaca-sip,2023-01-03,2023-12-30,3296.0,1,TECL/5m_afterhours/TECL_5m_afterhours_2023-01-03_2023-12-30_MANIFEST.json
TECL,5m_afterhours,5m_afterhours,afterhours,16:05-20:00,alpaca-sip,2024-01-02,2025-01-01,3414.0,1,TECL/5m_afterhours/TECL_5m_afterhours_2024-01-02_2025-01-01_MANIFEST.json
TECL,5m_afterhours,5m_afterhours,afterhours,16:05-20:00,alpaca-sip,2025-01-02,2026-01-01,4030.0,1,TECL/5m_afterhours/TECL_5m_afterhours_2025-01-02_2026-01-01_MANIFEST.json
TECL,5m_afterhours,5m_afterhours,afterhours,16:05-20:00,alpaca-sip,2026-01-02,2026-09-03,3071.0,1,TECL/5m_afterhours/TECL_5m_afterhours_2026-01-02_2026-09-03_MANIFEST.json
TECL,5m_premarket,5m_premarket,premarket,04:00-09:30,alpaca-sip,2016-01-04,2016-12-30,146.0,1,TECL/5m_premarket/TECL_5m_premarket_2016-01-04_2016-12-30_MANIFEST.json
TECL,5m_premarket,5m_premarket,premarket,04:00-09:30,alpaca-sip,2017-01-10,2017-12-30,216.0,1,TECL/5m_premarket/TECL_5m_premarket_2017-01-10_2017-12-30_MANIFEST.json
TECL,5m_premarket,5m_premarket,premarket,04:00-09:30,alpaca-sip,2018-01-02,2019-01-01,668.0,1,TECL/5m_premarket/TECL_5m_premarket_2018-01-02_2019-01-01_MANIFEST.json
TECL,5m_premarket,5m_premarket,premarket,04:00-09:30,alpaca-sip,2019-01-02,2020-01-01,939.0,1,TECL/5m_premarket/TECL_5m_premarket_2019-01-02_2020-01-01_MANIFEST.json
TECL,5m_premarket,5m_premarket,premarket,04:00-09:30,alpaca-sip,2020-01-02,2020-12-31,2630.0,1,TECL/5m_premarket/TECL_5m_premarket_2020-01-02_2020-12-31_MANIFEST.json
TECL,5m_premarket,5m_premarket,premarket,04:00-09:30,alpaca-sip,2021-01-04,2022-01-01,4358.0,1,TECL/5m_premarket/TECL_5m_premarket_2021-01-04_2022-01-01_MANIFEST.json
TECL,5m_premarket,5m_premarket,premarket,04:00-09:30,alpaca-sip,2022-01-03,2022-12-31,6260.0,1,TECL/5m_premarket/TECL_5m_premarket_2022-01-03_2022-12-31_MANIFEST.json
TECL,5m_premarket,5m_premarket,premarket,04:00-09:30,alpaca-sip,2023-01-03,2023-12-30,4640.0,1,TECL/5m_premarket/TECL_5m_premarket_2023-01-03_2023-12-30_MANIFEST.json
TECL,5m_premarket,5m_premarket,premarket,04:00-09:30,alpaca-sip,2024-01-02,2025-01-01,4193.0,1,TECL/5m_premarket/TECL_5m_premarket_2024-01-02_2025-01-01_MANIFEST.json
TECL,5m_premarket,5m_premarket,premarket,04:00-09:30,alpaca-sip,2025-01-02,2026-01-01,5298.0,1,TECL/5m_premarket/TECL_5m_premarket_2025-01-02_2026-01-01_MANIFEST.json
TECL,5m_premarket,5m_premarket,premarket,04:00-09:30,alpaca-sip,2026-01-02,2026-09-04,4172.0,1,TECL/5m_premarket/TECL_5m_premarket_2026-01-02_2026-09-04_MANIFEST.json
TECS,15m,15m,rth,09:25-16:05,alpaca-sip,2016-01-04,2016-12-31,5557.0,1,TECS/15m/TECS_15m_2016-01-04_2016-12-31_MANIFEST.json
TECS,15m,15m,rth,09:25-16:05,alpaca-sip,2017-01-03,2017-12-30,5902.0,1,TECS/15m/TECS_15m_2017-01-03_2017-12-30_MANIFEST.json
TECS,15m,15m,rth,09:25-16:05,alpaca-sip,2018-01-02,2019-01-01,6522.0,1,TECS/15m/TECS_15m_2018-01-02_2019-01-01_MANIFEST.json
TECS,15m,15m,rth,09:25-16:05,alpaca-sip,2019-01-02,2020-01-01,6761.0,1,TECS/15m/TECS_15m_2019-01-02_2020-01-01_MANIFEST.json
TECS,15m,15m,rth,09:25-16:05,alpaca-sip,2020-01-02,2021-01-01,6792.0,1,TECS/15m/TECS_15m_2020-01-02_2021-01-01_MANIFEST.json
TECS,15m,15m,rth,09:25-16:05,alpaca-sip,2021-01-04,2022-01-01,6796.0,1,TECS/15m/TECS_15m_2021-01-04_2022-01-01_MANIFEST.json
TECS,15m,15m,rth,09:25-16:05,alpaca-sip,2022-01-03,2022-12-31,6766.0,1,TECS/15m/TECS_15m_2022-01-03_2022-12-31_MANIFEST.json
TECS,15m,15m,rth,09:25-16:05,alpaca-sip,2023-01-03,2023-12-30,6736.0,1,TECS/15m/TECS_15m_2023-01-03_2023-12-30_MANIFEST.json
TECS,15m,15m,rth,09:25-16:05,alpaca-sip,2024-01-02,2025-01-01,6780.0,1,TECS/15m/TECS_15m_2024-01-02_2025-01-01_MANIFEST.json
TECS,15m,15m,rth,09:25-16:05,alpaca-sip,2025-01-02,2026-01-01,6727.0,1,TECS/15m/TECS_15m_2025-01-02_2026-01-01_MANIFEST.json
TECS,15m,15m,rth,09:25-16:05,alpaca-sip,2026-01-02,2026-09-03,4535.0,1,TECS/15m/TECS_15m_2026-01-02_2026-09-03_MANIFEST.json
TECS,15m_afterhours,15m_afterhours,afterhours,16:05-20:00,alpaca-sip,2016-01-12,2016-11-03,18.0,1,TECS/15m_afterhours/TECS_15m_afterhours_2016-01-12_2016-11-03_MANIFEST.json
TECS,15m_afterhours,15m_afterhours,afterhours,16:05-20:00,alpaca-sip,2017-01-10,2017-12-12,49.0,1,TECS/15m_afterhours/TECS_15m_afterhours_2017-01-10_2017-12-12_MANIFEST.json
TECS,15m_afterhours,15m_afterhours,afterhours,16:05-20:00,alpaca-sip,2018-01-03,2019-01-01,267.0,1,TECS/15m_afterhours/TECS_15m_afterhours_2018-01-03_2019-01-01_MANIFEST.json
TECS,15m_afterhours,15m_afterhours,afterhours,16:05-20:00,alpaca-sip,2019-01-02,2020-01-01,419.0,1,TECS/15m_afterhours/TECS_15m_afterhours_2019-01-02_2020-01-01_MANIFEST.json
TECS,15m_afterhours,15m_afterhours,afterhours,16:05-20:00,alpaca-sip,2020-01-02,2021-01-01,1653.0,1,TECS/15m_afterhours/TECS_15m_afterhours_2020-01-02_2021-01-01_MANIFEST.json
TECS,15m_afterhours,15m_afterhours,afterhours,16:05-20:00,alpaca-sip,2021-01-04,2022-01-01,1534.0,1,TECS/15m_afterhours/TECS_15m_afterhours_2021-01-04_2022-01-01_MANIFEST.json
TECS,15m_afterhours,15m_afterhours,afterhours,16:05-20:00,alpaca-sip,2022-01-03,2022-12-31,1707.0,1,TECS/15m_afterhours/TECS_15m_afterhours_2022-01-03_2022-12-31_MANIFEST.json
TECS,15m_afterhours,15m_afterhours,afterhours,16:05-20:00,alpaca-sip,2023-01-03,2023-12-30,1777.0,1,TECS/15m_afterhours/TECS_15m_afterhours_2023-01-03_2023-12-30_MANIFEST.json
TECS,15m_afterhours,15m_afterhours,afterhours,16:05-20:00,alpaca-sip,2024-01-02,2025-01-01,2117.0,1,TECS/15m_afterhours/TECS_15m_afterhours_2024-01-02_2025-01-01_MANIFEST.json
TECS,15m_afterhours,15m_afterhours,afterhours,16:05-20:00,alpaca-sip,2025-01-03,2026-01-01,1766.0,1,TECS/15m_afterhours/TECS_15m_afterhours_2025-01-03_2026-01-01_MANIFEST.json
TECS,15m_afterhours,15m_afterhours,afterhours,16:05-20:00,alpaca-sip,2026-01-02,2026-09-03,1606.0,1,TECS/15m_afterhours/TECS_15m_afterhours_2026-01-02_2026-09-03_MANIFEST.json
TECS,15m_premarket,15m_premarket,premarket,04:00-09:30,alpaca-sip,2016-01-11,2016-12-13,50.0,1,TECS/15m_premarket/TECS_15m_premarket_2016-01-11_2016-12-13_MANIFEST.json
TECS,15m_premarket,15m_premarket,premarket,04:00-09:30,alpaca-sip,2017-01-03,2017-12-27,134.0,1,TECS/15m_premarket/TECS_15m_premarket_2017-01-03_2017-12-27_MANIFEST.json
TECS,15m_premarket,15m_premarket,premarket,04:00-09:30,alpaca-sip,2018-01-02,2019-01-01,418.0,1,TECS/15m_premarket/TECS_15m_premarket_2018-01-02_2019-01-01_MANIFEST.json
TECS,15m_premarket,15m_premarket,premarket,04:00-09:30,alpaca-sip,2019-01-02,2019-12-31,784.0,1,TECS/15m_premarket/TECS_15m_premarket_2019-01-02_2019-12-31_MANIFEST.json
TECS,15m_premarket,15m_premarket,premarket,04:00-09:30,alpaca-sip,2020-01-02,2021-01-01,2014.0,1,TECS/15m_premarket/TECS_15m_premarket_2020-01-02_2021-01-01_MANIFEST.json
TECS,15m_premarket,15m_premarket,premarket,04:00-09:30,alpaca-sip,2021-01-04,2022-01-01,2085.0,1,TECS/15m_premarket/TECS_15m_premarket_2021-01-04_2022-01-01_MANIFEST.json
TECS,15m_premarket,15m_premarket,premarket,04:00-09:30,alpaca-sip,2022-01-03,2022-12-31,2142.0,1,TECS/15m_premarket/TECS_15m_premarket_2022-01-03_2022-12-31_MANIFEST.json
TECS,15m_premarket,15m_premarket,premarket,04:00-09:30,alpaca-sip,2023-01-03,2023-12-30,2268.0,1,TECS/15m_premarket/TECS_15m_premarket_2023-01-03_2023-12-30_MANIFEST.json
TECS,15m_premarket,15m_premarket,premarket,04:00-09:30,alpaca-sip,2024-01-02,2025-01-01,2420.0,1,TECS/15m_premarket/TECS_15m_premarket_2024-01-02_2025-01-01_MANIFEST.json
TECS,15m_premarket,15m_premarket,premarket,04:00-09:30,alpaca-sip,2025-01-02,2026-01-01,2491.0,1,TECS/15m_premarket/TECS_15m_premarket_2025-01-02_2026-01-01_MANIFEST.json
TECS,15m_premarket,15m_premarket,premarket,04:00-09:30,alpaca-sip,2026-01-02,2026-09-04,2227.0,1,TECS/15m_premarket/TECS_15m_premarket_2026-01-02_2026-09-04_MANIFEST.json
TECS,1m,1m,rth,09:25-16:05,alpaca-sip,2016-01-04,2016-12-31,19291.0,2,TECS/1m/TECS_1m_2016-01-04_2016-12-31_MANIFEST.json
TECS,1m,1m,rth,09:25-16:05,alpaca-sip,2017-01-03,2017-12-30,24089.0,3,TECS/1m/TECS_1m_2017-01-03_2017-12-30_MANIFEST.json
TECS,1m,1m,rth,09:25-16:05,alpaca-sip,2018-01-02,2019-01-01,48366.0,5,TECS/1m/TECS_1m_2018-01-02_2019-01-01_MANIFEST.json
TECS,1m,1m,rth,09:25-16:05,alpaca-sip,2019-01-02,2020-01-01,68406.0,7,TECS/1m/TECS_1m_2019-01-02_2020-01-01_MANIFEST.json
TECS,1m,1m,rth,09:25-16:05,alpaca-sip,2020-01-02,2021-01-01,90722.0,10,TECS/1m/TECS_1m_2020-01-02_2021-01-01_MANIFEST.json
TECS,1m,1m,rth,09:25-16:05,alpaca-sip,2021-01-04,2022-01-01,81313.0,9,TECS/1m/TECS_1m_2021-01-04_2022-01-01_MANIFEST.json
TECS,1m,1m,rth,09:25-16:05,alpaca-sip,2022-01-03,2022-12-31,96356.0,10,TECS/1m/TECS_1m_2022-01-03_2022-12-31_MANIFEST.json
TECS,1m,1m,rth,09:25-16:05,alpaca-sip,2023-01-03,2023-12-30,94792.0,10,TECS/1m/TECS_1m_2023-01-03_2023-12-30_MANIFEST.json
TECS,1m,1m,rth,09:25-16:05,alpaca-sip,2024-01-02,2025-01-01,90737.0,10,TECS/1m/TECS_1m_2024-01-02_2025-01-01_MANIFEST.json
TECS,1m,1m,rth,09:25-16:05,alpaca-sip,2025-01-02,2026-01-01,86695.0,9,TECS/1m/TECS_1m_2025-01-02_2026-01-01_MANIFEST.json
TECS,1m,1m,rth,09:25-16:05,alpaca-sip,2026-01-02,2026-09-04,59465.0,6,TECS/1m/TECS_1m_2026-01-02_2026-09-04_MANIFEST.json
TECS,1m_afterhours,1m_afterhours,afterhours,16:05-20:00,alpaca-sip,2016-01-12,2016-11-03,19.0,1,TECS/1m_afterhours/TECS_1m_afterhours_2016-01-12_2016-11-03_MANIFEST.json
TECS,1m_afterhours,1m_afterhours,afterhours,16:05-20:00,alpaca-sip,2017-01-10,2017-12-12,64.0,1,TECS/1m_afterhours/TECS_1m_afterhours_2017-01-10_2017-12-12_MANIFEST.json
TECS,1m_afterhours,1m_afterhours,afterhours,16:05-20:00,alpaca-sip,2018-01-03,2019-01-01,396.0,1,TECS/1m_afterhours/TECS_1m_afterhours_2018-01-03_2019-01-01_MANIFEST.json
TECS,1m_afterhours,1m_afterhours,afterhours,16:05-20:00,alpaca-sip,2019-01-02,2020-01-01,621.0,1,TECS/1m_afterhours/TECS_1m_afterhours_2019-01-02_2020-01-01_MANIFEST.json
TECS,1m_afterhours,1m_afterhours,afterhours,16:05-20:00,alpaca-sip,2020-01-02,2021-01-01,4235.0,1,TECS/1m_afterhours/TECS_1m_afterhours_2020-01-02_2021-01-01_MANIFEST.json
TECS,1m_afterhours,1m_afterhours,afterhours,16:05-20:00,alpaca-sip,2021-01-04,2022-01-01,3000.0,1,TECS/1m_afterhours/TECS_1m_afterhours_2021-01-04_2022-01-01_MANIFEST.json
TECS,1m_afterhours,1m_afterhours,afterhours,16:05-20:00,alpaca-sip,2022-01-03,2022-12-31,3710.0,1,TECS/1m_afterhours/TECS_1m_afterhours_2022-01-03_2022-12-31_MANIFEST.json
TECS,1m_afterhours,1m_afterhours,afterhours,16:05-20:00,alpaca-sip,2023-01-03,2023-12-30,3885.0,1,TECS/1m_afterhours/TECS_1m_afterhours_2023-01-03_2023-12-30_MANIFEST.json
TECS,1m_afterhours,1m_afterhours,afterhours,16:05-20:00,alpaca-sip,2024-01-02,2025-01-01,5636.0,1,TECS/1m_afterhours/TECS_1m_afterhours_2024-01-02_2025-01-01_MANIFEST.json
TECS,1m_afterhours,1m_afterhours,afterhours,16:05-20:00,alpaca-sip,2025-01-03,2026-01-01,3933.0,1,TECS/1m_afterhours/TECS_1m_afterhours_2025-01-03_2026-01-01_MANIFEST.json
TECS,1m_afterhours,1m_afterhours,afterhours,16:05-20:00,alpaca-sip,2026-01-02,2026-09-03,4636.0,1,TECS/1m_afterhours/TECS_1m_afterhours_2026-01-02_2026-09-03_MANIFEST.json
TECS,1m_premarket,1m_premarket,premarket,04:00-09:30,alpaca-sip,2016-01-11,2016-12-13,58.0,1,TECS/1m_premarket/TECS_1m_premarket_2016-01-11_2016-12-13_MANIFEST.json
TECS,1m_premarket,1m_premarket,premarket,04:00-09:30,alpaca-sip,2017-01-03,2017-12-27,169.0,1,TECS/1m_premarket/TECS_1m_premarket_2017-01-03_2017-12-27_MANIFEST.json
TECS,1m_premarket,1m_premarket,premarket,04:00-09:30,alpaca-sip,2018-01-02,2019-01-01,650.0,1,TECS/1m_premarket/TECS_1m_premarket_2018-01-02_2019-01-01_MANIFEST.json
TECS,1m_premarket,1m_premarket,premarket,04:00-09:30,alpaca-sip,2019-01-02,2019-12-31,1270.0,1,TECS/1m_premarket/TECS_1m_premarket_2019-01-02_2019-12-31_MANIFEST.json
TECS,1m_premarket,1m_premarket,premarket,04:00-09:30,alpaca-sip,2020-01-02,2021-01-01,6493.0,1,TECS/1m_premarket/TECS_1m_premarket_2020-01-02_2021-01-01_MANIFEST.json
TECS,1m_premarket,1m_premarket,premarket,04:00-09:30,alpaca-sip,2021-01-04,2022-01-01,5862.0,1,TECS/1m_premarket/TECS_1m_premarket_2021-01-04_2022-01-01_MANIFEST.json
TECS,1m_premarket,1m_premarket,premarket,04:00-09:30,alpaca-sip,2022-01-03,2022-12-31,6453.0,1,TECS/1m_premarket/TECS_1m_premarket_2022-01-03_2022-12-31_MANIFEST.json
TECS,1m_premarket,1m_premarket,premarket,04:00-09:30,alpaca-sip,2023-01-03,2023-12-30,6714.0,1,TECS/1m_premarket/TECS_1m_premarket_2023-01-03_2023-12-30_MANIFEST.json
TECS,1m_premarket,1m_premarket,premarket,04:00-09:30,alpaca-sip,2024-01-02,2025-01-01,7766.0,1,TECS/1m_premarket/TECS_1m_premarket_2024-01-02_2025-01-01_MANIFEST.json
TECS,1m_premarket,1m_premarket,premarket,04:00-09:30,alpaca-sip,2025-01-02,2026-01-01,6568.0,1,TECS/1m_premarket/TECS_1m_premarket_2025-01-02_2026-01-01_MANIFEST.json
TECS,1m_premarket,1m_premarket,premarket,04:00-09:30,alpaca-sip,2026-01-02,2026-09-04,7869.0,1,TECS/1m_premarket/TECS_1m_premarket_2026-01-02_2026-09-04_MANIFEST.json
TECS,30m,30m,rth,09:25-16:05,alpaca-sip,2016-01-04,2016-12-31,3161.0,1,TECS/30m/TECS_30m_2016-01-04_2016-12-31_MANIFEST.json
TECS,30m,30m,rth,09:25-16:05,alpaca-sip,2017-01-03,2017-12-30,3244.0,1,TECS/30m/TECS_30m_2017-01-03_2017-12-30_MANIFEST.json
TECS,30m,30m,rth,09:25-16:05,alpaca-sip,2018-01-02,2019-01-01,3395.0,1,TECS/30m/TECS_30m_2018-01-02_2019-01-01_MANIFEST.json
TECS,30m,30m,rth,09:25-16:05,alpaca-sip,2019-01-02,2020-01-01,3504.0,1,TECS/30m/TECS_30m_2019-01-02_2020-01-01_MANIFEST.json
TECS,30m,30m,rth,09:25-16:05,alpaca-sip,2020-01-02,2021-01-01,3515.0,1,TECS/30m/TECS_30m_2020-01-02_2021-01-01_MANIFEST.json
TECS,30m,30m,rth,09:25-16:05,alpaca-sip,2021-01-04,2022-01-01,3524.0,1,TECS/30m/TECS_30m_2021-01-04_2022-01-01_MANIFEST.json
TECS,30m,30m,rth,09:25-16:05,alpaca-sip,2022-01-03,2022-12-31,3508.0,1,TECS/30m/TECS_30m_2022-01-03_2022-12-31_MANIFEST.json
TECS,30m,30m,rth,09:25-16:05,alpaca-sip,2023-01-03,2023-12-30,3496.0,1,TECS/30m/TECS_30m_2023-01-03_2023-12-30_MANIFEST.json
TECS,30m,30m,rth,09:25-16:05,alpaca-sip,2024-01-02,2025-01-01,3517.0,1,TECS/30m/TECS_30m_2024-01-02_2025-01-01_MANIFEST.json
TECS,30m,30m,rth,09:25-16:05,alpaca-sip,2025-01-02,2026-01-01,3490.0,1,TECS/30m/TECS_30m_2025-01-02_2026-01-01_MANIFEST.json
TECS,30m,30m,rth,09:25-16:05,alpaca-sip,2026-01-02,2026-09-03,2352.0,1,TECS/30m/TECS_30m_2026-01-02_2026-09-03_MANIFEST.json
TECS,30m_afterhours,30m_afterhours,afterhours,16:05-20:00,alpaca-sip,2016-01-12,2016-11-03,16.0,1,TECS/30m_afterhours/TECS_30m_afterhours_2016-01-12_2016-11-03_MANIFEST.json
TECS,30m_afterhours,30m_afterhours,afterhours,16:05-20:00,alpaca-sip,2017-01-10,2017-12-12,40.0,1,TECS/30m_afterhours/TECS_30m_afterhours_2017-01-10_2017-12-12_MANIFEST.json
TECS,30m_afterhours,30m_afterhours,afterhours,16:05-20:00,alpaca-sip,2018-01-03,2019-01-01,201.0,1,TECS/30m_afterhours/TECS_30m_afterhours_2018-01-03_2019-01-01_MANIFEST.json
TECS,30m_afterhours,30m_afterhours,afterhours,16:05-20:00,alpaca-sip,2019-01-02,2020-01-01,321.0,1,TECS/30m_afterhours/TECS_30m_afterhours_2019-01-02_2020-01-01_MANIFEST.json
TECS,30m_afterhours,30m_afterhours,afterhours,16:05-20:00,alpaca-sip,2020-01-02,2021-01-01,1009.0,1,TECS/30m_afterhours/TECS_30m_afterhours_2020-01-02_2021-01-01_MANIFEST.json
TECS,30m_afterhours,30m_afterhours,afterhours,16:05-20:00,alpaca-sip,2021-01-04,2022-01-01,1007.0,1,TECS/30m_afterhours/TECS_30m_afterhours_2021-01-04_2022-01-01_MANIFEST.json
TECS,30m_afterhours,30m_afterhours,afterhours,16:05-20:00,alpaca-sip,2022-01-03,2022-12-31,1091.0,1,TECS/30m_afterhours/TECS_30m_afterhours_2022-01-03_2022-12-31_MANIFEST.json
TECS,30m_afterhours,30m_afterhours,afterhours,16:05-20:00,alpaca-sip,2023-01-03,2023-12-30,1135.0,1,TECS/30m_afterhours/TECS_30m_afterhours_2023-01-03_2023-12-30_MANIFEST.json
TECS,30m_afterhours,30m_afterhours,afterhours,16:05-20:00,alpaca-sip,2024-01-02,2025-01-01,1280.0,1,TECS/30m_afterhours/TECS_30m_afterhours_2024-01-02_2025-01-01_MANIFEST.json
TECS,30m_afterhours,30m_afterhours,afterhours,16:05-20:00,alpaca-sip,2025-01-03,2026-01-01,1137.0,1,TECS/30m_afterhours/TECS_30m_afterhours_2025-01-03_2026-01-01_MANIFEST.json
TECS,30m_afterhours,30m_afterhours,afterhours,16:05-20:00,alpaca-sip,2026-01-02,2026-09-03,936.0,1,TECS/30m_afterhours/TECS_30m_afterhours_2026-01-02_2026-09-03_MANIFEST.json
TECS,30m_premarket,30m_premarket,premarket,04:00-09:30,alpaca-sip,2016-01-11,2016-12-13,49.0,1,TECS/30m_premarket/TECS_30m_premarket_2016-01-11_2016-12-13_MANIFEST.json
TECS,30m_premarket,30m_premarket,premarket,04:00-09:30,alpaca-sip,2017-01-03,2017-12-27,115.0,1,TECS/30m_premarket/TECS_30m_premarket_2017-01-03_2017-12-27_MANIFEST.json
TECS,30m_premarket,30m_premarket,premarket,04:00-09:30,alpaca-sip,2018-01-02,2019-01-01,326.0,1,TECS/30m_premarket/TECS_30m_premarket_2018-01-02_2019-01-01_MANIFEST.json
TECS,30m_premarket,30m_premarket,premarket,04:00-09:30,alpaca-sip,2019-01-02,2019-12-31,587.0,1,TECS/30m_premarket/TECS_30m_premarket_2019-01-02_2019-12-31_MANIFEST.json
TECS,30m_premarket,30m_premarket,premarket,04:00-09:30,alpaca-sip,2020-01-02,2021-01-01,1280.0,1,TECS/30m_premarket/TECS_30m_premarket_2020-01-02_2021-01-01_MANIFEST.json
TECS,30m_premarket,30m_premarket,premarket,04:00-09:30,alpaca-sip,2021-01-04,2022-01-01,1285.0,1,TECS/30m_premarket/TECS_30m_premarket_2021-01-04_2022-01-01_MANIFEST.json
TECS,30m_premarket,30m_premarket,premarket,04:00-09:30,alpaca-sip,2022-01-03,2022-12-31,1311.0,1,TECS/30m_premarket/TECS_30m_premarket_2022-01-03_2022-12-31_MANIFEST.json
TECS,30m_premarket,30m_premarket,premarket,04:00-09:30,alpaca-sip,2023-01-03,2023-12-30,1391.0,1,TECS/30m_premarket/TECS_30m_premarket_2023-01-03_2023-12-30_MANIFEST.json
TECS,30m_premarket,30m_premarket,premarket,04:00-09:30,alpaca-sip,2024-01-02,2025-01-01,1523.0,1,TECS/30m_premarket/TECS_30m_premarket_2024-01-02_2025-01-01_MANIFEST.json
TECS,30m_premarket,30m_premarket,premarket,04:00-09:30,alpaca-sip,2025-01-02,2026-01-01,1638.0,1,TECS/30m_premarket/TECS_30m_premarket_2025-01-02_2026-01-01_MANIFEST.json
TECS,30m_premarket,30m_premarket,premarket,04:00-09:30,alpaca-sip,2026-01-02,2026-09-04,1385.0,1,TECS/30m_premarket/TECS_30m_premarket_2026-01-02_2026-09-04_MANIFEST.json
TECS,5m,5m,rth,09:25-16:05,alpaca-sip,2016-01-04,2016-12-31,11064.0,2,TECS/5m/TECS_5m_2016-01-04_2016-12-31_MANIFEST.json
TECS,5m,5m,rth,09:25-16:05,alpaca-sip,2017-01-03,2017-12-30,12590.0,2,TECS/5m/TECS_5m_2017-01-03_2017-12-30_MANIFEST.json
TECS,5m,5m,rth,09:25-16:05,alpaca-sip,2018-01-02,2019-01-01,17113.0,2,TECS/5m/TECS_5m_2018-01-02_2019-01-01_MANIFEST.json
TECS,5m,5m,rth,09:25-16:05,alpaca-sip,2019-01-02,2020-01-01,19380.0,2,TECS/5m/TECS_5m_2019-01-02_2020-01-01_MANIFEST.json
TECS,5m,5m,rth,09:25-16:05,alpaca-sip,2020-01-02,2021-01-01,20003.0,3,TECS/5m/TECS_5m_2020-01-02_2021-01-01_MANIFEST.json
TECS,5m,5m,rth,09:25-16:05,alpaca-sip,2021-01-04,2022-01-01,19858.0,2,TECS/5m/TECS_5m_2021-01-04_2022-01-01_MANIFEST.json
TECS,5m,5m,rth,09:25-16:05,alpaca-sip,2022-01-03,2022-12-31,19984.0,2,TECS/5m/TECS_5m_2022-01-03_2022-12-31_MANIFEST.json
TECS,5m,5m,rth,09:25-16:05,alpaca-sip,2023-01-03,2023-12-30,19860.0,2,TECS/5m/TECS_5m_2023-01-03_2023-12-30_MANIFEST.json
TECS,5m,5m,rth,09:25-16:05,alpaca-sip,2024-01-02,2025-01-01,19943.0,2,TECS/5m/TECS_5m_2024-01-02_2025-01-01_MANIFEST.json
TECS,5m,5m,rth,09:25-16:05,alpaca-sip,2025-01-02,2026-01-01,19770.0,2,TECS/5m/TECS_5m_2025-01-02_2026-01-01_MANIFEST.json
TECS,5m,5m,rth,09:25-16:05,alpaca-sip,2026-01-02,2026-09-04,13302.0,2,TECS/5m/TECS_5m_2026-01-02_2026-09-04_MANIFEST.json
TECS,5m_afterhours,5m_afterhours,afterhours,16:05-20:00,alpaca-sip,2016-01-12,2016-11-03,18.0,1,TECS/5m_afterhours/TECS_5m_afterhours_2016-01-12_2016-11-03_MANIFEST.json
TECS,5m_afterhours,5m_afterhours,afterhours,16:05-20:00,alpaca-sip,2017-01-10,2017-12-12,60.0,1,TECS/5m_afterhours/TECS_5m_afterhours_2017-01-10_2017-12-12_MANIFEST.json
TECS,5m_afterhours,5m_afterhours,afterhours,16:05-20:00,alpaca-sip,2018-01-03,2019-01-01,343.0,1,TECS/5m_afterhours/TECS_5m_afterhours_2018-01-03_2019-01-01_MANIFEST.json
TECS,5m_afterhours,5m_afterhours,afterhours,16:05-20:00,alpaca-sip,2019-01-02,2020-01-01,553.0,1,TECS/5m_afterhours/TECS_5m_afterhours_2019-01-02_2020-01-01_MANIFEST.json
TECS,5m_afterhours,5m_afterhours,afterhours,16:05-20:00,alpaca-sip,2020-01-02,2021-01-01,2859.0,1,TECS/5m_afterhours/TECS_5m_afterhours_2020-01-02_2021-01-01_MANIFEST.json
TECS,5m_afterhours,5m_afterhours,afterhours,16:05-20:00,alpaca-sip,2021-01-04,2022-01-01,2333.0,1,TECS/5m_afterhours/TECS_5m_afterhours_2021-01-04_2022-01-01_MANIFEST.json
TECS,5m_afterhours,5m_afterhours,afterhours,16:05-20:00,alpaca-sip,2022-01-03,2022-12-31,2748.0,1,TECS/5m_afterhours/TECS_5m_afterhours_2022-01-03_2022-12-31_MANIFEST.json
TECS,5m_afterhours,5m_afterhours,afterhours,16:05-20:00,alpaca-sip,2023-01-03,2023-12-30,2811.0,1,TECS/5m_afterhours/TECS_5m_afterhours_2023-01-03_2023-12-30_MANIFEST.json
TECS,5m_afterhours,5m_afterhours,afterhours,16:05-20:00,alpaca-sip,2024-01-02,2025-01-01,3728.0,1,TECS/5m_afterhours/TECS_5m_afterhours_2024-01-02_2025-01-01_MANIFEST.json
TECS,5m_afterhours,5m_afterhours,afterhours,16:05-20:00,alpaca-sip,2025-01-03,2026-01-01,2830.0,1,TECS/5m_afterhours/TECS_5m_afterhours_2025-01-03_2026-01-01_MANIFEST.json
TECS,5m_afterhours,5m_afterhours,afterhours,16:05-20:00,alpaca-sip,2026-01-02,2026-09-03,2941.0,1,TECS/5m_afterhours/TECS_5m_afterhours_2026-01-02_2026-09-03_MANIFEST.json
TECS,5m_premarket,5m_premarket,premarket,04:00-09:30,alpaca-sip,2016-01-11,2016-12-13,54.0,1,TECS/5m_premarket/TECS_5m_premarket_2016-01-11_2016-12-13_MANIFEST.json
TECS,5m_premarket,5m_premarket,premarket,04:00-09:30,alpaca-sip,2017-01-03,2017-12-27,151.0,1,TECS/5m_premarket/TECS_5m_premarket_2017-01-03_2017-12-27_MANIFEST.json
TECS,5m_premarket,5m_premarket,premarket,04:00-09:30,alpaca-sip,2018-01-02,2019-01-01,542.0,1,TECS/5m_premarket/TECS_5m_premarket_2018-01-02_2019-01-01_MANIFEST.json
TECS,5m_premarket,5m_premarket,premarket,04:00-09:30,alpaca-sip,2019-01-02,2019-12-31,1039.0,1,TECS/5m_premarket/TECS_5m_premarket_2019-01-02_2019-12-31_MANIFEST.json
TECS,5m_premarket,5m_premarket,premarket,04:00-09:30,alpaca-sip,2020-01-02,2021-01-01,3686.0,1,TECS/5m_premarket/TECS_5m_premarket_2020-01-02_2021-01-01_MANIFEST.json
TECS,5m_premarket,5m_premarket,premarket,04:00-09:30,alpaca-sip,2021-01-04,2022-01-01,3673.0,1,TECS/5m_premarket/TECS_5m_premarket_2021-01-04_2022-01-01_MANIFEST.json
TECS,5m_premarket,5m_premarket,premarket,04:00-09:30,alpaca-sip,2022-01-03,2022-12-31,3924.0,1,TECS/5m_premarket/TECS_5m_premarket_2022-01-03_2022-12-31_MANIFEST.json
TECS,5m_premarket,5m_premarket,premarket,04:00-09:30,alpaca-sip,2023-01-03,2023-12-30,4140.0,1,TECS/5m_premarket/TECS_5m_premarket_2023-01-03_2023-12-30_MANIFEST.json
TECS,5m_premarket,5m_premarket,premarket,04:00-09:30,alpaca-sip,2024-01-02,2025-01-01,4490.0,1,TECS/5m_premarket/TECS_5m_premarket_2024-01-02_2025-01-01_MANIFEST.json
TECS,5m_premarket,5m_premarket,premarket,04:00-09:30,alpaca-sip,2025-01-02,2026-01-01,4234.0,1,TECS/5m_premarket/TECS_5m_premarket_2025-01-02_2026-01-01_MANIFEST.json
TECS,5m_premarket,5m_premarket,premarket,04:00-09:30,alpaca-sip,2026-01-02,2026-09-04,4248.0,1,TECS/5m_premarket/TECS_5m_premarket_2026-01-02_2026-09-04_MANIFEST.json
TNA,1m,1m,rth,09:25-16:05,alpaca-sip,2016-01-04,2016-12-31,99342.0,10,TNA/1m/TNA_1m_2016-01-04_2016-12-31_MANIFEST.json
TNA,1m,1m,rth,09:25-16:05,alpaca-sip,2017-01-03,2017-12-30,97435.0,10,TNA/1m/TNA_1m_2017-01-03_2017-12-30_MANIFEST.json
TNA,1m,1m,rth,09:25-16:05,alpaca-sip,2018-01-02,2019-01-01,97780.0,10,TNA/1m/TNA_1m_2018-01-02_2019-01-01_MANIFEST.json
TNA,1m,1m,rth,09:25-16:05,alpaca-sip,2019-01-02,2020-01-01,98472.0,10,TNA/1m/TNA_1m_2019-01-02_2020-01-01_MANIFEST.json
TNA,1m,1m,rth,09:25-16:05,alpaca-sip,2020-01-02,2021-01-01,100387.0,11,TNA/1m/TNA_1m_2020-01-02_2021-01-01_MANIFEST.json
TNA,1m,1m,rth,09:25-16:05,alpaca-sip,2021-01-04,2022-01-01,100528.0,11,TNA/1m/TNA_1m_2021-01-04_2022-01-01_MANIFEST.json
TNA,1m,1m,rth,09:25-16:05,alpaca-sip,2022-01-03,2022-12-31,100076.0,11,TNA/1m/TNA_1m_2022-01-03_2022-12-31_MANIFEST.json
TNA,1m,1m,rth,09:25-16:05,alpaca-sip,2023-01-03,2023-12-30,99611.0,10,TNA/1m/TNA_1m_2023-01-03_2023-12-30_MANIFEST.json
TNA,1m,1m,rth,09:25-16:05,alpaca-sip,2024-01-02,2025-01-01,100480.0,11,TNA/1m/TNA_1m_2024-01-02_2025-01-01_MANIFEST.json
TNA,1m,1m,rth,09:25-16:05,alpaca-sip,2025-01-02,2026-01-01,99548.0,10,TNA/1m/TNA_1m_2025-01-02_2026-01-01_MANIFEST.json
TNA,1m,1m,rth,09:25-16:05,alpaca-sip,2026-01-02,2026-08-15,61741.0,7,TNA/1m/TNA_1m_2026-01-02_2026-08-15_MANIFEST.json
TNA,1m,1m,rth,09:25-16:05,alpaca-sip,2026-08-17,2026-09-03,5147.0,1,TNA/1m/TNA_1m_2026-08-17_2026-09-03_MANIFEST.json
TNA,1m_premarket,1m_premarket,premarket,04:00-09:30,alpaca-sip,2016-01-04,2016-12-31,12949.0,2,TNA/1m_premarket/TNA_1m_premarket_2016-01-04_2016-12-31_MANIFEST.json
TNA,1m_premarket,1m_premarket,premarket,04:00-09:30,alpaca-sip,2017-01-03,2017-12-30,14427.0,2,TNA/1m_premarket/TNA_1m_premarket_2017-01-03_2017-12-30_MANIFEST.json
TNA,1m_premarket,1m_premarket,premarket,04:00-09:30,alpaca-sip,2018-01-02,2019-01-01,14263.0,2,TNA/1m_premarket/TNA_1m_premarket_2018-01-02_2019-01-01_MANIFEST.json
TNA,1m_premarket,1m_premarket,premarket,04:00-09:30,alpaca-sip,2019-01-02,2020-01-01,12730.0,2,TNA/1m_premarket/TNA_1m_premarket_2019-01-02_2020-01-01_MANIFEST.json
TNA,1m_premarket,1m_premarket,premarket,04:00-09:30,alpaca-sip,2020-01-02,2021-01-01,34147.0,4,TNA/1m_premarket/TNA_1m_premarket_2020-01-02_2021-01-01_MANIFEST.json
TNA,1m_premarket,1m_premarket,premarket,04:00-09:30,alpaca-sip,2021-01-04,2022-01-01,35068.0,4,TNA/1m_premarket/TNA_1m_premarket_2021-01-04_2022-01-01_MANIFEST.json
TNA,1m_premarket,1m_premarket,premarket,04:00-09:30,alpaca-sip,2022-01-03,2022-12-31,31437.0,4,TNA/1m_premarket/TNA_1m_premarket_2022-01-03_2022-12-31_MANIFEST.json
TNA,1m_premarket,1m_premarket,premarket,04:00-09:30,alpaca-sip,2023-01-03,2023-12-30,37054.0,4,TNA/1m_premarket/TNA_1m_premarket_2023-01-03_2023-12-30_MANIFEST.json
TNA,1m_premarket,1m_premarket,premarket,04:00-09:30,alpaca-sip,2024-01-02,2025-01-01,53455.0,6,TNA/1m_premarket/TNA_1m_premarket_2024-01-02_2025-01-01_MANIFEST.json
TNA,1m_premarket,1m_premarket,premarket,04:00-09:30,alpaca-sip,2025-01-02,2026-01-01,50030.0,6,TNA/1m_premarket/TNA_1m_premarket_2025-01-02_2026-01-01_MANIFEST.json
TNA,1m_premarket,1m_premarket,premarket,04:00-09:30,alpaca-sip,2026-01-02,2026-08-15,25687.0,3,TNA/1m_premarket/TNA_1m_premarket_2026-01-02_2026-08-15_MANIFEST.json
TNA,1m_premarket,1m_premarket,premarket,04:00-09:30,alpaca-sip,2026-08-17,2026-09-03,1412.0,1,TNA/1m_premarket/TNA_1m_premarket_2026-08-17_2026-09-03_MANIFEST.json
TNA,5m,5m,rth,09:25-16:05,alpaca-sip,2016-01-04,2016-12-31,20134.0,3,TNA/5m/TNA_5m_2016-01-04_2016-12-31_MANIFEST.json
TNA,5m,5m,rth,09:25-16:05,alpaca-sip,2017-01-03,2017-12-30,20016.0,3,TNA/5m/TNA_5m_2017-01-03_2017-12-30_MANIFEST.json
TNA,5m,5m,rth,09:25-16:05,alpaca-sip,2018-01-02,2019-01-01,20009.0,3,TNA/5m/TNA_5m_2018-01-02_2019-01-01_MANIFEST.json
TNA,5m,5m,rth,09:25-16:05,alpaca-sip,2019-01-02,2020-01-01,20076.0,3,TNA/5m/TNA_5m_2019-01-02_2020-01-01_MANIFEST.json
TNA,5m,5m,rth,09:25-16:05,alpaca-sip,2020-01-02,2021-01-01,20210.0,3,TNA/5m/TNA_5m_2020-01-02_2021-01-01_MANIFEST.json
TNA,5m,5m,rth,09:25-16:05,alpaca-sip,2021-01-04,2022-01-01,20158.0,3,TNA/5m/TNA_5m_2021-01-04_2022-01-01_MANIFEST.json
TNA,5m,5m,rth,09:25-16:05,alpaca-sip,2022-01-03,2022-12-31,20059.0,3,TNA/5m/TNA_5m_2022-01-03_2022-12-31_MANIFEST.json
TNA,5m,5m,rth,09:25-16:05,alpaca-sip,2023-01-03,2023-12-30,19981.0,2,TNA/5m/TNA_5m_2023-01-03_2023-12-30_MANIFEST.json
TNA,5m,5m,rth,09:25-16:05,alpaca-sip,2024-01-02,2025-01-01,20154.0,3,TNA/5m/TNA_5m_2024-01-02_2025-01-01_MANIFEST.json
TNA,5m,5m,rth,09:25-16:05,alpaca-sip,2025-01-02,2026-01-01,19971.0,2,TNA/5m/TNA_5m_2025-01-02_2026-01-01_MANIFEST.json
TNA,5m,5m,rth,09:25-16:05,alpaca-sip,2026-01-02,2026-08-15,12400.0,2,TNA/5m/TNA_5m_2026-01-02_2026-08-15_MANIFEST.json
TNA,5m,5m,rth,09:25-16:05,alpaca-sip,2026-08-17,2026-09-03,1040.0,1,TNA/5m/TNA_5m_2026-08-17_2026-09-03_MANIFEST.json
TNA,5m_premarket,5m_premarket,premarket,04:00-09:30,alpaca-sip,2016-01-04,2016-12-31,6242.0,1,TNA/5m_premarket/TNA_5m_premarket_2016-01-04_2016-12-31_MANIFEST.json
TNA,5m_premarket,5m_premarket,premarket,04:00-09:30,alpaca-sip,2017-01-03,2017-12-30,7170.0,1,TNA/5m_premarket/TNA_5m_premarket_2017-01-03_2017-12-30_MANIFEST.json
TNA,5m_premarket,5m_premarket,premarket,04:00-09:30,alpaca-sip,2018-01-02,2019-01-01,7141.0,1,TNA/5m_premarket/TNA_5m_premarket_2018-01-02_2019-01-01_MANIFEST.json
TNA,5m_premarket,5m_premarket,premarket,04:00-09:30,alpaca-sip,2019-01-02,2020-01-01,6373.0,1,TNA/5m_premarket/TNA_5m_premarket_2019-01-02_2020-01-01_MANIFEST.json
TNA,5m_premarket,5m_premarket,premarket,04:00-09:30,alpaca-sip,2020-01-02,2021-01-01,11355.0,2,TNA/5m_premarket/TNA_5m_premarket_2020-01-02_2021-01-01_MANIFEST.json
TNA,5m_premarket,5m_premarket,premarket,04:00-09:30,alpaca-sip,2021-01-04,2022-01-01,11992.0,2,TNA/5m_premarket/TNA_5m_premarket_2021-01-04_2022-01-01_MANIFEST.json
TNA,5m_premarket,5m_premarket,premarket,04:00-09:30,alpaca-sip,2022-01-03,2022-12-31,11144.0,2,TNA/5m_premarket/TNA_5m_premarket_2022-01-03_2022-12-31_MANIFEST.json
TNA,5m_premarket,5m_premarket,premarket,04:00-09:30,alpaca-sip,2023-01-03,2023-12-30,12359.0,2,TNA/5m_premarket/TNA_5m_premarket_2023-01-03_2023-12-30_MANIFEST.json
TNA,5m_premarket,5m_premarket,premarket,04:00-09:30,alpaca-sip,2024-01-02,2025-01-01,15329.0,2,TNA/5m_premarket/TNA_5m_premarket_2024-01-02_2025-01-01_MANIFEST.json
TNA,5m_premarket,5m_premarket,premarket,04:00-09:30,alpaca-sip,2025-01-02,2026-01-01,15359.0,2,TNA/5m_premarket/TNA_5m_premarket_2025-01-02_2026-01-01_MANIFEST.json
TNA,5m_premarket,5m_premarket,premarket,04:00-09:30,alpaca-sip,2026-01-02,2026-08-15,8784.0,1,TNA/5m_premarket/TNA_5m_premarket_2026-01-02_2026-08-15_MANIFEST.json
TNA,5m_premarket,5m_premarket,premarket,04:00-09:30,alpaca-sip,2026-08-17,2026-09-03,609.0,1,TNA/5m_premarket/TNA_5m_premarket_2026-08-17_2026-09-03_MANIFEST.json
TNA,quotes,,,,alpaca-sip,,,,0,TNA/quotes/TNA_quotes_2026_MANIFEST.json
TNA,quotes,,,,alpaca-sip,,,,0,TNA/quotes/TNA_quotes_2025_MANIFEST.json
TQQQ,1m,1m,rth,09:25-16:05,alpaca-sip,2016-01-04,2016-12-31,97077.0,10,TQQQ/1m/TQQQ_1m_2016-01-04_2016-12-31_MANIFEST.json
TQQQ,1m,1m,rth,09:25-16:05,alpaca-sip,2017-01-03,2017-12-30,96767.0,10,TQQQ/1m/TQQQ_1m_2017-01-03_2017-12-30_MANIFEST.json
TQQQ,1m,1m,rth,09:25-16:05,alpaca-sip,2018-01-02,2019-01-01,99048.0,10,TQQQ/1m/TQQQ_1m_2018-01-02_2019-01-01_MANIFEST.json
TQQQ,1m,1m,rth,09:25-16:05,alpaca-sip,2019-01-02,2020-01-01,100263.0,11,TQQQ/1m/TQQQ_1m_2019-01-02_2020-01-01_MANIFEST.json
TQQQ,1m,1m,rth,09:25-16:05,alpaca-sip,2020-01-02,2021-01-01,100937.0,11,TQQQ/1m/TQQQ_1m_2020-01-02_2021-01-01_MANIFEST.json
TQQQ,1m,1m,rth,09:25-16:05,alpaca-sip,2021-01-04,2022-01-01,100731.0,11,TQQQ/1m/TQQQ_1m_2021-01-04_2022-01-01_MANIFEST.json
TQQQ,1m,1m,,,alpaca-sip,2022-01-03,2022-12-31,231928.0,24,TQQQ/1m/TQQQ_1m_2022-01-03_2022-12-31_MANIFEST.json
TQQQ,1m,1m,,,alpaca-sip,2023-01-03,2023-12-30,230243.0,24,TQQQ/1m/TQQQ_1m_2023-01-03_2023-12-30_MANIFEST.json
TQQQ,1m,1m,,,alpaca-sip,2024-01-02,2025-01-01,229567.0,23,TQQQ/1m/TQQQ_1m_2024-01-02_2025-01-01_MANIFEST.json
TQQQ,1m,1m,,,alpaca-sip,2025-01-02,2026-01-01,234287.0,24,TQQQ/1m/TQQQ_1m_2025-01-02_2026-01-01_MANIFEST.json
TQQQ,1m,1m,,,alpaca-sip,2026-01-02,2026-07-25,132759.0,14,TQQQ/1m/TQQQ_1m_2026-01-02_2026-07-25_MANIFEST.json
TQQQ,1m,1m,rth,09:25-16:05,alpaca-sip,2026-07-27,2026-08-05,2800.0,1,TQQQ/1m/TQQQ_1m_2026-07-27_2026-08-05_MANIFEST.json
TQQQ,1m_premarket,1m_premarket,premarket,04:00-09:30,alpaca-sip,2021-01-04,2022-01-01,61149.0,7,TQQQ/1m_premarket/TQQQ_1m_premarket_2021-01-04_2022-01-01_MANIFEST.json
TQQQ,1m_premarket,1m_premarket,premarket,04:00-09:30,alpaca-sip,2022-01-03,2022-12-31,81417.0,9,TQQQ/1m_premarket/TQQQ_1m_premarket_2022-01-03_2022-12-31_MANIFEST.json
TQQQ,1m_premarket,1m_premarket,premarket,04:00-09:30,alpaca-sip,2023-01-03,2023-12-30,78626.0,8,TQQQ/1m_premarket/TQQQ_1m_premarket_2023-01-03_2023-12-30_MANIFEST.json
TQQQ,1m_premarket,1m_premarket,premarket,04:00-09:30,alpaca-sip,2024-01-02,2025-01-01,76649.0,8,TQQQ/1m_premarket/TQQQ_1m_premarket_2024-01-02_2025-01-01_MANIFEST.json
TQQQ,1m_premarket,1m_premarket,premarket,04:00-09:30,alpaca-sip,2025-01-02,2026-01-01,80289.0,9,TQQQ/1m_premarket/TQQQ_1m_premarket_2025-01-02_2026-01-01_MANIFEST.json
TQQQ,1m_premarket,1m_premarket,premarket,04:00-09:30,alpaca-sip,2026-01-02,2026-08-08,49202.0,5,TQQQ/1m_premarket/TQQQ_1m_premarket_2026-01-02_2026-08-08_MANIFEST.json
TQQQ,5m,5m,rth,09:25-16:05,alpaca-sip,2016-01-04,2016-12-31,20109.0,3,TQQQ/5m/TQQQ_5m_2016-01-04_2016-12-31_MANIFEST.json
TQQQ,5m,5m,rth,09:25-16:05,alpaca-sip,2017-01-03,2017-12-30,20039.0,3,TQQQ/5m/TQQQ_5m_2017-01-03_2017-12-30_MANIFEST.json
TQQQ,5m,5m,rth,09:25-16:05,alpaca-sip,2018-01-02,2019-01-01,19914.0,2,TQQQ/5m/TQQQ_5m_2018-01-02_2019-01-01_MANIFEST.json
TQQQ,5m,5m,rth,09:25-16:05,alpaca-sip,2019-01-02,2020-01-01,20114.0,3,TQQQ/5m/TQQQ_5m_2019-01-02_2020-01-01_MANIFEST.json
TQQQ,5m,5m,rth,09:25-16:05,alpaca-sip,2020-01-02,2021-01-01,20217.0,3,TQQQ/5m/TQQQ_5m_2020-01-02_2021-01-01_MANIFEST.json
TQQQ,5m,5m,rth,09:25-16:05,alpaca-sip,2021-01-04,2022-01-01,20159.0,3,TQQQ/5m/TQQQ_5m_2021-01-04_2022-01-01_MANIFEST.json
TQQQ,5m,5m,rth,09:25-16:05,alpaca-sip,2022-01-03,2022-12-31,20080.0,3,TQQQ/5m/TQQQ_5m_2022-01-03_2022-12-31_MANIFEST.json
TQQQ,5m,5m,rth,09:25-16:05,alpaca-sip,2023-01-03,2023-12-30,20000.0,2,TQQQ/5m/TQQQ_5m_2023-01-03_2023-12-30_MANIFEST.json
TQQQ,5m,5m,rth,09:25-16:05,alpaca-sip,2024-01-02,2025-01-01,20160.0,3,TQQQ/5m/TQQQ_5m_2024-01-02_2025-01-01_MANIFEST.json
TQQQ,5m,5m,rth,09:25-16:05,alpaca-sip,2025-01-02,2026-01-01,20000.0,2,TQQQ/5m/TQQQ_5m_2025-01-02_2026-01-01_MANIFEST.json
TQQQ,5m,5m,rth,09:25-16:05,alpaca-sip,2026-01-02,2026-08-05,11760.0,2,TQQQ/5m/TQQQ_5m_2026-01-02_2026-08-05_MANIFEST.json
TQQQ,5m,5m,rth,09:25-16:05,alpaca-sip,2026-07-27,2026-08-01,400.0,1,TQQQ/5m/TQQQ_5m_2026-07-27_2026-08-01_MANIFEST.json
TQQQ,5m_iex_archive,5m,,,alpaca-iex,2022-01-03,2022-12-31,21435.0,3,TQQQ/5m_iex_archive/TQQQ_5m_2022-01-03_2022-12-31_MANIFEST.json
TQQQ,5m_iex_archive,5m,,,alpaca-iex,2023-01-03,2023-12-30,23934.0,3,TQQQ/5m_iex_archive/TQQQ_5m_2023-01-03_2023-12-30_MANIFEST.json
TQQQ,5m_iex_archive,5m,,,alpaca-iex,2024-01-01,2026-07-01,56453.0,6,TQQQ/5m_iex_archive/TQQQ_5m_2024-01-01_2026-07-01_MANIFEST.json
TQQQ,5m_iex_archive,5m,,,alpaca-iex,2026-07-01,2026-07-25,1409.0,1,TQQQ/5m_iex_archive/TQQQ_5m_2026-07-01_2026-07-25_MANIFEST.json
TQQQ,5m_premarket,5m_premarket,premarket,04:00-09:30,alpaca-sip,2021-01-04,2022-01-01,16026.0,2,TQQQ/5m_premarket/TQQQ_5m_premarket_2021-01-04_2022-01-01_MANIFEST.json
TQQQ,5m_premarket,5m_premarket,premarket,04:00-09:30,alpaca-sip,2022-01-03,2022-12-31,16565.0,2,TQQQ/5m_premarket/TQQQ_5m_premarket_2022-01-03_2022-12-31_MANIFEST.json
TQQQ,5m_premarket,5m_premarket,premarket,04:00-09:30,alpaca-sip,2023-01-03,2023-12-30,16490.0,2,TQQQ/5m_premarket/TQQQ_5m_premarket_2023-01-03_2023-12-30_MANIFEST.json
TQQQ,5m_premarket,5m_premarket,premarket,04:00-09:30,alpaca-sip,2024-01-02,2025-01-01,16619.0,2,TQQQ/5m_premarket/TQQQ_5m_premarket_2024-01-02_2025-01-01_MANIFEST.json
TQQQ,5m_premarket,5m_premarket,premarket,04:00-09:30,alpaca-sip,2025-01-02,2026-01-01,16499.0,2,TQQQ/5m_premarket/TQQQ_5m_premarket_2025-01-02_2026-01-01_MANIFEST.json
TQQQ,5m_premarket,5m_premarket,premarket,04:00-09:30,alpaca-sip,2026-01-02,2026-08-08,9900.0,1,TQQQ/5m_premarket/TQQQ_5m_premarket_2026-01-02_2026-08-08_MANIFEST.json
TQQQ,quotes,,,,alpaca-sip,,,,0,TQQQ/quotes/TQQQ_quotes_2026_MANIFEST.json
TSLA,1m,1m,rth,09:25-16:05,alpaca-sip,2020-01-02,2021-01-01,100913.0,11,TSLA/1m/TSLA_1m_2020-01-02_2021-01-01_MANIFEST.json
TSLA,1m,1m,rth,09:25-16:05,alpaca-sip,2021-01-04,2022-01-01,100696.0,11,TSLA/1m/TSLA_1m_2021-01-04_2022-01-01_MANIFEST.json
TSLA,1m,1m,rth,09:25-16:05,alpaca-sip,2022-01-03,2022-12-31,100360.0,11,TSLA/1m/TSLA_1m_2022-01-03_2022-12-31_MANIFEST.json
TSLA,1m,1m,rth,09:25-16:05,alpaca-sip,2023-01-03,2023-12-30,99984.0,10,TSLA/1m/TSLA_1m_2023-01-03_2023-12-30_MANIFEST.json
TSLA,1m,1m,rth,09:25-16:05,alpaca-sip,2024-01-02,2025-01-01,100798.0,11,TSLA/1m/TSLA_1m_2024-01-02_2025-01-01_MANIFEST.json
TSLA,1m,1m,rth,09:25-16:05,alpaca-sip,2025-01-02,2026-01-01,99994.0,10,TSLA/1m/TSLA_1m_2025-01-02_2026-01-01_MANIFEST.json
TSLA,1m,1m,rth,09:25-16:05,alpaca-sip,2026-01-02,2026-08-15,62000.0,7,TSLA/1m/TSLA_1m_2026-01-02_2026-08-15_MANIFEST.json
TSLA,1m_premarket,1m_premarket,premarket,04:00-09:30,alpaca-sip,2020-01-02,2021-01-01,50115.0,6,TSLA/1m_premarket/TSLA_1m_premarket_2020-01-02_2021-01-01_MANIFEST.json
TSLA,1m_premarket,1m_premarket,premarket,04:00-09:30,alpaca-sip,2021-01-04,2022-01-01,48013.0,5,TSLA/1m_premarket/TSLA_1m_premarket_2021-01-04_2022-01-01_MANIFEST.json
TSLA,1m_premarket,1m_premarket,premarket,04:00-09:30,alpaca-sip,2022-01-03,2022-12-31,58700.0,6,TSLA/1m_premarket/TSLA_1m_premarket_2022-01-03_2022-12-31_MANIFEST.json
TSLA,1m_premarket,1m_premarket,premarket,04:00-09:30,alpaca-sip,2023-01-03,2023-12-30,74882.0,8,TSLA/1m_premarket/TSLA_1m_premarket_2023-01-03_2023-12-30_MANIFEST.json
TSLA,1m_premarket,1m_premarket,premarket,04:00-09:30,alpaca-sip,2024-01-02,2025-01-01,74344.0,8,TSLA/1m_premarket/TSLA_1m_premarket_2024-01-02_2025-01-01_MANIFEST.json
TSLA,1m_premarket,1m_premarket,premarket,04:00-09:30,alpaca-sip,2025-01-02,2026-01-01,78761.0,8,TSLA/1m_premarket/TSLA_1m_premarket_2025-01-02_2026-01-01_MANIFEST.json
TSLA,1m_premarket,1m_premarket,premarket,04:00-09:30,alpaca-sip,2026-01-02,2026-08-15,48758.0,5,TSLA/1m_premarket/TSLA_1m_premarket_2026-01-02_2026-08-15_MANIFEST.json
TSLA,5m,5m,rth,09:25-16:05,alpaca-sip,2020-01-02,2021-01-01,20230.0,3,TSLA/5m/TSLA_5m_2020-01-02_2021-01-01_MANIFEST.json
TSLA,5m,5m,rth,09:25-16:05,alpaca-sip,2021-01-04,2022-01-01,20159.0,3,TSLA/5m/TSLA_5m_2021-01-04_2022-01-01_MANIFEST.json
TSLA,5m,5m,rth,09:25-16:05,alpaca-sip,2022-01-03,2022-12-31,20080.0,3,TSLA/5m/TSLA_5m_2022-01-03_2022-12-31_MANIFEST.json
TSLA,5m,5m,rth,09:25-16:05,alpaca-sip,2023-01-03,2023-12-30,20000.0,2,TSLA/5m/TSLA_5m_2023-01-03_2023-12-30_MANIFEST.json
TSLA,5m,5m,rth,09:25-16:05,alpaca-sip,2024-01-02,2025-01-01,20160.0,3,TSLA/5m/TSLA_5m_2024-01-02_2025-01-01_MANIFEST.json
TSLA,5m,5m,rth,09:25-16:05,alpaca-sip,2025-01-02,2026-01-01,20000.0,2,TSLA/5m/TSLA_5m_2025-01-02_2026-01-01_MANIFEST.json
TSLA,5m,5m,rth,09:25-16:05,alpaca-sip,2026-01-02,2026-08-15,12400.0,2,TSLA/5m/TSLA_5m_2026-01-02_2026-08-15_MANIFEST.json
TSLA,5m_premarket,5m_premarket,premarket,04:00-09:30,alpaca-sip,2020-01-02,2021-01-01,13917.0,2,TSLA/5m_premarket/TSLA_5m_premarket_2020-01-02_2021-01-01_MANIFEST.json
TSLA,5m_premarket,5m_premarket,premarket,04:00-09:30,alpaca-sip,2021-01-04,2022-01-01,14164.0,2,TSLA/5m_premarket/TSLA_5m_premarket_2021-01-04_2022-01-01_MANIFEST.json
TSLA,5m_premarket,5m_premarket,premarket,04:00-09:30,alpaca-sip,2022-01-03,2022-12-31,15455.0,2,TSLA/5m_premarket/TSLA_5m_premarket_2022-01-03_2022-12-31_MANIFEST.json
TSLA,5m_premarket,5m_premarket,premarket,04:00-09:30,alpaca-sip,2023-01-03,2023-12-30,16468.0,2,TSLA/5m_premarket/TSLA_5m_premarket_2023-01-03_2023-12-30_MANIFEST.json
TSLA,5m_premarket,5m_premarket,premarket,04:00-09:30,alpaca-sip,2024-01-02,2025-01-01,16552.0,2,TSLA/5m_premarket/TSLA_5m_premarket_2024-01-02_2025-01-01_MANIFEST.json
TSLA,5m_premarket,5m_premarket,premarket,04:00-09:30,alpaca-sip,2025-01-02,2026-01-01,16493.0,2,TSLA/5m_premarket/TSLA_5m_premarket_2025-01-02_2026-01-01_MANIFEST.json
TSLA,5m_premarket,5m_premarket,premarket,04:00-09:30,alpaca-sip,2026-01-02,2026-08-15,10229.0,2,TSLA/5m_premarket/TSLA_5m_premarket_2026-01-02_2026-08-15_MANIFEST.json
TSM,5m,5m,rth,09:25-16:05,alpaca-sip,2022-01-03,2022-12-31,19910.0,2,TSM/5m/TSM_5m_2022-01-03_2022-12-31_MANIFEST.json
TSM,5m,5m,rth,09:25-16:05,alpaca-sip,2023-01-03,2023-12-30,19953.0,2,TSM/5m/TSM_5m_2023-01-03_2023-12-30_MANIFEST.json
TSM,5m,5m,rth,09:25-16:05,alpaca-sip,2024-01-02,2025-01-01,20117.0,3,TSM/5m/TSM_5m_2024-01-02_2025-01-01_MANIFEST.json
TSM,5m,5m,rth,09:25-16:05,alpaca-sip,2025-01-02,2026-01-01,19979.0,2,TSM/5m/TSM_5m_2025-01-02_2026-01-01_MANIFEST.json
TSM,5m,5m,rth,09:25-16:05,alpaca-sip,2026-01-02,2026-08-18,12480.0,2,TSM/5m/TSM_5m_2026-01-02_2026-08-18_MANIFEST.json
TXN,5m,5m,rth,09:25-16:05,alpaca-sip,2022-01-03,2022-12-31,19996.0,2,TXN/5m/TXN_5m_2022-01-03_2022-12-31_MANIFEST.json
TXN,5m,5m,rth,09:25-16:05,alpaca-sip,2023-01-03,2023-12-30,19892.0,2,TXN/5m/TXN_5m_2023-01-03_2023-12-30_MANIFEST.json
TXN,5m,5m,rth,09:25-16:05,alpaca-sip,2024-01-02,2025-01-01,20015.0,3,TXN/5m/TXN_5m_2024-01-02_2025-01-01_MANIFEST.json
TXN,5m,5m,rth,09:25-16:05,alpaca-sip,2025-01-02,2026-01-01,19866.0,2,TXN/5m/TXN_5m_2025-01-02_2026-01-01_MANIFEST.json
TXN,5m,5m,rth,09:25-16:05,alpaca-sip,2026-01-02,2026-08-18,12465.0,2,TXN/5m/TXN_5m_2026-01-02_2026-08-18_MANIFEST.json
TZA,1m,1m,rth,09:25-16:05,alpaca-sip,2016-01-04,2016-12-31,99507.0,10,TZA/1m/TZA_1m_2016-01-04_2016-12-31_MANIFEST.json
TZA,1m,1m,rth,09:25-16:05,alpaca-sip,2017-01-03,2017-12-30,98351.0,10,TZA/1m/TZA_1m_2017-01-03_2017-12-30_MANIFEST.json
TZA,1m,1m,rth,09:25-16:05,alpaca-sip,2018-01-02,2019-01-01,97733.0,10,TZA/1m/TZA_1m_2018-01-02_2019-01-01_MANIFEST.json
TZA,1m,1m,rth,09:25-16:05,alpaca-sip,2019-01-02,2020-01-01,98085.0,10,TZA/1m/TZA_1m_2019-01-02_2020-01-01_MANIFEST.json
TZA,1m,1m,rth,09:25-16:05,alpaca-sip,2020-01-02,2021-01-01,100472.0,11,TZA/1m/TZA_1m_2020-01-02_2021-01-01_MANIFEST.json
TZA,1m,1m,rth,09:25-16:05,alpaca-sip,2021-01-04,2022-01-01,100327.0,11,TZA/1m/TZA_1m_2021-01-04_2022-01-01_MANIFEST.json
TZA,1m,1m,rth,09:25-16:05,alpaca-sip,2022-01-03,2022-12-31,100002.0,11,TZA/1m/TZA_1m_2022-01-03_2022-12-31_MANIFEST.json
TZA,1m,1m,rth,09:25-16:05,alpaca-sip,2023-01-03,2023-12-30,99488.0,10,TZA/1m/TZA_1m_2023-01-03_2023-12-30_MANIFEST.json
TZA,1m,1m,rth,09:25-16:05,alpaca-sip,2024-01-02,2025-01-01,100165.0,11,TZA/1m/TZA_1m_2024-01-02_2025-01-01_MANIFEST.json
TZA,1m,1m,rth,09:25-16:05,alpaca-sip,2025-01-02,2026-01-01,99293.0,10,TZA/1m/TZA_1m_2025-01-02_2026-01-01_MANIFEST.json
TZA,1m,1m,rth,09:25-16:05,alpaca-sip,2026-01-02,2026-08-15,61649.0,7,TZA/1m/TZA_1m_2026-01-02_2026-08-15_MANIFEST.json
TZA,1m,1m,rth,09:25-16:05,alpaca-sip,2026-08-17,2026-09-03,5095.0,1,TZA/1m/TZA_1m_2026-08-17_2026-09-03_MANIFEST.json
TZA,1m_premarket,1m_premarket,premarket,04:00-09:30,alpaca-sip,2016-01-04,2016-12-31,12006.0,2,TZA/1m_premarket/TZA_1m_premarket_2016-01-04_2016-12-31_MANIFEST.json
TZA,1m_premarket,1m_premarket,premarket,04:00-09:30,alpaca-sip,2017-01-03,2017-12-30,13365.0,2,TZA/1m_premarket/TZA_1m_premarket_2017-01-03_2017-12-30_MANIFEST.json
TZA,1m_premarket,1m_premarket,premarket,04:00-09:30,alpaca-sip,2018-01-02,2019-01-01,11057.0,2,TZA/1m_premarket/TZA_1m_premarket_2018-01-02_2019-01-01_MANIFEST.json
TZA,1m_premarket,1m_premarket,premarket,04:00-09:30,alpaca-sip,2019-01-02,2020-01-01,10795.0,2,TZA/1m_premarket/TZA_1m_premarket_2019-01-02_2020-01-01_MANIFEST.json
TZA,1m_premarket,1m_premarket,premarket,04:00-09:30,alpaca-sip,2020-01-02,2021-01-01,33065.0,4,TZA/1m_premarket/TZA_1m_premarket_2020-01-02_2021-01-01_MANIFEST.json
TZA,1m_premarket,1m_premarket,premarket,04:00-09:30,alpaca-sip,2021-01-04,2022-01-01,30987.0,4,TZA/1m_premarket/TZA_1m_premarket_2021-01-04_2022-01-01_MANIFEST.json
TZA,1m_premarket,1m_premarket,premarket,04:00-09:30,alpaca-sip,2022-01-03,2022-12-31,32833.0,4,TZA/1m_premarket/TZA_1m_premarket_2022-01-03_2022-12-31_MANIFEST.json
TZA,1m_premarket,1m_premarket,premarket,04:00-09:30,alpaca-sip,2023-01-03,2023-12-30,32045.0,4,TZA/1m_premarket/TZA_1m_premarket_2023-01-03_2023-12-30_MANIFEST.json
TZA,1m_premarket,1m_premarket,premarket,04:00-09:30,alpaca-sip,2024-01-02,2025-01-01,42135.0,5,TZA/1m_premarket/TZA_1m_premarket_2024-01-02_2025-01-01_MANIFEST.json
TZA,1m_premarket,1m_premarket,premarket,04:00-09:30,alpaca-sip,2025-01-02,2026-01-01,42591.0,5,TZA/1m_premarket/TZA_1m_premarket_2025-01-02_2026-01-01_MANIFEST.json
TZA,1m_premarket,1m_premarket,premarket,04:00-09:30,alpaca-sip,2026-01-02,2026-08-15,26360.0,3,TZA/1m_premarket/TZA_1m_premarket_2026-01-02_2026-08-15_MANIFEST.json
TZA,1m_premarket,1m_premarket,premarket,04:00-09:30,alpaca-sip,2026-08-17,2026-09-03,1378.0,1,TZA/1m_premarket/TZA_1m_premarket_2026-08-17_2026-09-03_MANIFEST.json
TZA,5m,5m,rth,09:25-16:05,alpaca-sip,2016-01-04,2016-12-31,20132.0,3,TZA/5m/TZA_5m_2016-01-04_2016-12-31_MANIFEST.json
TZA,5m,5m,rth,09:25-16:05,alpaca-sip,2017-01-03,2017-12-30,20035.0,3,TZA/5m/TZA_5m_2017-01-03_2017-12-30_MANIFEST.json
TZA,5m,5m,rth,09:25-16:05,alpaca-sip,2018-01-02,2019-01-01,20004.0,3,TZA/5m/TZA_5m_2018-01-02_2019-01-01_MANIFEST.json
TZA,5m,5m,rth,09:25-16:05,alpaca-sip,2019-01-02,2020-01-01,20059.0,3,TZA/5m/TZA_5m_2019-01-02_2020-01-01_MANIFEST.json
TZA,5m,5m,rth,09:25-16:05,alpaca-sip,2020-01-02,2021-01-01,20210.0,3,TZA/5m/TZA_5m_2020-01-02_2021-01-01_MANIFEST.json
TZA,5m,5m,rth,09:25-16:05,alpaca-sip,2021-01-04,2022-01-01,20155.0,3,TZA/5m/TZA_5m_2021-01-04_2022-01-01_MANIFEST.json
TZA,5m,5m,rth,09:25-16:05,alpaca-sip,2022-01-03,2022-12-31,20060.0,3,TZA/5m/TZA_5m_2022-01-03_2022-12-31_MANIFEST.json
TZA,5m,5m,rth,09:25-16:05,alpaca-sip,2023-01-03,2023-12-30,19964.0,2,TZA/5m/TZA_5m_2023-01-03_2023-12-30_MANIFEST.json
TZA,5m,5m,rth,09:25-16:05,alpaca-sip,2024-01-02,2025-01-01,20114.0,3,TZA/5m/TZA_5m_2024-01-02_2025-01-01_MANIFEST.json
TZA,5m,5m,rth,09:25-16:05,alpaca-sip,2025-01-02,2026-01-01,19972.0,2,TZA/5m/TZA_5m_2025-01-02_2026-01-01_MANIFEST.json
TZA,5m,5m,rth,09:25-16:05,alpaca-sip,2026-01-02,2026-08-15,12400.0,2,TZA/5m/TZA_5m_2026-01-02_2026-08-15_MANIFEST.json
TZA,5m,5m,rth,09:25-16:05,alpaca-sip,2026-08-17,2026-09-03,1040.0,1,TZA/5m/TZA_5m_2026-08-17_2026-09-03_MANIFEST.json
TZA,5m_premarket,5m_premarket,premarket,04:00-09:30,alpaca-sip,2016-01-04,2016-12-31,5798.0,1,TZA/5m_premarket/TZA_5m_premarket_2016-01-04_2016-12-31_MANIFEST.json
TZA,5m_premarket,5m_premarket,premarket,04:00-09:30,alpaca-sip,2017-01-03,2017-12-30,6635.0,1,TZA/5m_premarket/TZA_5m_premarket_2017-01-03_2017-12-30_MANIFEST.json
TZA,5m_premarket,5m_premarket,premarket,04:00-09:30,alpaca-sip,2018-01-02,2019-01-01,6083.0,1,TZA/5m_premarket/TZA_5m_premarket_2018-01-02_2019-01-01_MANIFEST.json
TZA,5m_premarket,5m_premarket,premarket,04:00-09:30,alpaca-sip,2019-01-02,2020-01-01,5777.0,1,TZA/5m_premarket/TZA_5m_premarket_2019-01-02_2020-01-01_MANIFEST.json
TZA,5m_premarket,5m_premarket,premarket,04:00-09:30,alpaca-sip,2020-01-02,2021-01-01,11008.0,2,TZA/5m_premarket/TZA_5m_premarket_2020-01-02_2021-01-01_MANIFEST.json
TZA,5m_premarket,5m_premarket,premarket,04:00-09:30,alpaca-sip,2021-01-04,2022-01-01,11050.0,2,TZA/5m_premarket/TZA_5m_premarket_2021-01-04_2022-01-01_MANIFEST.json
TZA,5m_premarket,5m_premarket,premarket,04:00-09:30,alpaca-sip,2022-01-03,2022-12-31,11448.0,2,TZA/5m_premarket/TZA_5m_premarket_2022-01-03_2022-12-31_MANIFEST.json
TZA,5m_premarket,5m_premarket,premarket,04:00-09:30,alpaca-sip,2023-01-03,2023-12-30,11256.0,2,TZA/5m_premarket/TZA_5m_premarket_2023-01-03_2023-12-30_MANIFEST.json
TZA,5m_premarket,5m_premarket,premarket,04:00-09:30,alpaca-sip,2024-01-02,2025-01-01,13995.0,2,TZA/5m_premarket/TZA_5m_premarket_2024-01-02_2025-01-01_MANIFEST.json
TZA,5m_premarket,5m_premarket,premarket,04:00-09:30,alpaca-sip,2025-01-02,2026-01-01,14280.0,2,TZA/5m_premarket/TZA_5m_premarket_2025-01-02_2026-01-01_MANIFEST.json
TZA,5m_premarket,5m_premarket,premarket,04:00-09:30,alpaca-sip,2026-01-02,2026-08-15,8698.0,1,TZA/5m_premarket/TZA_5m_premarket_2026-01-02_2026-08-15_MANIFEST.json
TZA,5m_premarket,5m_premarket,premarket,04:00-09:30,alpaca-sip,2026-08-17,2026-09-03,582.0,1,TZA/5m_premarket/TZA_5m_premarket_2026-08-17_2026-09-03_MANIFEST.json
TZA,quotes,,,,alpaca-sip,,,,0,TZA/quotes/TZA_quotes_2026_MANIFEST.json
TZA,quotes,,,,alpaca-sip,,,,0,TZA/quotes/TZA_quotes_2025_MANIFEST.json
UDOW,1m,1m,,,alpaca-sip,2022-01-03,2022-12-31,124869.0,13,UDOW/1m/UDOW_1m_2022-01-03_2022-12-31_MANIFEST.json
UDOW,1m,1m,,,alpaca-sip,2023-01-03,2023-12-30,119231.0,12,UDOW/1m/UDOW_1m_2023-01-03_2023-12-30_MANIFEST.json
UDOW,1m,1m,,,alpaca-sip,2024-01-02,2025-01-01,121492.0,13,UDOW/1m/UDOW_1m_2024-01-02_2025-01-01_MANIFEST.json
UDOW,1m,1m,,,alpaca-sip,2025-01-02,2026-01-01,121550.0,13,UDOW/1m/UDOW_1m_2025-01-02_2026-01-01_MANIFEST.json
UDOW,1m,1m,,,alpaca-sip,2026-01-02,2026-07-25,72542.0,8,UDOW/1m/UDOW_1m_2026-01-02_2026-07-25_MANIFEST.json
UDOW,5m,5m,,,alpaca-iex,2022-01-03,2022-12-31,9339.0,1,UDOW/5m/UDOW_5m_2022-01-03_2022-12-31_MANIFEST.json
UDOW,5m,5m,,,alpaca-iex,2023-01-03,2023-12-30,11017.0,2,UDOW/5m/UDOW_5m_2023-01-03_2023-12-30_MANIFEST.json
UDOW,5m,5m,,,alpaca-iex,2024-01-02,2025-01-01,10428.0,2,UDOW/5m/UDOW_5m_2024-01-02_2025-01-01_MANIFEST.json
UDOW,5m,5m,,,alpaca-iex,2025-01-02,2026-01-01,15224.0,2,UDOW/5m/UDOW_5m_2025-01-02_2026-01-01_MANIFEST.json
UDOW,5m,5m,,,alpaca-iex,2026-01-02,2026-07-25,8733.0,1,UDOW/5m/UDOW_5m_2026-01-02_2026-07-25_MANIFEST.json
XBI,5m,5m,rth,09:25-16:05,alpaca-sip,2020-01-02,2021-01-01,20142.0,3,XBI/5m/XBI_5m_2020-01-02_2021-01-01_MANIFEST.json
XBI,5m,5m,rth,09:25-16:05,alpaca-sip,2021-01-04,2022-01-01,20109.0,3,XBI/5m/XBI_5m_2021-01-04_2022-01-01_MANIFEST.json
XBI,5m,5m,rth,09:25-16:05,alpaca-sip,2022-01-03,2022-12-31,20042.0,3,XBI/5m/XBI_5m_2022-01-03_2022-12-31_MANIFEST.json
XBI,5m,5m,rth,09:25-16:05,alpaca-sip,2023-01-03,2023-12-30,19917.0,2,XBI/5m/XBI_5m_2023-01-03_2023-12-30_MANIFEST.json
XBI,5m,5m,rth,09:25-16:05,alpaca-sip,2024-01-02,2025-01-01,20049.0,3,XBI/5m/XBI_5m_2024-01-02_2025-01-01_MANIFEST.json
XBI,5m,5m,rth,09:25-16:05,alpaca-sip,2025-01-02,2026-01-01,19923.0,2,XBI/5m/XBI_5m_2025-01-02_2026-01-01_MANIFEST.json
XBI,5m,5m,rth,09:25-16:05,alpaca-sip,2026-01-02,2026-09-01,13266.0,2,XBI/5m/XBI_5m_2026-01-02_2026-09-01_MANIFEST.json
XBI,5m_afterhours,5m_afterhours,afterhours,16:05-20:00,alpaca-sip,2020-01-02,2021-01-01,2537.0,1,XBI/5m_afterhours/XBI_5m_afterhours_2020-01-02_2021-01-01_MANIFEST.json
XBI,5m_afterhours,5m_afterhours,afterhours,16:05-20:00,alpaca-sip,2021-01-04,2022-01-01,3140.0,1,XBI/5m_afterhours/XBI_5m_afterhours_2021-01-04_2022-01-01_MANIFEST.json
XBI,5m_afterhours,5m_afterhours,afterhours,16:05-20:00,alpaca-sip,2022-01-03,2022-12-31,5129.0,1,XBI/5m_afterhours/XBI_5m_afterhours_2022-01-03_2022-12-31_MANIFEST.json
XBI,5m_afterhours,5m_afterhours,afterhours,16:05-20:00,alpaca-sip,2023-01-03,2023-12-30,3599.0,1,XBI/5m_afterhours/XBI_5m_afterhours_2023-01-03_2023-12-30_MANIFEST.json
XBI,5m_afterhours,5m_afterhours,afterhours,16:05-20:00,alpaca-sip,2024-01-02,2025-01-01,4212.0,1,XBI/5m_afterhours/XBI_5m_afterhours_2024-01-02_2025-01-01_MANIFEST.json
XBI,5m_afterhours,5m_afterhours,afterhours,16:05-20:00,alpaca-sip,2025-01-02,2026-01-01,3810.0,1,XBI/5m_afterhours/XBI_5m_afterhours_2025-01-02_2026-01-01_MANIFEST.json
XBI,5m_afterhours,5m_afterhours,afterhours,16:05-20:00,alpaca-sip,2026-01-02,2026-09-01,2757.0,1,XBI/5m_afterhours/XBI_5m_afterhours_2026-01-02_2026-09-01_MANIFEST.json
XBI,5m_premarket,5m_premarket,premarket,04:00-09:30,alpaca-sip,2020-01-02,2021-01-01,2473.0,1,XBI/5m_premarket/XBI_5m_premarket_2020-01-02_2021-01-01_MANIFEST.json
XBI,5m_premarket,5m_premarket,premarket,04:00-09:30,alpaca-sip,2021-01-04,2022-01-01,3219.0,1,XBI/5m_premarket/XBI_5m_premarket_2021-01-04_2022-01-01_MANIFEST.json
XBI,5m_premarket,5m_premarket,premarket,04:00-09:30,alpaca-sip,2022-01-03,2022-12-31,6684.0,1,XBI/5m_premarket/XBI_5m_premarket_2022-01-03_2022-12-31_MANIFEST.json
XBI,5m_premarket,5m_premarket,premarket,04:00-09:30,alpaca-sip,2023-01-03,2023-12-30,4122.0,1,XBI/5m_premarket/XBI_5m_premarket_2023-01-03_2023-12-30_MANIFEST.json
XBI,5m_premarket,5m_premarket,premarket,04:00-09:30,alpaca-sip,2024-01-02,2025-01-01,4740.0,1,XBI/5m_premarket/XBI_5m_premarket_2024-01-02_2025-01-01_MANIFEST.json
XBI,5m_premarket,5m_premarket,premarket,04:00-09:30,alpaca-sip,2025-01-02,2026-01-01,4895.0,1,XBI/5m_premarket/XBI_5m_premarket_2025-01-02_2026-01-01_MANIFEST.json
XBI,5m_premarket,5m_premarket,premarket,04:00-09:30,alpaca-sip,2026-01-02,2026-09-01,3557.0,1,XBI/5m_premarket/XBI_5m_premarket_2026-01-02_2026-09-01_MANIFEST.json
XLK,15m,15m,rth,09:25-16:05,alpaca-sip,2016-01-04,2016-12-31,6793.0,1,XLK/15m/XLK_15m_2016-01-04_2016-12-31_MANIFEST.json
XLK,15m,15m,rth,09:25-16:05,alpaca-sip,2017-01-03,2017-12-30,6759.0,1,XLK/15m/XLK_15m_2017-01-03_2017-12-30_MANIFEST.json
XLK,15m,15m,rth,09:25-16:05,alpaca-sip,2018-01-02,2019-01-01,6753.0,1,XLK/15m/XLK_15m_2018-01-02_2019-01-01_MANIFEST.json
XLK,15m,15m,rth,09:25-16:05,alpaca-sip,2019-01-02,2020-01-01,6773.0,1,XLK/15m/XLK_15m_2019-01-02_2020-01-01_MANIFEST.json
XLK,15m,15m,rth,09:25-16:05,alpaca-sip,2020-01-02,2021-01-01,6813.0,1,XLK/15m/XLK_15m_2020-01-02_2021-01-01_MANIFEST.json
XLK,15m,15m,rth,09:25-16:05,alpaca-sip,2021-01-04,2022-01-01,6801.0,1,XLK/15m/XLK_15m_2021-01-04_2022-01-01_MANIFEST.json
XLK,15m,15m,rth,09:25-16:05,alpaca-sip,2022-01-03,2022-12-31,6768.0,1,XLK/15m/XLK_15m_2022-01-03_2022-12-31_MANIFEST.json
XLK,15m,15m,rth,09:25-16:05,alpaca-sip,2023-01-03,2023-12-30,6736.0,1,XLK/15m/XLK_15m_2023-01-03_2023-12-30_MANIFEST.json
XLK,15m,15m,rth,09:25-16:05,alpaca-sip,2024-01-02,2025-01-01,6784.0,1,XLK/15m/XLK_15m_2024-01-02_2025-01-01_MANIFEST.json
XLK,15m,15m,rth,09:25-16:05,alpaca-sip,2025-01-02,2026-01-01,6743.0,1,XLK/15m/XLK_15m_2025-01-02_2026-01-01_MANIFEST.json
XLK,15m,15m,rth,09:25-16:05,alpaca-sip,2026-01-02,2026-09-03,4536.0,1,XLK/15m/XLK_15m_2026-01-02_2026-09-03_MANIFEST.json
XLK,15m_afterhours,15m_afterhours,afterhours,16:05-20:00,alpaca-sip,2016-01-04,2016-12-31,367.0,1,XLK/15m_afterhours/XLK_15m_afterhours_2016-01-04_2016-12-31_MANIFEST.json
XLK,15m_afterhours,15m_afterhours,afterhours,16:05-20:00,alpaca-sip,2017-01-03,2017-12-30,560.0,1,XLK/15m_afterhours/XLK_15m_afterhours_2017-01-03_2017-12-30_MANIFEST.json
XLK,15m_afterhours,15m_afterhours,afterhours,16:05-20:00,alpaca-sip,2018-01-02,2019-01-01,858.0,1,XLK/15m_afterhours/XLK_15m_afterhours_2018-01-02_2019-01-01_MANIFEST.json
XLK,15m_afterhours,15m_afterhours,afterhours,16:05-20:00,alpaca-sip,2019-01-02,2020-01-01,796.0,1,XLK/15m_afterhours/XLK_15m_afterhours_2019-01-02_2020-01-01_MANIFEST.json
XLK,15m_afterhours,15m_afterhours,afterhours,16:05-20:00,alpaca-sip,2020-01-02,2021-01-01,1756.0,1,XLK/15m_afterhours/XLK_15m_afterhours_2020-01-02_2021-01-01_MANIFEST.json
XLK,15m_afterhours,15m_afterhours,afterhours,16:05-20:00,alpaca-sip,2021-01-04,2022-01-01,1288.0,1,XLK/15m_afterhours/XLK_15m_afterhours_2021-01-04_2022-01-01_MANIFEST.json
XLK,15m_afterhours,15m_afterhours,afterhours,16:05-20:00,alpaca-sip,2022-01-03,2022-12-31,1540.0,1,XLK/15m_afterhours/XLK_15m_afterhours_2022-01-03_2022-12-31_MANIFEST.json
XLK,15m_afterhours,15m_afterhours,afterhours,16:05-20:00,alpaca-sip,2023-01-03,2023-12-30,1401.0,1,XLK/15m_afterhours/XLK_15m_afterhours_2023-01-03_2023-12-30_MANIFEST.json
XLK,15m_afterhours,15m_afterhours,afterhours,16:05-20:00,alpaca-sip,2024-01-02,2025-01-01,1715.0,1,XLK/15m_afterhours/XLK_15m_afterhours_2024-01-02_2025-01-01_MANIFEST.json
XLK,15m_afterhours,15m_afterhours,afterhours,16:05-20:00,alpaca-sip,2025-01-02,2026-01-01,1934.0,1,XLK/15m_afterhours/XLK_15m_afterhours_2025-01-02_2026-01-01_MANIFEST.json
XLK,15m_afterhours,15m_afterhours,afterhours,16:05-20:00,alpaca-sip,2026-01-02,2026-09-03,2004.0,1,XLK/15m_afterhours/XLK_15m_afterhours_2026-01-02_2026-09-03_MANIFEST.json
XLK,15m_premarket,15m_premarket,premarket,04:00-09:30,alpaca-sip,2016-01-04,2016-12-30,474.0,1,XLK/15m_premarket/XLK_15m_premarket_2016-01-04_2016-12-30_MANIFEST.json
XLK,15m_premarket,15m_premarket,premarket,04:00-09:30,alpaca-sip,2017-01-03,2017-12-30,570.0,1,XLK/15m_premarket/XLK_15m_premarket_2017-01-03_2017-12-30_MANIFEST.json
XLK,15m_premarket,15m_premarket,premarket,04:00-09:30,alpaca-sip,2018-01-02,2019-01-01,1079.0,1,XLK/15m_premarket/XLK_15m_premarket_2018-01-02_2019-01-01_MANIFEST.json
XLK,15m_premarket,15m_premarket,premarket,04:00-09:30,alpaca-sip,2019-01-02,2020-01-01,1250.0,1,XLK/15m_premarket/XLK_15m_premarket_2019-01-02_2020-01-01_MANIFEST.json
XLK,15m_premarket,15m_premarket,premarket,04:00-09:30,alpaca-sip,2020-01-02,2021-01-01,2946.0,1,XLK/15m_premarket/XLK_15m_premarket_2020-01-02_2021-01-01_MANIFEST.json
XLK,15m_premarket,15m_premarket,premarket,04:00-09:30,alpaca-sip,2021-01-04,2022-01-01,2795.0,1,XLK/15m_premarket/XLK_15m_premarket_2021-01-04_2022-01-01_MANIFEST.json
XLK,15m_premarket,15m_premarket,premarket,04:00-09:30,alpaca-sip,2022-01-03,2022-12-31,3235.0,1,XLK/15m_premarket/XLK_15m_premarket_2022-01-03_2022-12-31_MANIFEST.json
XLK,15m_premarket,15m_premarket,premarket,04:00-09:30,alpaca-sip,2023-01-03,2023-12-30,2935.0,1,XLK/15m_premarket/XLK_15m_premarket_2023-01-03_2023-12-30_MANIFEST.json
XLK,15m_premarket,15m_premarket,premarket,04:00-09:30,alpaca-sip,2024-01-02,2025-01-01,3013.0,1,XLK/15m_premarket/XLK_15m_premarket_2024-01-02_2025-01-01_MANIFEST.json
XLK,15m_premarket,15m_premarket,premarket,04:00-09:30,alpaca-sip,2025-01-02,2026-01-01,3720.0,1,XLK/15m_premarket/XLK_15m_premarket_2025-01-02_2026-01-01_MANIFEST.json
XLK,15m_premarket,15m_premarket,premarket,04:00-09:30,alpaca-sip,2026-01-02,2026-09-04,3292.0,1,XLK/15m_premarket/XLK_15m_premarket_2026-01-02_2026-09-04_MANIFEST.json
XLK,1m,1m,rth,09:25-16:05,alpaca-sip,2016-01-04,2016-12-31,98638.0,10,XLK/1m/XLK_1m_2016-01-04_2016-12-31_MANIFEST.json
XLK,1m,1m,rth,09:25-16:05,alpaca-sip,2017-01-03,2017-12-30,98092.0,10,XLK/1m/XLK_1m_2017-01-03_2017-12-30_MANIFEST.json
XLK,1m,1m,rth,09:25-16:05,alpaca-sip,2018-01-02,2019-01-01,98171.0,10,XLK/1m/XLK_1m_2018-01-02_2019-01-01_MANIFEST.json
XLK,1m,1m,rth,09:25-16:05,alpaca-sip,2019-01-02,2020-01-01,98468.0,10,XLK/1m/XLK_1m_2019-01-02_2020-01-01_MANIFEST.json
XLK,1m,1m,rth,09:25-16:05,alpaca-sip,2020-01-02,2021-01-01,99465.0,10,XLK/1m/XLK_1m_2020-01-02_2021-01-01_MANIFEST.json
XLK,1m,1m,rth,09:25-16:05,alpaca-sip,2021-01-04,2022-01-01,99081.0,10,XLK/1m/XLK_1m_2021-01-04_2022-01-01_MANIFEST.json
XLK,1m,1m,rth,09:25-16:05,alpaca-sip,2022-01-03,2022-12-31,98764.0,10,XLK/1m/XLK_1m_2022-01-03_2022-12-31_MANIFEST.json
XLK,1m,1m,rth,09:25-16:05,alpaca-sip,2023-01-03,2023-12-30,98145.0,10,XLK/1m/XLK_1m_2023-01-03_2023-12-30_MANIFEST.json
XLK,1m,1m,rth,09:25-16:05,alpaca-sip,2024-01-02,2025-01-01,98964.0,10,XLK/1m/XLK_1m_2024-01-02_2025-01-01_MANIFEST.json
XLK,1m,1m,rth,09:25-16:05,alpaca-sip,2025-01-02,2026-01-01,98357.0,10,XLK/1m/XLK_1m_2025-01-02_2026-01-01_MANIFEST.json
XLK,1m,1m,rth,09:25-16:05,alpaca-sip,2026-01-02,2026-09-04,66738.0,7,XLK/1m/XLK_1m_2026-01-02_2026-09-04_MANIFEST.json
XLK,1m_afterhours,1m_afterhours,afterhours,16:05-20:00,alpaca-sip,2016-01-04,2016-12-31,815.0,1,XLK/1m_afterhours/XLK_1m_afterhours_2016-01-04_2016-12-31_MANIFEST.json
XLK,1m_afterhours,1m_afterhours,afterhours,16:05-20:00,alpaca-sip,2017-01-03,2017-12-30,1206.0,1,XLK/1m_afterhours/XLK_1m_afterhours_2017-01-03_2017-12-30_MANIFEST.json
XLK,1m_afterhours,1m_afterhours,afterhours,16:05-20:00,alpaca-sip,2018-01-02,2019-01-01,1799.0,1,XLK/1m_afterhours/XLK_1m_afterhours_2018-01-02_2019-01-01_MANIFEST.json
XLK,1m_afterhours,1m_afterhours,afterhours,16:05-20:00,alpaca-sip,2019-01-02,2020-01-01,1500.0,1,XLK/1m_afterhours/XLK_1m_afterhours_2019-01-02_2020-01-01_MANIFEST.json
XLK,1m_afterhours,1m_afterhours,afterhours,16:05-20:00,alpaca-sip,2020-01-02,2021-01-01,4778.0,1,XLK/1m_afterhours/XLK_1m_afterhours_2020-01-02_2021-01-01_MANIFEST.json
XLK,1m_afterhours,1m_afterhours,afterhours,16:05-20:00,alpaca-sip,2021-01-04,2022-01-01,3009.0,1,XLK/1m_afterhours/XLK_1m_afterhours_2021-01-04_2022-01-01_MANIFEST.json
XLK,1m_afterhours,1m_afterhours,afterhours,16:05-20:00,alpaca-sip,2022-01-03,2022-12-31,3981.0,1,XLK/1m_afterhours/XLK_1m_afterhours_2022-01-03_2022-12-31_MANIFEST.json
XLK,1m_afterhours,1m_afterhours,afterhours,16:05-20:00,alpaca-sip,2023-01-03,2023-12-30,3350.0,1,XLK/1m_afterhours/XLK_1m_afterhours_2023-01-03_2023-12-30_MANIFEST.json
XLK,1m_afterhours,1m_afterhours,afterhours,16:05-20:00,alpaca-sip,2024-01-02,2025-01-01,4275.0,1,XLK/1m_afterhours/XLK_1m_afterhours_2024-01-02_2025-01-01_MANIFEST.json
XLK,1m_afterhours,1m_afterhours,afterhours,16:05-20:00,alpaca-sip,2025-01-02,2026-01-01,4780.0,1,XLK/1m_afterhours/XLK_1m_afterhours_2025-01-02_2026-01-01_MANIFEST.json
XLK,1m_afterhours,1m_afterhours,afterhours,16:05-20:00,alpaca-sip,2026-01-02,2026-09-03,6740.0,1,XLK/1m_afterhours/XLK_1m_afterhours_2026-01-02_2026-09-03_MANIFEST.json
XLK,1m_premarket,1m_premarket,premarket,04:00-09:30,alpaca-sip,2016-01-04,2016-12-30,679.0,1,XLK/1m_premarket/XLK_1m_premarket_2016-01-04_2016-12-30_MANIFEST.json
XLK,1m_premarket,1m_premarket,premarket,04:00-09:30,alpaca-sip,2017-01-03,2017-12-30,865.0,1,XLK/1m_premarket/XLK_1m_premarket_2017-01-03_2017-12-30_MANIFEST.json
XLK,1m_premarket,1m_premarket,premarket,04:00-09:30,alpaca-sip,2018-01-02,2019-01-01,2022.0,1,XLK/1m_premarket/XLK_1m_premarket_2018-01-02_2019-01-01_MANIFEST.json
XLK,1m_premarket,1m_premarket,premarket,04:00-09:30,alpaca-sip,2019-01-02,2020-01-01,2152.0,1,XLK/1m_premarket/XLK_1m_premarket_2019-01-02_2020-01-01_MANIFEST.json
XLK,1m_premarket,1m_premarket,premarket,04:00-09:30,alpaca-sip,2020-01-02,2021-01-01,8890.0,1,XLK/1m_premarket/XLK_1m_premarket_2020-01-02_2021-01-01_MANIFEST.json
XLK,1m_premarket,1m_premarket,premarket,04:00-09:30,alpaca-sip,2021-01-04,2022-01-01,8353.0,1,XLK/1m_premarket/XLK_1m_premarket_2021-01-04_2022-01-01_MANIFEST.json
XLK,1m_premarket,1m_premarket,premarket,04:00-09:30,alpaca-sip,2022-01-03,2022-12-31,10409.0,2,XLK/1m_premarket/XLK_1m_premarket_2022-01-03_2022-12-31_MANIFEST.json
XLK,1m_premarket,1m_premarket,premarket,04:00-09:30,alpaca-sip,2023-01-03,2023-12-30,8788.0,1,XLK/1m_premarket/XLK_1m_premarket_2023-01-03_2023-12-30_MANIFEST.json
XLK,1m_premarket,1m_premarket,premarket,04:00-09:30,alpaca-sip,2024-01-02,2025-01-01,8892.0,1,XLK/1m_premarket/XLK_1m_premarket_2024-01-02_2025-01-01_MANIFEST.json
XLK,1m_premarket,1m_premarket,premarket,04:00-09:30,alpaca-sip,2025-01-02,2026-01-01,12437.0,2,XLK/1m_premarket/XLK_1m_premarket_2025-01-02_2026-01-01_MANIFEST.json
XLK,1m_premarket,1m_premarket,premarket,04:00-09:30,alpaca-sip,2026-01-02,2026-09-04,16540.0,2,XLK/1m_premarket/XLK_1m_premarket_2026-01-02_2026-09-04_MANIFEST.json
XLK,30m,30m,rth,09:25-16:05,alpaca-sip,2016-01-04,2016-12-31,3523.0,1,XLK/30m/XLK_30m_2016-01-04_2016-12-31_MANIFEST.json
XLK,30m,30m,rth,09:25-16:05,alpaca-sip,2017-01-03,2017-12-30,3507.0,1,XLK/30m/XLK_30m_2017-01-03_2017-12-30_MANIFEST.json
XLK,30m,30m,rth,09:25-16:05,alpaca-sip,2018-01-02,2019-01-01,3503.0,1,XLK/30m/XLK_30m_2018-01-02_2019-01-01_MANIFEST.json
XLK,30m,30m,rth,09:25-16:05,alpaca-sip,2019-01-02,2020-01-01,3514.0,1,XLK/30m/XLK_30m_2019-01-02_2020-01-01_MANIFEST.json
XLK,30m,30m,rth,09:25-16:05,alpaca-sip,2020-01-02,2021-01-01,3534.0,1,XLK/30m/XLK_30m_2020-01-02_2021-01-01_MANIFEST.json
XLK,30m,30m,rth,09:25-16:05,alpaca-sip,2021-01-04,2022-01-01,3527.0,1,XLK/30m/XLK_30m_2021-01-04_2022-01-01_MANIFEST.json
XLK,30m,30m,rth,09:25-16:05,alpaca-sip,2022-01-03,2022-12-31,3509.0,1,XLK/30m/XLK_30m_2022-01-03_2022-12-31_MANIFEST.json
XLK,30m,30m,rth,09:25-16:05,alpaca-sip,2023-01-03,2023-12-30,3495.0,1,XLK/30m/XLK_30m_2023-01-03_2023-12-30_MANIFEST.json
XLK,30m,30m,rth,09:25-16:05,alpaca-sip,2024-01-02,2025-01-01,3522.0,1,XLK/30m/XLK_30m_2024-01-02_2025-01-01_MANIFEST.json
XLK,30m,30m,rth,09:25-16:05,alpaca-sip,2025-01-02,2026-01-01,3499.0,1,XLK/30m/XLK_30m_2025-01-02_2026-01-01_MANIFEST.json
XLK,30m,30m,rth,09:25-16:05,alpaca-sip,2026-01-02,2026-09-03,2352.0,1,XLK/30m/XLK_30m_2026-01-02_2026-09-03_MANIFEST.json
XLK,30m_afterhours,30m_afterhours,afterhours,16:05-20:00,alpaca-sip,2016-01-04,2016-12-30,246.0,1,XLK/30m_afterhours/XLK_30m_afterhours_2016-01-04_2016-12-30_MANIFEST.json
XLK,30m_afterhours,30m_afterhours,afterhours,16:05-20:00,alpaca-sip,2017-01-03,2017-12-30,374.0,1,XLK/30m_afterhours/XLK_30m_afterhours_2017-01-03_2017-12-30_MANIFEST.json
XLK,30m_afterhours,30m_afterhours,afterhours,16:05-20:00,alpaca-sip,2018-01-02,2018-12-29,593.0,1,XLK/30m_afterhours/XLK_30m_afterhours_2018-01-02_2018-12-29_MANIFEST.json
XLK,30m_afterhours,30m_afterhours,afterhours,16:05-20:00,alpaca-sip,2019-01-02,2020-01-01,550.0,1,XLK/30m_afterhours/XLK_30m_afterhours_2019-01-02_2020-01-01_MANIFEST.json
XLK,30m_afterhours,30m_afterhours,afterhours,16:05-20:00,alpaca-sip,2020-01-02,2021-01-01,1059.0,1,XLK/30m_afterhours/XLK_30m_afterhours_2020-01-02_2021-01-01_MANIFEST.json
XLK,30m_afterhours,30m_afterhours,afterhours,16:05-20:00,alpaca-sip,2021-01-04,2022-01-01,856.0,1,XLK/30m_afterhours/XLK_30m_afterhours_2021-01-04_2022-01-01_MANIFEST.json
XLK,30m_afterhours,30m_afterhours,afterhours,16:05-20:00,alpaca-sip,2022-01-03,2022-12-31,962.0,1,XLK/30m_afterhours/XLK_30m_afterhours_2022-01-03_2022-12-31_MANIFEST.json
XLK,30m_afterhours,30m_afterhours,afterhours,16:05-20:00,alpaca-sip,2023-01-03,2023-12-30,910.0,1,XLK/30m_afterhours/XLK_30m_afterhours_2023-01-03_2023-12-30_MANIFEST.json
XLK,30m_afterhours,30m_afterhours,afterhours,16:05-20:00,alpaca-sip,2024-01-02,2025-01-01,1084.0,1,XLK/30m_afterhours/XLK_30m_afterhours_2024-01-02_2025-01-01_MANIFEST.json
XLK,30m_afterhours,30m_afterhours,afterhours,16:05-20:00,alpaca-sip,2025-01-02,2026-01-01,1202.0,1,XLK/30m_afterhours/XLK_30m_afterhours_2025-01-02_2026-01-01_MANIFEST.json
XLK,30m_afterhours,30m_afterhours,afterhours,16:05-20:00,alpaca-sip,2026-01-02,2026-09-03,1088.0,1,XLK/30m_afterhours/XLK_30m_afterhours_2026-01-02_2026-09-03_MANIFEST.json
XLK,30m_premarket,30m_premarket,premarket,04:00-09:30,alpaca-sip,2016-01-04,2016-12-30,384.0,1,XLK/30m_premarket/XLK_30m_premarket_2016-01-04_2016-12-30_MANIFEST.json
XLK,30m_premarket,30m_premarket,premarket,04:00-09:30,alpaca-sip,2017-01-03,2017-12-30,467.0,1,XLK/30m_premarket/XLK_30m_premarket_2017-01-03_2017-12-30_MANIFEST.json
XLK,30m_premarket,30m_premarket,premarket,04:00-09:30,alpaca-sip,2018-01-02,2019-01-01,795.0,1,XLK/30m_premarket/XLK_30m_premarket_2018-01-02_2019-01-01_MANIFEST.json
XLK,30m_premarket,30m_premarket,premarket,04:00-09:30,alpaca-sip,2019-01-02,2020-01-01,928.0,1,XLK/30m_premarket/XLK_30m_premarket_2019-01-02_2020-01-01_MANIFEST.json
XLK,30m_premarket,30m_premarket,premarket,04:00-09:30,alpaca-sip,2020-01-02,2021-01-01,1819.0,1,XLK/30m_premarket/XLK_30m_premarket_2020-01-02_2021-01-01_MANIFEST.json
XLK,30m_premarket,30m_premarket,premarket,04:00-09:30,alpaca-sip,2021-01-04,2022-01-01,1716.0,1,XLK/30m_premarket/XLK_30m_premarket_2021-01-04_2022-01-01_MANIFEST.json
XLK,30m_premarket,30m_premarket,premarket,04:00-09:30,alpaca-sip,2022-01-03,2022-12-31,1985.0,1,XLK/30m_premarket/XLK_30m_premarket_2022-01-03_2022-12-31_MANIFEST.json
XLK,30m_premarket,30m_premarket,premarket,04:00-09:30,alpaca-sip,2023-01-03,2023-12-30,1845.0,1,XLK/30m_premarket/XLK_30m_premarket_2023-01-03_2023-12-30_MANIFEST.json
XLK,30m_premarket,30m_premarket,premarket,04:00-09:30,alpaca-sip,2024-01-02,2025-01-01,1898.0,1,XLK/30m_premarket/XLK_30m_premarket_2024-01-02_2025-01-01_MANIFEST.json
XLK,30m_premarket,30m_premarket,premarket,04:00-09:30,alpaca-sip,2025-01-02,2026-01-01,2260.0,1,XLK/30m_premarket/XLK_30m_premarket_2025-01-02_2026-01-01_MANIFEST.json
XLK,30m_premarket,30m_premarket,premarket,04:00-09:30,alpaca-sip,2026-01-02,2026-09-04,1781.0,1,XLK/30m_premarket/XLK_30m_premarket_2026-01-02_2026-09-04_MANIFEST.json
XLK,5m,5m,rth,09:25-16:05,alpaca-sip,2016-01-04,2016-12-31,19954.0,2,XLK/5m/XLK_5m_2016-01-04_2016-12-31_MANIFEST.json
XLK,5m,5m,rth,09:25-16:05,alpaca-sip,2017-01-03,2017-12-30,19859.0,2,XLK/5m/XLK_5m_2017-01-03_2017-12-30_MANIFEST.json
XLK,5m,5m,rth,09:25-16:05,alpaca-sip,2018-01-02,2019-01-01,19855.0,2,XLK/5m/XLK_5m_2018-01-02_2019-01-01_MANIFEST.json
XLK,5m,5m,rth,09:25-16:05,alpaca-sip,2019-01-02,2020-01-01,19943.0,2,XLK/5m/XLK_5m_2019-01-02_2020-01-01_MANIFEST.json
XLK,5m,5m,rth,09:25-16:05,alpaca-sip,2020-01-02,2021-01-01,20148.0,3,XLK/5m/XLK_5m_2020-01-02_2021-01-01_MANIFEST.json
XLK,5m,5m,rth,09:25-16:05,alpaca-sip,2021-01-04,2022-01-01,20086.0,3,XLK/5m/XLK_5m_2021-01-04_2022-01-01_MANIFEST.json
XLK,5m,5m,rth,09:25-16:05,alpaca-sip,2022-01-03,2022-12-31,20020.0,3,XLK/5m/XLK_5m_2022-01-03_2022-12-31_MANIFEST.json
XLK,5m,5m,rth,09:25-16:05,alpaca-sip,2023-01-03,2023-12-30,19893.0,2,XLK/5m/XLK_5m_2023-01-03_2023-12-30_MANIFEST.json
XLK,5m,5m,rth,09:25-16:05,alpaca-sip,2024-01-02,2025-01-01,20053.0,3,XLK/5m/XLK_5m_2024-01-02_2025-01-01_MANIFEST.json
XLK,5m,5m,rth,09:25-16:05,alpaca-sip,2025-01-02,2026-01-01,19925.0,2,XLK/5m/XLK_5m_2025-01-02_2026-01-01_MANIFEST.json
XLK,5m,5m,rth,09:25-16:05,alpaca-sip,2026-01-02,2026-09-04,13440.0,2,XLK/5m/XLK_5m_2026-01-02_2026-09-04_MANIFEST.json
XLK,5m_afterhours,5m_afterhours,afterhours,16:05-20:00,alpaca-sip,2016-01-04,2016-12-31,633.0,1,XLK/5m_afterhours/XLK_5m_afterhours_2016-01-04_2016-12-31_MANIFEST.json
XLK,5m_afterhours,5m_afterhours,afterhours,16:05-20:00,alpaca-sip,2017-01-03,2017-12-30,931.0,1,XLK/5m_afterhours/XLK_5m_afterhours_2017-01-03_2017-12-30_MANIFEST.json
XLK,5m_afterhours,5m_afterhours,afterhours,16:05-20:00,alpaca-sip,2018-01-02,2019-01-01,1362.0,1,XLK/5m_afterhours/XLK_5m_afterhours_2018-01-02_2019-01-01_MANIFEST.json
XLK,5m_afterhours,5m_afterhours,afterhours,16:05-20:00,alpaca-sip,2019-01-02,2020-01-01,1188.0,1,XLK/5m_afterhours/XLK_5m_afterhours_2019-01-02_2020-01-01_MANIFEST.json
XLK,5m_afterhours,5m_afterhours,afterhours,16:05-20:00,alpaca-sip,2020-01-02,2021-01-01,3113.0,1,XLK/5m_afterhours/XLK_5m_afterhours_2020-01-02_2021-01-01_MANIFEST.json
XLK,5m_afterhours,5m_afterhours,afterhours,16:05-20:00,alpaca-sip,2021-01-04,2022-01-01,2110.0,1,XLK/5m_afterhours/XLK_5m_afterhours_2021-01-04_2022-01-01_MANIFEST.json
XLK,5m_afterhours,5m_afterhours,afterhours,16:05-20:00,alpaca-sip,2022-01-03,2022-12-31,2651.0,1,XLK/5m_afterhours/XLK_5m_afterhours_2022-01-03_2022-12-31_MANIFEST.json
XLK,5m_afterhours,5m_afterhours,afterhours,16:05-20:00,alpaca-sip,2023-01-03,2023-12-30,2321.0,1,XLK/5m_afterhours/XLK_5m_afterhours_2023-01-03_2023-12-30_MANIFEST.json
XLK,5m_afterhours,5m_afterhours,afterhours,16:05-20:00,alpaca-sip,2024-01-02,2025-01-01,2905.0,1,XLK/5m_afterhours/XLK_5m_afterhours_2024-01-02_2025-01-01_MANIFEST.json
XLK,5m_afterhours,5m_afterhours,afterhours,16:05-20:00,alpaca-sip,2025-01-02,2026-01-01,3276.0,1,XLK/5m_afterhours/XLK_5m_afterhours_2025-01-02_2026-01-01_MANIFEST.json
XLK,5m_afterhours,5m_afterhours,afterhours,16:05-20:00,alpaca-sip,2026-01-02,2026-09-03,3972.0,1,XLK/5m_afterhours/XLK_5m_afterhours_2026-01-02_2026-09-03_MANIFEST.json
XLK,5m_premarket,5m_premarket,premarket,04:00-09:30,alpaca-sip,2016-01-04,2016-12-30,576.0,1,XLK/5m_premarket/XLK_5m_premarket_2016-01-04_2016-12-30_MANIFEST.json
XLK,5m_premarket,5m_premarket,premarket,04:00-09:30,alpaca-sip,2017-01-03,2017-12-30,717.0,1,XLK/5m_premarket/XLK_5m_premarket_2017-01-03_2017-12-30_MANIFEST.json
XLK,5m_premarket,5m_premarket,premarket,04:00-09:30,alpaca-sip,2018-01-02,2019-01-01,1531.0,1,XLK/5m_premarket/XLK_5m_premarket_2018-01-02_2019-01-01_MANIFEST.json
XLK,5m_premarket,5m_premarket,premarket,04:00-09:30,alpaca-sip,2019-01-02,2020-01-01,1703.0,1,XLK/5m_premarket/XLK_5m_premarket_2019-01-02_2020-01-01_MANIFEST.json
XLK,5m_premarket,5m_premarket,premarket,04:00-09:30,alpaca-sip,2020-01-02,2021-01-01,5297.0,1,XLK/5m_premarket/XLK_5m_premarket_2020-01-02_2021-01-01_MANIFEST.json
XLK,5m_premarket,5m_premarket,premarket,04:00-09:30,alpaca-sip,2021-01-04,2022-01-01,5069.0,1,XLK/5m_premarket/XLK_5m_premarket_2021-01-04_2022-01-01_MANIFEST.json
XLK,5m_premarket,5m_premarket,premarket,04:00-09:30,alpaca-sip,2022-01-03,2022-12-31,6056.0,1,XLK/5m_premarket/XLK_5m_premarket_2022-01-03_2022-12-31_MANIFEST.json
XLK,5m_premarket,5m_premarket,premarket,04:00-09:30,alpaca-sip,2023-01-03,2023-12-30,5210.0,1,XLK/5m_premarket/XLK_5m_premarket_2023-01-03_2023-12-30_MANIFEST.json
XLK,5m_premarket,5m_premarket,premarket,04:00-09:30,alpaca-sip,2024-01-02,2025-01-01,5339.0,1,XLK/5m_premarket/XLK_5m_premarket_2024-01-02_2025-01-01_MANIFEST.json
XLK,5m_premarket,5m_premarket,premarket,04:00-09:30,alpaca-sip,2025-01-02,2026-01-01,7001.0,1,XLK/5m_premarket/XLK_5m_premarket_2025-01-02_2026-01-01_MANIFEST.json
XLK,5m_premarket,5m_premarket,premarket,04:00-09:30,alpaca-sip,2026-01-02,2026-09-04,7442.0,1,XLK/5m_premarket/XLK_5m_premarket_2026-01-02_2026-09-04_MANIFEST.json
metals,AG,5m,rth,09:25-16:05,alpaca-sip,2022-01-03,2022-12-31,19890.0,2,metals/AG/5m/AG_5m_2022-01-03_2022-12-31_MANIFEST.json
metals,AG,5m_premarket,premarket,04:00-09:30,alpaca-sip,2022-01-03,2022-12-31,6146.0,1,metals/AG/5m_premarket/AG_5m_premarket_2022-01-03_2022-12-31_MANIFEST.json
metals,AG,5m,rth,09:25-16:05,alpaca-sip,2023-01-03,2023-12-30,19892.0,2,metals/AG/5m/AG_5m_2023-01-03_2023-12-30_MANIFEST.json
metals,AG,5m_premarket,premarket,04:00-09:30,alpaca-sip,2023-01-03,2023-12-30,4751.0,1,metals/AG/5m_premarket/AG_5m_premarket_2023-01-03_2023-12-30_MANIFEST.json
metals,AG,5m,rth,09:25-16:05,alpaca-sip,2024-01-02,2025-01-01,20035.0,3,metals/AG/5m/AG_5m_2024-01-02_2025-01-01_MANIFEST.json
metals,AG,5m_premarket,premarket,04:00-09:30,alpaca-sip,2024-01-02,2025-01-01,6681.0,1,metals/AG/5m_premarket/AG_5m_premarket_2024-01-02_2025-01-01_MANIFEST.json
metals,AG,5m,rth,09:25-16:05,alpaca-sip,2025-01-02,2026-01-01,19973.0,2,metals/AG/5m/AG_5m_2025-01-02_2026-01-01_MANIFEST.json
metals,AG,5m_premarket,premarket,04:00-09:30,alpaca-sip,2025-01-02,2026-01-01,10810.0,2,metals/AG/5m_premarket/AG_5m_premarket_2025-01-02_2026-01-01_MANIFEST.json
metals,AG,5m,rth,09:25-16:05,alpaca-sip,2026-01-02,2026-08-22,12800.0,2,metals/AG/5m/AG_5m_2026-01-02_2026-08-22_MANIFEST.json
metals,AG,5m_premarket,premarket,04:00-09:30,alpaca-sip,2026-01-02,2026-08-22,8402.0,1,metals/AG/5m_premarket/AG_5m_premarket_2026-01-02_2026-08-22_MANIFEST.json
metals,AGQ,5m,rth,09:25-16:05,alpaca-sip,2022-01-03,2022-12-31,19944.0,2,metals/AGQ/5m/AGQ_5m_2022-01-03_2022-12-31_MANIFEST.json
metals,AGQ,5m_premarket,premarket,04:00-09:30,alpaca-sip,2022-01-03,2022-12-31,7331.0,1,metals/AGQ/5m_premarket/AGQ_5m_premarket_2022-01-03_2022-12-31_MANIFEST.json
metals,AGQ,5m,rth,09:25-16:05,alpaca-sip,2023-01-03,2023-12-30,19708.0,2,metals/AGQ/5m/AGQ_5m_2023-01-03_2023-12-30_MANIFEST.json
metals,AGQ,5m_premarket,premarket,04:00-09:30,alpaca-sip,2023-01-03,2023-12-30,5844.0,1,metals/AGQ/5m_premarket/AGQ_5m_premarket_2023-01-03_2023-12-30_MANIFEST.json
metals,AGQ,5m,rth,09:25-16:05,alpaca-sip,2024-01-02,2025-01-01,20057.0,3,metals/AGQ/5m/AGQ_5m_2024-01-02_2025-01-01_MANIFEST.json
metals,AGQ,5m_premarket,premarket,04:00-09:30,alpaca-sip,2024-01-02,2025-01-01,9172.0,1,metals/AGQ/5m_premarket/AGQ_5m_premarket_2024-01-02_2025-01-01_MANIFEST.json
metals,AGQ,5m,rth,09:25-16:05,alpaca-sip,2025-01-02,2026-01-01,19941.0,2,metals/AGQ/5m/AGQ_5m_2025-01-02_2026-01-01_MANIFEST.json
metals,AGQ,5m_premarket,premarket,04:00-09:30,alpaca-sip,2025-01-02,2026-01-01,11825.0,2,metals/AGQ/5m_premarket/AGQ_5m_premarket_2025-01-02_2026-01-01_MANIFEST.json
metals,AGQ,5m,rth,09:25-16:05,alpaca-sip,2026-01-02,2026-08-22,12799.0,2,metals/AGQ/5m/AGQ_5m_2026-01-02_2026-08-22_MANIFEST.json
metals,AGQ,5m_premarket,premarket,04:00-09:30,alpaca-sip,2026-01-02,2026-08-22,10027.0,2,metals/AGQ/5m_premarket/AGQ_5m_premarket_2026-01-02_2026-08-22_MANIFEST.json
metals,COPX,5m,rth,09:25-16:05,alpaca-sip,2022-01-03,2022-12-31,19528.0,2,metals/COPX/5m/COPX_5m_2022-01-03_2022-12-31_MANIFEST.json
metals,COPX,5m_premarket,premarket,04:00-09:30,alpaca-sip,2022-01-03,2022-12-31,648.0,1,metals/COPX/5m_premarket/COPX_5m_premarket_2022-01-03_2022-12-31_MANIFEST.json
metals,COPX,5m,rth,09:25-16:05,alpaca-sip,2023-01-03,2023-12-30,19249.0,2,metals/COPX/5m/COPX_5m_2023-01-03_2023-12-30_MANIFEST.json
metals,COPX,5m_premarket,premarket,04:00-09:30,alpaca-sip,2023-01-03,2023-12-30,575.0,1,metals/COPX/5m_premarket/COPX_5m_premarket_2023-01-03_2023-12-30_MANIFEST.json
metals,COPX,5m,rth,09:25-16:05,alpaca-sip,2024-01-02,2025-01-01,19744.0,2,metals/COPX/5m/COPX_5m_2024-01-02_2025-01-01_MANIFEST.json
metals,COPX,5m_premarket,premarket,04:00-09:30,alpaca-sip,2024-01-02,2025-01-01,1652.0,1,metals/COPX/5m_premarket/COPX_5m_premarket_2024-01-02_2025-01-01_MANIFEST.json
metals,COPX,5m,rth,09:25-16:05,alpaca-sip,2025-01-02,2026-01-01,19760.0,2,metals/COPX/5m/COPX_5m_2025-01-02_2026-01-01_MANIFEST.json
metals,COPX,5m_premarket,premarket,04:00-09:30,alpaca-sip,2025-01-02,2026-01-01,2533.0,1,metals/COPX/5m_premarket/COPX_5m_premarket_2025-01-02_2026-01-01_MANIFEST.json
metals,COPX,5m,rth,09:25-16:05,alpaca-sip,2026-01-02,2026-08-22,12778.0,2,metals/COPX/5m/COPX_5m_2026-01-02_2026-08-22_MANIFEST.json
metals,COPX,5m_premarket,premarket,04:00-09:30,alpaca-sip,2026-01-02,2026-08-22,6139.0,1,metals/COPX/5m_premarket/COPX_5m_premarket_2026-01-02_2026-08-22_MANIFEST.json
metals,CPER,5m,rth,09:25-16:05,alpaca-sip,2022-01-03,2022-12-31,15027.0,2,metals/CPER/5m/CPER_5m_2022-01-03_2022-12-31_MANIFEST.json
metals,CPER,5m_premarket,premarket,04:00-09:30,alpaca-sip,2022-01-03,2022-12-31,650.0,1,metals/CPER/5m_premarket/CPER_5m_premarket_2022-01-03_2022-12-31_MANIFEST.json
metals,CPER,5m,rth,09:25-16:05,alpaca-sip,2023-01-03,2023-12-30,11254.0,2,metals/CPER/5m/CPER_5m_2023-01-03_2023-12-30_MANIFEST.json
metals,CPER,5m_premarket,premarket,04:00-09:30,alpaca-sip,2023-01-03,2023-12-27,373.0,1,metals/CPER/5m_premarket/CPER_5m_premarket_2023-01-03_2023-12-27_MANIFEST.json
metals,CPER,5m,rth,09:25-16:05,alpaca-sip,2024-01-02,2025-01-01,14654.0,2,metals/CPER/5m/CPER_5m_2024-01-02_2025-01-01_MANIFEST.json
metals,CPER,5m_premarket,premarket,04:00-09:30,alpaca-sip,2024-01-02,2024-12-27,886.0,1,metals/CPER/5m_premarket/CPER_5m_premarket_2024-01-02_2024-12-27_MANIFEST.json
metals,CPER,5m,rth,09:25-16:05,alpaca-sip,2025-01-02,2026-01-01,17586.0,2,metals/CPER/5m/CPER_5m_2025-01-02_2026-01-01_MANIFEST.json
metals,CPER,5m_premarket,premarket,04:00-09:30,alpaca-sip,2025-01-02,2026-01-01,2028.0,1,metals/CPER/5m_premarket/CPER_5m_premarket_2025-01-02_2026-01-01_MANIFEST.json
metals,CPER,5m,rth,09:25-16:05,alpaca-sip,2026-01-02,2026-08-22,12690.0,2,metals/CPER/5m/CPER_5m_2026-01-02_2026-08-22_MANIFEST.json
metals,CPER,5m_premarket,premarket,04:00-09:30,alpaca-sip,2026-01-02,2026-08-22,2879.0,1,metals/CPER/5m_premarket/CPER_5m_premarket_2026-01-02_2026-08-22_MANIFEST.json
metals,DBB,5m,rth,09:25-16:05,alpaca-sip,2022-01-03,2022-12-31,17199.0,2,metals/DBB/5m/DBB_5m_2022-01-03_2022-12-31_MANIFEST.json
metals,DBB,5m_premarket,premarket,04:00-09:30,alpaca-sip,2022-01-06,2022-12-31,240.0,1,metals/DBB/5m_premarket/DBB_5m_premarket_2022-01-06_2022-12-31_MANIFEST.json
metals,DBB,5m,rth,09:25-16:05,alpaca-sip,2023-01-03,2023-12-30,12017.0,2,metals/DBB/5m/DBB_5m_2023-01-03_2023-12-30_MANIFEST.json
metals,DBB,5m_premarket,premarket,04:00-09:30,alpaca-sip,2023-01-04,2023-12-29,123.0,1,metals/DBB/5m_premarket/DBB_5m_premarket_2023-01-04_2023-12-29_MANIFEST.json
metals,DBB,5m,rth,09:25-16:05,alpaca-sip,2024-01-02,2025-01-01,11821.0,2,metals/DBB/5m/DBB_5m_2024-01-02_2025-01-01_MANIFEST.json
metals,DBB,5m_premarket,premarket,04:00-09:30,alpaca-sip,2024-01-03,2025-01-01,195.0,1,metals/DBB/5m_premarket/DBB_5m_premarket_2024-01-03_2025-01-01_MANIFEST.json
metals,DBB,5m,rth,09:25-16:05,alpaca-sip,2025-01-02,2026-01-01,10862.0,2,metals/DBB/5m/DBB_5m_2025-01-02_2026-01-01_MANIFEST.json
metals,DBB,5m_premarket,premarket,04:00-09:30,alpaca-sip,2025-01-03,2026-01-01,206.0,1,metals/DBB/5m_premarket/DBB_5m_premarket_2025-01-03_2026-01-01_MANIFEST.json
metals,DBB,5m,rth,09:25-16:05,alpaca-sip,2026-01-02,2026-08-22,11598.0,2,metals/DBB/5m/DBB_5m_2026-01-02_2026-08-22_MANIFEST.json
metals,DBB,5m_premarket,premarket,04:00-09:30,alpaca-sip,2026-01-02,2026-08-21,457.0,1,metals/DBB/5m_premarket/DBB_5m_premarket_2026-01-02_2026-08-21_MANIFEST.json
metals,DGZ,5m,rth,09:25-16:05,alpaca-sip,2022-01-03,2022-12-31,572.0,1,metals/DGZ/5m/DGZ_5m_2022-01-03_2022-12-31_MANIFEST.json
metals,DGZ,5m_premarket,premarket,04:00-09:30,alpaca-sip,2022-02-17,2022-12-02,11.0,1,metals/DGZ/5m_premarket/DGZ_5m_premarket_2022-02-17_2022-12-02_MANIFEST.json
metals,DGZ,5m,rth,09:25-16:05,alpaca-sip,2023-01-03,2023-12-30,372.0,1,metals/DGZ/5m/DGZ_5m_2023-01-03_2023-12-30_MANIFEST.json
metals,DGZ,5m_premarket,premarket,04:00-09:30,alpaca-sip,2023-01-30,2023-11-10,6.0,1,metals/DGZ/5m_premarket/DGZ_5m_premarket_2023-01-30_2023-11-10_MANIFEST.json
metals,DGZ,5m,rth,09:25-16:05,alpaca-sip,2024-01-04,2025-01-01,261.0,1,metals/DGZ/5m/DGZ_5m_2024-01-04_2025-01-01_MANIFEST.json
metals,DGZ,5m_premarket,premarket,04:00-09:30,alpaca-sip,2024-04-03,2024-11-13,7.0,1,metals/DGZ/5m_premarket/DGZ_5m_premarket_2024-04-03_2024-11-13_MANIFEST.json
metals,DGZ,5m,rth,09:25-16:05,alpaca-sip,2025-01-02,2026-01-01,1361.0,1,metals/DGZ/5m/DGZ_5m_2025-01-02_2026-01-01_MANIFEST.json
metals,DGZ,5m_premarket,premarket,04:00-09:30,alpaca-sip,2025-02-04,2025-12-23,105.0,1,metals/DGZ/5m_premarket/DGZ_5m_premarket_2025-02-04_2025-12-23_MANIFEST.json
metals,DGZ,5m,rth,09:25-16:05,alpaca-sip,2026-01-02,2026-08-22,1159.0,1,metals/DGZ/5m/DGZ_5m_2026-01-02_2026-08-22_MANIFEST.json
metals,DGZ,5m_premarket,premarket,04:00-09:30,alpaca-sip,2026-01-05,2026-08-06,76.0,1,metals/DGZ/5m_premarket/DGZ_5m_premarket_2026-01-05_2026-08-06_MANIFEST.json
metals,FCX,5m,rth,09:25-16:05,alpaca-sip,2022-01-03,2022-12-31,19962.0,2,metals/FCX/5m/FCX_5m_2022-01-03_2022-12-31_MANIFEST.json
metals,FCX,5m_premarket,premarket,04:00-09:30,alpaca-sip,2022-01-03,2022-12-31,6968.0,1,metals/FCX/5m_premarket/FCX_5m_premarket_2022-01-03_2022-12-31_MANIFEST.json
metals,FCX,5m,rth,09:25-16:05,alpaca-sip,2023-01-03,2023-12-30,19916.0,2,metals/FCX/5m/FCX_5m_2023-01-03_2023-12-30_MANIFEST.json
metals,FCX,5m_premarket,premarket,04:00-09:30,alpaca-sip,2023-01-03,2023-12-30,5288.0,1,metals/FCX/5m_premarket/FCX_5m_premarket_2023-01-03_2023-12-30_MANIFEST.json
metals,FCX,5m,rth,09:25-16:05,alpaca-sip,2024-01-02,2025-01-01,20061.0,3,metals/FCX/5m/FCX_5m_2024-01-02_2025-01-01_MANIFEST.json
metals,FCX,5m_premarket,premarket,04:00-09:30,alpaca-sip,2024-01-02,2025-01-01,6464.0,1,metals/FCX/5m_premarket/FCX_5m_premarket_2024-01-02_2025-01-01_MANIFEST.json
metals,FCX,5m,rth,09:25-16:05,alpaca-sip,2025-01-02,2026-01-01,19921.0,2,metals/FCX/5m/FCX_5m_2025-01-02_2026-01-01_MANIFEST.json
metals,FCX,5m_premarket,premarket,04:00-09:30,alpaca-sip,2025-01-02,2026-01-01,7801.0,1,metals/FCX/5m_premarket/FCX_5m_premarket_2025-01-02_2026-01-01_MANIFEST.json
metals,FCX,5m,rth,09:25-16:05,alpaca-sip,2026-01-02,2026-08-22,12796.0,2,metals/FCX/5m/FCX_5m_2026-01-02_2026-08-22_MANIFEST.json
metals,FCX,5m_premarket,premarket,04:00-09:30,alpaca-sip,2026-01-02,2026-08-22,6730.0,1,metals/FCX/5m_premarket/FCX_5m_premarket_2026-01-02_2026-08-22_MANIFEST.json
metals,GDX,5m,rth,09:25-16:05,alpaca-sip,2022-01-03,2022-12-31,20052.0,3,metals/GDX/5m/GDX_5m_2022-01-03_2022-12-31_MANIFEST.json
metals,GDX,5m_premarket,premarket,04:00-09:30,alpaca-sip,2022-01-03,2022-12-31,8836.0,1,metals/GDX/5m_premarket/GDX_5m_premarket_2022-01-03_2022-12-31_MANIFEST.json
metals,GDX,5m,rth,09:25-16:05,alpaca-sip,2023-01-03,2023-12-30,19975.0,2,metals/GDX/5m/GDX_5m_2023-01-03_2023-12-30_MANIFEST.json
metals,GDX,5m_premarket,premarket,04:00-09:30,alpaca-sip,2023-01-03,2023-12-30,9659.0,1,metals/GDX/5m_premarket/GDX_5m_premarket_2023-01-03_2023-12-30_MANIFEST.json
metals,GDX,5m,rth,09:25-16:05,alpaca-sip,2024-01-02,2025-01-01,20105.0,3,metals/GDX/5m/GDX_5m_2024-01-02_2025-01-01_MANIFEST.json
metals,GDX,5m_premarket,premarket,04:00-09:30,alpaca-sip,2024-01-02,2025-01-01,11728.0,2,metals/GDX/5m_premarket/GDX_5m_premarket_2024-01-02_2025-01-01_MANIFEST.json
metals,GDX,5m,rth,09:25-16:05,alpaca-sip,2025-01-02,2026-01-01,19969.0,2,metals/GDX/5m/GDX_5m_2025-01-02_2026-01-01_MANIFEST.json
metals,GDX,5m_premarket,premarket,04:00-09:30,alpaca-sip,2025-01-02,2026-01-01,14213.0,2,metals/GDX/5m_premarket/GDX_5m_premarket_2025-01-02_2026-01-01_MANIFEST.json
metals,GDX,5m,rth,09:25-16:05,alpaca-sip,2026-01-02,2026-08-22,12800.0,2,metals/GDX/5m/GDX_5m_2026-01-02_2026-08-22_MANIFEST.json
metals,GDX,5m_premarket,premarket,04:00-09:30,alpaca-sip,2026-01-02,2026-08-22,9795.0,1,metals/GDX/5m_premarket/GDX_5m_premarket_2026-01-02_2026-08-22_MANIFEST.json
metals,GLD,5m,rth,09:25-16:05,alpaca-sip,2016-01-04,2016-12-31,20141.0,3,metals/GLD/5m/GLD_5m_2016-01-04_2016-12-31_MANIFEST.json
metals,GLD,5m,rth,09:25-16:05,alpaca-sip,2017-01-03,2017-12-30,20027.0,3,metals/GLD/5m/GLD_5m_2017-01-03_2017-12-30_MANIFEST.json
metals,GLD,5m,rth,09:25-16:05,alpaca-sip,2018-01-02,2019-01-01,20000.0,2,metals/GLD/5m/GLD_5m_2018-01-02_2019-01-01_MANIFEST.json
metals,GLD,5m,rth,09:25-16:05,alpaca-sip,2019-01-02,2020-01-01,20086.0,3,metals/GLD/5m/GLD_5m_2019-01-02_2020-01-01_MANIFEST.json
metals,GLD,5m,rth,09:25-16:05,alpaca-sip,2020-01-02,2021-01-01,20210.0,3,metals/GLD/5m/GLD_5m_2020-01-02_2021-01-01_MANIFEST.json
metals,GLD,5m,rth,09:25-16:05,alpaca-sip,2021-01-04,2022-01-01,20137.0,3,metals/GLD/5m/GLD_5m_2021-01-04_2022-01-01_MANIFEST.json
metals,GLD,5m,rth,09:25-16:05,alpaca-sip,2022-01-03,2022-12-31,20053.0,3,metals/GLD/5m/GLD_5m_2022-01-03_2022-12-31_MANIFEST.json
metals,GLD,5m_premarket,premarket,04:00-09:30,alpaca-sip,2022-01-03,2022-12-31,9147.0,1,metals/GLD/5m_premarket/GLD_5m_premarket_2022-01-03_2022-12-31_MANIFEST.json
metals,GLD,5m,rth,09:25-16:05,alpaca-sip,2023-01-03,2023-12-30,19936.0,2,metals/GLD/5m/GLD_5m_2023-01-03_2023-12-30_MANIFEST.json
metals,GLD,5m_premarket,premarket,04:00-09:30,alpaca-sip,2023-01-03,2023-12-30,7911.0,1,metals/GLD/5m_premarket/GLD_5m_premarket_2023-01-03_2023-12-30_MANIFEST.json
metals,GLD,5m,rth,09:25-16:05,alpaca-sip,2024-01-02,2025-01-01,20108.0,3,metals/GLD/5m/GLD_5m_2024-01-02_2025-01-01_MANIFEST.json
metals,GLD,5m_premarket,premarket,04:00-09:30,alpaca-sip,2024-01-02,2025-01-01,9733.0,1,metals/GLD/5m_premarket/GLD_5m_premarket_2024-01-02_2025-01-01_MANIFEST.json
metals,GLD,5m,rth,09:25-16:05,alpaca-sip,2025-01-02,2026-01-01,19985.0,2,metals/GLD/5m/GLD_5m_2025-01-02_2026-01-01_MANIFEST.json
metals,GLD,5m_premarket,premarket,04:00-09:30,alpaca-sip,2025-01-02,2026-01-01,14127.0,2,metals/GLD/5m_premarket/GLD_5m_premarket_2025-01-02_2026-01-01_MANIFEST.json
metals,GLD,5m,rth,09:25-16:05,alpaca-sip,2026-01-02,2026-08-22,12800.0,2,metals/GLD/5m/GLD_5m_2026-01-02_2026-08-22_MANIFEST.json
metals,GLD,5m_premarket,premarket,04:00-09:30,alpaca-sip,2026-01-02,2026-08-22,10350.0,2,metals/GLD/5m_premarket/GLD_5m_premarket_2026-01-02_2026-08-22_MANIFEST.json
metals,GLD,,,,alpaca-sip,,,,0,metals/GLD/quotes/GLD_quotes_2022_MANIFEST.json
metals,GLD,,,,alpaca-sip,,,,0,metals/GLD/quotes/GLD_quotes_2025_MANIFEST.json
metals,GLD,,,,alpaca-sip,,,,0,metals/GLD/quotes/GLD_quotes_2023_MANIFEST.json
metals,GLD,,,,alpaca-sip,,,,0,metals/GLD/quotes/GLD_quotes_2026_MANIFEST.json
metals,GLD,,,,alpaca-sip,,,,0,metals/GLD/quotes/GLD_quotes_2024_MANIFEST.json
metals,GLDM,5m,rth,09:25-16:05,alpaca-sip,2022-01-03,2022-12-31,19789.0,2,metals/GLDM/5m/GLDM_5m_2022-01-03_2022-12-31_MANIFEST.json
metals,GLDM,5m_premarket,premarket,04:00-09:30,alpaca-sip,2022-01-03,2022-12-31,1827.0,1,metals/GLDM/5m_premarket/GLDM_5m_premarket_2022-01-03_2022-12-31_MANIFEST.json
metals,GLDM,5m,rth,09:25-16:05,alpaca-sip,2023-01-03,2023-12-30,19699.0,2,metals/GLDM/5m/GLDM_5m_2023-01-03_2023-12-30_MANIFEST.json
metals,GLDM,5m_premarket,premarket,04:00-09:30,alpaca-sip,2023-01-03,2023-12-30,2056.0,1,metals/GLDM/5m_premarket/GLDM_5m_premarket_2023-01-03_2023-12-30_MANIFEST.json
metals,GLDM,5m,rth,09:25-16:05,alpaca-sip,2024-01-02,2025-01-01,19979.0,2,metals/GLDM/5m/GLDM_5m_2024-01-02_2025-01-01_MANIFEST.json
metals,GLDM,5m_premarket,premarket,04:00-09:30,alpaca-sip,2024-01-02,2025-01-01,4720.0,1,metals/GLDM/5m_premarket/GLDM_5m_premarket_2024-01-02_2025-01-01_MANIFEST.json
metals,GLDM,5m,rth,09:25-16:05,alpaca-sip,2025-01-02,2026-01-01,19885.0,2,metals/GLDM/5m/GLDM_5m_2025-01-02_2026-01-01_MANIFEST.json
metals,GLDM,5m_premarket,premarket,04:00-09:30,alpaca-sip,2025-01-02,2026-01-01,8907.0,1,metals/GLDM/5m_premarket/GLDM_5m_premarket_2025-01-02_2026-01-01_MANIFEST.json
metals,GLDM,5m,rth,09:25-16:05,alpaca-sip,2026-01-02,2026-08-22,12799.0,2,metals/GLDM/5m/GLDM_5m_2026-01-02_2026-08-22_MANIFEST.json
metals,GLDM,5m_premarket,premarket,04:00-09:30,alpaca-sip,2026-01-02,2026-08-22,7729.0,1,metals/GLDM/5m_premarket/GLDM_5m_premarket_2026-01-02_2026-08-22_MANIFEST.json
metals,GLL,5m,rth,09:25-16:05,alpaca-sip,2016-01-04,2016-12-31,9910.0,1,metals/GLL/5m/GLL_5m_2016-01-04_2016-12-31_MANIFEST.json
metals,GLL,5m,rth,09:25-16:05,alpaca-sip,2017-01-03,2017-12-30,8007.0,1,metals/GLL/5m/GLL_5m_2017-01-03_2017-12-30_MANIFEST.json
metals,GLL,5m,rth,09:25-16:05,alpaca-sip,2018-01-02,2019-01-01,4849.0,1,metals/GLL/5m/GLL_5m_2018-01-02_2019-01-01_MANIFEST.json
metals,GLL,5m,rth,09:25-16:05,alpaca-sip,2019-01-02,2020-01-01,8037.0,1,metals/GLL/5m/GLL_5m_2019-01-02_2020-01-01_MANIFEST.json
metals,GLL,5m,rth,09:25-16:05,alpaca-sip,2020-01-02,2021-01-01,10341.0,2,metals/GLL/5m/GLL_5m_2020-01-02_2021-01-01_MANIFEST.json
metals,GLL,5m,rth,09:25-16:05,alpaca-sip,2021-01-04,2022-01-01,9646.0,1,metals/GLL/5m/GLL_5m_2021-01-04_2022-01-01_MANIFEST.json
metals,GLL,5m,rth,09:25-16:05,alpaca-sip,2022-01-03,2022-12-31,11314.0,2,metals/GLL/5m/GLL_5m_2022-01-03_2022-12-31_MANIFEST.json
metals,GLL,5m_premarket,premarket,04:00-09:30,alpaca-sip,2022-01-03,2022-12-31,1507.0,1,metals/GLL/5m_premarket/GLL_5m_premarket_2022-01-03_2022-12-31_MANIFEST.json
metals,GLL,5m,rth,09:25-16:05,alpaca-sip,2023-01-03,2023-12-30,11285.0,2,metals/GLL/5m/GLL_5m_2023-01-03_2023-12-30_MANIFEST.json
metals,GLL,5m_premarket,premarket,04:00-09:30,alpaca-sip,2023-01-03,2023-12-30,1574.0,1,metals/GLL/5m_premarket/GLL_5m_premarket_2023-01-03_2023-12-30_MANIFEST.json
metals,GLL,5m,rth,09:25-16:05,alpaca-sip,2024-01-02,2025-01-01,14124.0,2,metals/GLL/5m/GLL_5m_2024-01-02_2025-01-01_MANIFEST.json
metals,GLL,5m_premarket,premarket,04:00-09:30,alpaca-sip,2024-01-02,2025-01-01,2468.0,1,metals/GLL/5m_premarket/GLL_5m_premarket_2024-01-02_2025-01-01_MANIFEST.json
metals,GLL,5m,rth,09:25-16:05,alpaca-sip,2025-01-02,2026-01-01,19346.0,2,metals/GLL/5m/GLL_5m_2025-01-02_2026-01-01_MANIFEST.json
metals,GLL,5m_premarket,premarket,04:00-09:30,alpaca-sip,2025-01-02,2026-01-01,9556.0,1,metals/GLL/5m_premarket/GLL_5m_premarket_2025-01-02_2026-01-01_MANIFEST.json
metals,GLL,5m,rth,09:25-16:05,alpaca-sip,2026-01-02,2026-08-22,12780.0,2,metals/GLL/5m/GLL_5m_2026-01-02_2026-08-22_MANIFEST.json
metals,GLL,5m_premarket,premarket,04:00-09:30,alpaca-sip,2026-01-02,2026-08-22,7840.0,1,metals/GLL/5m_premarket/GLL_5m_premarket_2026-01-02_2026-08-22_MANIFEST.json
metals,GLL,,,,alpaca-sip,,,,0,metals/GLL/quotes/GLL_quotes_2025_MANIFEST.json
metals,GLL,,,,alpaca-sip,,,,0,metals/GLL/quotes/GLL_quotes_2026_MANIFEST.json
metals,GLL,,,,alpaca-sip,,,,0,metals/GLL/quotes/GLL_quotes_2023_MANIFEST.json
metals,GLL,,,,alpaca-sip,,,,0,metals/GLL/quotes/GLL_quotes_2022_MANIFEST.json
metals,GLL,,,,alpaca-sip,,,,0,metals/GLL/quotes/GLL_quotes_2024_MANIFEST.json
metals,GLTR,5m,rth,09:25-16:05,alpaca-sip,2022-01-03,2022-12-31,13542.0,2,metals/GLTR/5m/GLTR_5m_2022-01-03_2022-12-31_MANIFEST.json
metals,GLTR,5m_premarket,premarket,04:00-09:30,alpaca-sip,2022-01-05,2022-12-16,63.0,1,metals/GLTR/5m_premarket/GLTR_5m_premarket_2022-01-05_2022-12-16_MANIFEST.json
metals,GLTR,5m,rth,09:25-16:05,alpaca-sip,2023-01-03,2023-12-30,10215.0,2,metals/GLTR/5m/GLTR_5m_2023-01-03_2023-12-30_MANIFEST.json
metals,GLTR,5m_premarket,premarket,04:00-09:30,alpaca-sip,2023-01-03,2023-12-23,35.0,1,metals/GLTR/5m_premarket/GLTR_5m_premarket_2023-01-03_2023-12-23_MANIFEST.json
metals,GLTR,5m,rth,09:25-16:05,alpaca-sip,2024-01-02,2025-01-01,9189.0,1,metals/GLTR/5m/GLTR_5m_2024-01-02_2025-01-01_MANIFEST.json
metals,GLTR,5m_premarket,premarket,04:00-09:30,alpaca-sip,2024-01-12,2024-12-21,65.0,1,metals/GLTR/5m_premarket/GLTR_5m_premarket_2024-01-12_2024-12-21_MANIFEST.json
metals,GLTR,5m,rth,09:25-16:05,alpaca-sip,2025-01-02,2026-01-01,12904.0,2,metals/GLTR/5m/GLTR_5m_2025-01-02_2026-01-01_MANIFEST.json
metals,GLTR,5m_premarket,premarket,04:00-09:30,alpaca-sip,2025-01-06,2026-01-01,207.0,1,metals/GLTR/5m_premarket/GLTR_5m_premarket_2025-01-06_2026-01-01_MANIFEST.json
metals,GLTR,5m,rth,09:25-16:05,alpaca-sip,2026-01-02,2026-08-22,9839.0,1,metals/GLTR/5m/GLTR_5m_2026-01-02_2026-08-22_MANIFEST.json
metals,GLTR,5m_premarket,premarket,04:00-09:30,alpaca-sip,2026-01-02,2026-08-22,395.0,1,metals/GLTR/5m_premarket/GLTR_5m_premarket_2026-01-02_2026-08-22_MANIFEST.json
metals,GOLD,5m,rth,09:25-16:05,alpaca-sip,2022-01-03,2022-12-31,16946.0,2,metals/GOLD/5m/GOLD_5m_2022-01-03_2022-12-31_MANIFEST.json
metals,GOLD,5m_premarket,premarket,04:00-09:30,alpaca-sip,2022-01-24,2022-12-28,105.0,1,metals/GOLD/5m_premarket/GOLD_5m_premarket_2022-01-24_2022-12-28_MANIFEST.json
metals,GOLD,5m,rth,09:25-16:05,alpaca-sip,2023-01-03,2023-12-30,18065.0,2,metals/GOLD/5m/GOLD_5m_2023-01-03_2023-12-30_MANIFEST.json
metals,GOLD,5m_premarket,premarket,04:00-09:30,alpaca-sip,2023-01-03,2023-12-05,90.0,1,metals/GOLD/5m_premarket/GOLD_5m_premarket_2023-01-03_2023-12-05_MANIFEST.json
metals,GOLD,5m,rth,09:25-16:05,alpaca-sip,2024-01-02,2025-01-01,18591.0,2,metals/GOLD/5m/GOLD_5m_2024-01-02_2025-01-01_MANIFEST.json
metals,GOLD,5m_premarket,premarket,04:00-09:30,alpaca-sip,2024-01-02,2024-12-28,250.0,1,metals/GOLD/5m_premarket/GOLD_5m_premarket_2024-01-02_2024-12-28_MANIFEST.json
metals,GOLD,5m,rth,09:25-16:05,alpaca-sip,2025-01-02,2026-01-01,17980.0,2,metals/GOLD/5m/GOLD_5m_2025-01-02_2026-01-01_MANIFEST.json
metals,GOLD,5m_premarket,premarket,04:00-09:30,alpaca-sip,2025-01-02,2026-01-01,322.0,1,metals/GOLD/5m_premarket/GOLD_5m_premarket_2025-01-02_2026-01-01_MANIFEST.json
metals,GOLD,5m,rth,09:25-16:05,alpaca-sip,2026-01-02,2026-08-22,12529.0,2,metals/GOLD/5m/GOLD_5m_2026-01-02_2026-08-22_MANIFEST.json
metals,GOLD,5m_premarket,premarket,04:00-09:30,alpaca-sip,2026-01-02,2026-08-22,1291.0,1,metals/GOLD/5m_premarket/GOLD_5m_premarket_2026-01-02_2026-08-22_MANIFEST.json
metals,IAU,5m,rth,09:25-16:05,alpaca-sip,2022-01-03,2022-12-31,19970.0,2,metals/IAU/5m/IAU_5m_2022-01-03_2022-12-31_MANIFEST.json
metals,IAU,5m_premarket,premarket,04:00-09:30,alpaca-sip,2022-01-03,2022-12-31,5109.0,1,metals/IAU/5m_premarket/IAU_5m_premarket_2022-01-03_2022-12-31_MANIFEST.json
metals,IAU,5m,rth,09:25-16:05,alpaca-sip,2023-01-03,2023-12-30,19872.0,2,metals/IAU/5m/IAU_5m_2023-01-03_2023-12-30_MANIFEST.json
metals,IAU,5m_premarket,premarket,04:00-09:30,alpaca-sip,2023-01-03,2023-12-30,4289.0,1,metals/IAU/5m_premarket/IAU_5m_premarket_2023-01-03_2023-12-30_MANIFEST.json
metals,IAU,5m,rth,09:25-16:05,alpaca-sip,2024-01-02,2025-01-01,20022.0,3,metals/IAU/5m/IAU_5m_2024-01-02_2025-01-01_MANIFEST.json
metals,IAU,5m_premarket,premarket,04:00-09:30,alpaca-sip,2024-01-02,2025-01-01,6736.0,1,metals/IAU/5m_premarket/IAU_5m_premarket_2024-01-02_2025-01-01_MANIFEST.json
metals,IAU,5m,rth,09:25-16:05,alpaca-sip,2025-01-02,2026-01-01,19929.0,2,metals/IAU/5m/IAU_5m_2025-01-02_2026-01-01_MANIFEST.json
metals,IAU,5m_premarket,premarket,04:00-09:30,alpaca-sip,2025-01-02,2026-01-01,12426.0,2,metals/IAU/5m_premarket/IAU_5m_premarket_2025-01-02_2026-01-01_MANIFEST.json
metals,IAU,5m,rth,09:25-16:05,alpaca-sip,2026-01-02,2026-08-22,12792.0,2,metals/IAU/5m/IAU_5m_2026-01-02_2026-08-22_MANIFEST.json
metals,IAU,5m_premarket,premarket,04:00-09:30,alpaca-sip,2026-01-02,2026-08-22,8105.0,1,metals/IAU/5m_premarket/IAU_5m_premarket_2026-01-02_2026-08-22_MANIFEST.json
metals,IAUM,5m,rth,09:25-16:05,alpaca-sip,2022-01-03,2022-12-31,10242.0,2,metals/IAUM/5m/IAUM_5m_2022-01-03_2022-12-31_MANIFEST.json
metals,IAUM,5m_premarket,premarket,04:00-09:30,alpaca-sip,2022-01-10,2022-12-31,306.0,1,metals/IAUM/5m_premarket/IAUM_5m_premarket_2022-01-10_2022-12-31_MANIFEST.json
metals,IAUM,5m,rth,09:25-16:05,alpaca-sip,2023-01-03,2023-12-30,14883.0,2,metals/IAUM/5m/IAUM_5m_2023-01-03_2023-12-30_MANIFEST.json
metals,IAUM,5m_premarket,premarket,04:00-09:30,alpaca-sip,2023-01-04,2023-12-30,699.0,1,metals/IAUM/5m_premarket/IAUM_5m_premarket_2023-01-04_2023-12-30_MANIFEST.json
metals,IAUM,5m,rth,09:25-16:05,alpaca-sip,2024-01-02,2025-01-01,19153.0,2,metals/IAUM/5m/IAUM_5m_2024-01-02_2025-01-01_MANIFEST.json
metals,IAUM,5m_premarket,premarket,04:00-09:30,alpaca-sip,2024-01-02,2025-01-01,1736.0,1,metals/IAUM/5m_premarket/IAUM_5m_premarket_2024-01-02_2025-01-01_MANIFEST.json
metals,IAUM,5m,rth,09:25-16:05,alpaca-sip,2025-01-02,2026-01-01,19805.0,2,metals/IAUM/5m/IAUM_5m_2025-01-02_2026-01-01_MANIFEST.json
metals,IAUM,5m_premarket,premarket,04:00-09:30,alpaca-sip,2025-01-02,2026-01-01,6051.0,1,metals/IAUM/5m_premarket/IAUM_5m_premarket_2025-01-02_2026-01-01_MANIFEST.json
metals,IAUM,5m,rth,09:25-16:05,alpaca-sip,2026-01-02,2026-08-22,12768.0,2,metals/IAUM/5m/IAUM_5m_2026-01-02_2026-08-22_MANIFEST.json
metals,IAUM,5m_premarket,premarket,04:00-09:30,alpaca-sip,2026-01-02,2026-08-22,5359.0,1,metals/IAUM/5m_premarket/IAUM_5m_premarket_2026-01-02_2026-08-22_MANIFEST.json
metals,JJU,5m,rth,09:25-16:05,alpaca-sip,2022-01-03,2022-12-31,1861.0,1,metals/JJU/5m/JJU_5m_2022-01-03_2022-12-31_MANIFEST.json
metals,JJU,5m_premarket,premarket,04:00-09:30,alpaca-sip,2022-02-15,2022-12-29,36.0,1,metals/JJU/5m_premarket/JJU_5m_premarket_2022-02-15_2022-12-29_MANIFEST.json
metals,JJU,5m,rth,09:25-16:05,alpaca-sip,2023-01-03,2023-06-08,242.0,1,metals/JJU/5m/JJU_5m_2023-01-03_2023-06-08_MANIFEST.json
metals,JJU,5m_premarket,premarket,04:00-09:30,alpaca-sip,2023-02-08,2023-04-19,4.0,1,metals/JJU/5m_premarket/JJU_5m_premarket_2023-02-08_2023-04-19_MANIFEST.json
metals,NEM,5m,rth,09:25-16:05,alpaca-sip,2022-01-03,2022-12-31,19866.0,2,metals/NEM/5m/NEM_5m_2022-01-03_2022-12-31_MANIFEST.json
metals,NEM,5m_premarket,premarket,04:00-09:30,alpaca-sip,2022-01-03,2022-12-31,4486.0,1,metals/NEM/5m_premarket/NEM_5m_premarket_2022-01-03_2022-12-31_MANIFEST.json
metals,NEM,5m,rth,09:25-16:05,alpaca-sip,2023-01-03,2023-12-30,19919.0,2,metals/NEM/5m/NEM_5m_2023-01-03_2023-12-30_MANIFEST.json
metals,NEM,5m_premarket,premarket,04:00-09:30,alpaca-sip,2023-01-03,2023-12-30,5748.0,1,metals/NEM/5m_premarket/NEM_5m_premarket_2023-01-03_2023-12-30_MANIFEST.json
metals,NEM,5m,rth,09:25-16:05,alpaca-sip,2024-01-02,2025-01-01,20084.0,3,metals/NEM/5m/NEM_5m_2024-01-02_2025-01-01_MANIFEST.json
metals,NEM,5m_premarket,premarket,04:00-09:30,alpaca-sip,2024-01-02,2025-01-01,7992.0,1,metals/NEM/5m_premarket/NEM_5m_premarket_2024-01-02_2025-01-01_MANIFEST.json
metals,NEM,5m,rth,09:25-16:05,alpaca-sip,2025-01-02,2026-01-01,19936.0,2,metals/NEM/5m/NEM_5m_2025-01-02_2026-01-01_MANIFEST.json
metals,NEM,5m_premarket,premarket,04:00-09:30,alpaca-sip,2025-01-02,2026-01-01,9254.0,1,metals/NEM/5m_premarket/NEM_5m_premarket_2025-01-02_2026-01-01_MANIFEST.json
metals,NEM,5m,rth,09:25-16:05,alpaca-sip,2026-01-02,2026-08-22,12798.0,2,metals/NEM/5m/NEM_5m_2026-01-02_2026-08-22_MANIFEST.json
metals,NEM,5m_premarket,premarket,04:00-09:30,alpaca-sip,2026-01-02,2026-08-22,6239.0,1,metals/NEM/5m_premarket/NEM_5m_premarket_2026-01-02_2026-08-22_MANIFEST.json
metals,PAAS,5m,rth,09:25-16:05,alpaca-sip,2022-01-03,2022-12-31,19974.0,2,metals/PAAS/5m/PAAS_5m_2022-01-03_2022-12-31_MANIFEST.json
metals,PAAS,5m_premarket,premarket,04:00-09:30,alpaca-sip,2022-01-03,2022-12-31,3313.0,1,metals/PAAS/5m_premarket/PAAS_5m_premarket_2022-01-03_2022-12-31_MANIFEST.json
metals,PAAS,5m,rth,09:25-16:05,alpaca-sip,2023-01-03,2023-12-30,19876.0,2,metals/PAAS/5m/PAAS_5m_2023-01-03_2023-12-30_MANIFEST.json
metals,PAAS,5m_premarket,premarket,04:00-09:30,alpaca-sip,2023-01-03,2023-12-30,3671.0,1,metals/PAAS/5m_premarket/PAAS_5m_premarket_2023-01-03_2023-12-30_MANIFEST.json
metals,PAAS,5m,rth,09:25-16:05,alpaca-sip,2024-01-02,2025-01-01,20032.0,3,metals/PAAS/5m/PAAS_5m_2024-01-02_2025-01-01_MANIFEST.json
metals,PAAS,5m_premarket,premarket,04:00-09:30,alpaca-sip,2024-01-02,2025-01-01,5338.0,1,metals/PAAS/5m_premarket/PAAS_5m_premarket_2024-01-02_2025-01-01_MANIFEST.json
metals,PAAS,5m,rth,09:25-16:05,alpaca-sip,2025-01-02,2026-01-01,19923.0,2,metals/PAAS/5m/PAAS_5m_2025-01-02_2026-01-01_MANIFEST.json
metals,PAAS,5m_premarket,premarket,04:00-09:30,alpaca-sip,2025-01-02,2026-01-01,7050.0,1,metals/PAAS/5m_premarket/PAAS_5m_premarket_2025-01-02_2026-01-01_MANIFEST.json
metals,PAAS,5m,rth,09:25-16:05,alpaca-sip,2026-01-02,2026-08-22,12797.0,2,metals/PAAS/5m/PAAS_5m_2026-01-02_2026-08-22_MANIFEST.json
metals,PAAS,5m_premarket,premarket,04:00-09:30,alpaca-sip,2026-01-02,2026-08-22,5757.0,1,metals/PAAS/5m_premarket/PAAS_5m_premarket_2026-01-02_2026-08-22_MANIFEST.json
metals,PALL,5m,rth,09:25-16:05,alpaca-sip,2022-01-03,2022-12-31,9226.0,1,metals/PALL/5m/PALL_5m_2022-01-03_2022-12-31_MANIFEST.json
metals,PALL,5m_premarket,premarket,04:00-09:30,alpaca-sip,2022-01-03,2022-12-31,599.0,1,metals/PALL/5m_premarket/PALL_5m_premarket_2022-01-03_2022-12-31_MANIFEST.json
metals,PALL,5m,rth,09:25-16:05,alpaca-sip,2023-01-03,2023-12-30,9417.0,1,metals/PALL/5m/PALL_5m_2023-01-03_2023-12-30_MANIFEST.json
metals,PALL,5m_premarket,premarket,04:00-09:30,alpaca-sip,2023-01-03,2023-12-30,556.0,1,metals/PALL/5m_premarket/PALL_5m_premarket_2023-01-03_2023-12-30_MANIFEST.json
metals,PALL,5m,rth,09:25-16:05,alpaca-sip,2024-01-02,2025-01-01,14381.0,2,metals/PALL/5m/PALL_5m_2024-01-02_2025-01-01_MANIFEST.json
metals,PALL,5m_premarket,premarket,04:00-09:30,alpaca-sip,2024-01-02,2025-01-01,1515.0,1,metals/PALL/5m_premarket/PALL_5m_premarket_2024-01-02_2025-01-01_MANIFEST.json
metals,PALL,5m,rth,09:25-16:05,alpaca-sip,2025-01-02,2026-01-01,17736.0,2,metals/PALL/5m/PALL_5m_2025-01-02_2026-01-01_MANIFEST.json
metals,PALL,5m_premarket,premarket,04:00-09:30,alpaca-sip,2025-01-02,2026-01-01,3757.0,1,metals/PALL/5m_premarket/PALL_5m_premarket_2025-01-02_2026-01-01_MANIFEST.json
metals,PALL,5m,rth,09:25-16:05,alpaca-sip,2026-01-02,2026-08-22,12226.0,2,metals/PALL/5m/PALL_5m_2026-01-02_2026-08-22_MANIFEST.json
metals,PALL,5m_premarket,premarket,04:00-09:30,alpaca-sip,2026-01-02,2026-08-22,2996.0,1,metals/PALL/5m_premarket/PALL_5m_premarket_2026-01-02_2026-08-22_MANIFEST.json
metals,PPLT,5m,rth,09:25-16:05,alpaca-sip,2022-01-03,2022-12-31,16234.0,2,metals/PPLT/5m/PPLT_5m_2022-01-03_2022-12-31_MANIFEST.json
metals,PPLT,5m_premarket,premarket,04:00-09:30,alpaca-sip,2022-01-03,2022-12-31,1348.0,1,metals/PPLT/5m_premarket/PPLT_5m_premarket_2022-01-03_2022-12-31_MANIFEST.json
metals,PPLT,5m,rth,09:25-16:05,alpaca-sip,2023-01-03,2023-12-30,14949.0,2,metals/PPLT/5m/PPLT_5m_2023-01-03_2023-12-30_MANIFEST.json
metals,PPLT,5m_premarket,premarket,04:00-09:30,alpaca-sip,2023-01-03,2023-12-30,1144.0,1,metals/PPLT/5m_premarket/PPLT_5m_premarket_2023-01-03_2023-12-30_MANIFEST.json
metals,PPLT,5m,rth,09:25-16:05,alpaca-sip,2024-01-02,2025-01-01,17297.0,2,metals/PPLT/5m/PPLT_5m_2024-01-02_2025-01-01_MANIFEST.json
metals,PPLT,5m_premarket,premarket,04:00-09:30,alpaca-sip,2024-01-02,2025-01-01,2009.0,1,metals/PPLT/5m_premarket/PPLT_5m_premarket_2024-01-02_2025-01-01_MANIFEST.json
metals,PPLT,5m,rth,09:25-16:05,alpaca-sip,2025-01-02,2026-01-01,18549.0,2,metals/PPLT/5m/PPLT_5m_2025-01-02_2026-01-01_MANIFEST.json
metals,PPLT,5m_premarket,premarket,04:00-09:30,alpaca-sip,2025-01-02,2026-01-01,3993.0,1,metals/PPLT/5m_premarket/PPLT_5m_premarket_2025-01-02_2026-01-01_MANIFEST.json
metals,PPLT,5m,rth,09:25-16:05,alpaca-sip,2026-01-02,2026-08-22,12622.0,2,metals/PPLT/5m/PPLT_5m_2026-01-02_2026-08-22_MANIFEST.json
metals,PPLT,5m_premarket,premarket,04:00-09:30,alpaca-sip,2026-01-02,2026-08-22,4559.0,1,metals/PPLT/5m_premarket/PPLT_5m_premarket_2026-01-02_2026-08-22_MANIFEST.json
metals,SBSW,5m,rth,09:25-16:05,alpaca-sip,2022-01-03,2022-12-31,19880.0,2,metals/SBSW/5m/SBSW_5m_2022-01-03_2022-12-31_MANIFEST.json
metals,SBSW,5m_premarket,premarket,04:00-09:30,alpaca-sip,2022-01-03,2022-12-31,7502.0,1,metals/SBSW/5m_premarket/SBSW_5m_premarket_2022-01-03_2022-12-31_MANIFEST.json
metals,SBSW,5m,rth,09:25-16:05,alpaca-sip,2023-01-03,2023-12-30,19925.0,2,metals/SBSW/5m/SBSW_5m_2023-01-03_2023-12-30_MANIFEST.json
metals,SBSW,5m_premarket,premarket,04:00-09:30,alpaca-sip,2023-01-03,2023-12-30,7796.0,1,metals/SBSW/5m_premarket/SBSW_5m_premarket_2023-01-03_2023-12-30_MANIFEST.json
metals,SBSW,5m,rth,09:25-16:05,alpaca-sip,2024-01-02,2025-01-01,20067.0,3,metals/SBSW/5m/SBSW_5m_2024-01-02_2025-01-01_MANIFEST.json
metals,SBSW,5m_premarket,premarket,04:00-09:30,alpaca-sip,2024-01-02,2025-01-01,9477.0,1,metals/SBSW/5m_premarket/SBSW_5m_premarket_2024-01-02_2025-01-01_MANIFEST.json
metals,SBSW,5m,rth,09:25-16:05,alpaca-sip,2025-01-02,2026-01-01,19921.0,2,metals/SBSW/5m/SBSW_5m_2025-01-02_2026-01-01_MANIFEST.json
metals,SBSW,5m_premarket,premarket,04:00-09:30,alpaca-sip,2025-01-02,2026-01-01,10372.0,2,metals/SBSW/5m_premarket/SBSW_5m_premarket_2025-01-02_2026-01-01_MANIFEST.json
metals,SBSW,5m,rth,09:25-16:05,alpaca-sip,2026-01-02,2026-08-22,12798.0,2,metals/SBSW/5m/SBSW_5m_2026-01-02_2026-08-22_MANIFEST.json
metals,SBSW,5m_premarket,premarket,04:00-09:30,alpaca-sip,2026-01-02,2026-08-22,6410.0,1,metals/SBSW/5m_premarket/SBSW_5m_premarket_2026-01-02_2026-08-22_MANIFEST.json
metals,SCCO,5m,rth,09:25-16:05,alpaca-sip,2022-01-03,2022-12-31,19766.0,2,metals/SCCO/5m/SCCO_5m_2022-01-03_2022-12-31_MANIFEST.json
metals,SCCO,5m_premarket,premarket,04:00-09:30,alpaca-sip,2022-01-03,2022-12-31,1103.0,1,metals/SCCO/5m_premarket/SCCO_5m_premarket_2022-01-03_2022-12-31_MANIFEST.json
metals,SCCO,5m,rth,09:25-16:05,alpaca-sip,2023-01-03,2023-12-30,19780.0,2,metals/SCCO/5m/SCCO_5m_2023-01-03_2023-12-30_MANIFEST.json
metals,SCCO,5m_premarket,premarket,04:00-09:30,alpaca-sip,2023-01-03,2023-12-30,675.0,1,metals/SCCO/5m_premarket/SCCO_5m_premarket_2023-01-03_2023-12-30_MANIFEST.json
metals,SCCO,5m,rth,09:25-16:05,alpaca-sip,2024-01-02,2025-01-01,19923.0,2,metals/SCCO/5m/SCCO_5m_2024-01-02_2025-01-01_MANIFEST.json
metals,SCCO,5m_premarket,premarket,04:00-09:30,alpaca-sip,2024-01-03,2025-01-01,1273.0,1,metals/SCCO/5m_premarket/SCCO_5m_premarket_2024-01-03_2025-01-01_MANIFEST.json
metals,SCCO,5m,rth,09:25-16:05,alpaca-sip,2025-01-02,2026-01-01,19767.0,2,metals/SCCO/5m/SCCO_5m_2025-01-02_2026-01-01_MANIFEST.json
metals,SCCO,5m_premarket,premarket,04:00-09:30,alpaca-sip,2025-01-02,2026-01-01,1576.0,1,metals/SCCO/5m_premarket/SCCO_5m_premarket_2025-01-02_2026-01-01_MANIFEST.json
metals,SCCO,5m,rth,09:25-16:05,alpaca-sip,2026-01-02,2026-08-22,12749.0,2,metals/SCCO/5m/SCCO_5m_2026-01-02_2026-08-22_MANIFEST.json
metals,SCCO,5m_premarket,premarket,04:00-09:30,alpaca-sip,2026-01-02,2026-08-22,1960.0,1,metals/SCCO/5m_premarket/SCCO_5m_premarket_2026-01-02_2026-08-22_MANIFEST.json
metals,SIL,5m,rth,09:25-16:05,alpaca-sip,2022-01-03,2022-12-31,19240.0,2,metals/SIL/5m/SIL_5m_2022-01-03_2022-12-31_MANIFEST.json
metals,SIL,5m_premarket,premarket,04:00-09:30,alpaca-sip,2022-01-03,2022-12-31,621.0,1,metals/SIL/5m_premarket/SIL_5m_premarket_2022-01-03_2022-12-31_MANIFEST.json
metals,SIL,5m,rth,09:25-16:05,alpaca-sip,2023-01-03,2023-12-30,19181.0,2,metals/SIL/5m/SIL_5m_2023-01-03_2023-12-30_MANIFEST.json
metals,SIL,5m_premarket,premarket,04:00-09:30,alpaca-sip,2023-01-03,2023-12-30,728.0,1,metals/SIL/5m_premarket/SIL_5m_premarket_2023-01-03_2023-12-30_MANIFEST.json
metals,SIL,5m,rth,09:25-16:05,alpaca-sip,2024-01-02,2025-01-01,19567.0,2,metals/SIL/5m/SIL_5m_2024-01-02_2025-01-01_MANIFEST.json
metals,SIL,5m_premarket,premarket,04:00-09:30,alpaca-sip,2024-01-02,2024-12-31,1636.0,1,metals/SIL/5m_premarket/SIL_5m_premarket_2024-01-02_2024-12-31_MANIFEST.json
metals,SIL,5m,rth,09:25-16:05,alpaca-sip,2025-01-02,2026-01-01,19806.0,2,metals/SIL/5m/SIL_5m_2025-01-02_2026-01-01_MANIFEST.json
metals,SIL,5m_premarket,premarket,04:00-09:30,alpaca-sip,2025-01-02,2026-01-01,3953.0,1,metals/SIL/5m_premarket/SIL_5m_premarket_2025-01-02_2026-01-01_MANIFEST.json
metals,SIL,5m,rth,09:25-16:05,alpaca-sip,2026-01-02,2026-08-22,12762.0,2,metals/SIL/5m/SIL_5m_2026-01-02_2026-08-22_MANIFEST.json
metals,SIL,5m_premarket,premarket,04:00-09:30,alpaca-sip,2026-01-02,2026-08-22,4277.0,1,metals/SIL/5m_premarket/SIL_5m_premarket_2026-01-02_2026-08-22_MANIFEST.json
metals,SIVR,5m,rth,09:25-16:05,alpaca-sip,2022-01-03,2022-12-31,19687.0,2,metals/SIVR/5m/SIVR_5m_2022-01-03_2022-12-31_MANIFEST.json
metals,SIVR,5m_premarket,premarket,04:00-09:30,alpaca-sip,2022-01-03,2022-12-31,1800.0,1,metals/SIVR/5m_premarket/SIVR_5m_premarket_2022-01-03_2022-12-31_MANIFEST.json
metals,SIVR,5m,rth,09:25-16:05,alpaca-sip,2023-01-03,2023-12-30,19520.0,2,metals/SIVR/5m/SIVR_5m_2023-01-03_2023-12-30_MANIFEST.json
metals,SIVR,5m_premarket,premarket,04:00-09:30,alpaca-sip,2023-01-03,2023-12-30,2121.0,1,metals/SIVR/5m_premarket/SIVR_5m_premarket_2023-01-03_2023-12-30_MANIFEST.json
metals,SIVR,5m,rth,09:25-16:05,alpaca-sip,2024-01-02,2025-01-01,19897.0,2,metals/SIVR/5m/SIVR_5m_2024-01-02_2025-01-01_MANIFEST.json
metals,SIVR,5m_premarket,premarket,04:00-09:30,alpaca-sip,2024-01-02,2025-01-01,2824.0,1,metals/SIVR/5m_premarket/SIVR_5m_premarket_2024-01-02_2025-01-01_MANIFEST.json
metals,SIVR,5m,rth,09:25-16:05,alpaca-sip,2025-01-02,2026-01-01,19784.0,2,metals/SIVR/5m/SIVR_5m_2025-01-02_2026-01-01_MANIFEST.json
metals,SIVR,5m_premarket,premarket,04:00-09:30,alpaca-sip,2025-01-02,2026-01-01,4680.0,1,metals/SIVR/5m_premarket/SIVR_5m_premarket_2025-01-02_2026-01-01_MANIFEST.json
metals,SIVR,5m,rth,09:25-16:05,alpaca-sip,2026-01-02,2026-08-22,12780.0,2,metals/SIVR/5m/SIVR_5m_2026-01-02_2026-08-22_MANIFEST.json
metals,SIVR,5m_premarket,premarket,04:00-09:30,alpaca-sip,2026-01-02,2026-08-22,6763.0,1,metals/SIVR/5m_premarket/SIVR_5m_premarket_2026-01-02_2026-08-22_MANIFEST.json
metals,SLV,5m,rth,09:25-16:05,alpaca-sip,2022-01-03,2022-12-31,20058.0,3,metals/SLV/5m/SLV_5m_2022-01-03_2022-12-31_MANIFEST.json
metals,SLV,5m_premarket,premarket,04:00-09:30,alpaca-sip,2022-01-03,2022-12-31,10734.0,2,metals/SLV/5m_premarket/SLV_5m_premarket_2022-01-03_2022-12-31_MANIFEST.json
metals,SLV,5m,rth,09:25-16:05,alpaca-sip,2023-01-03,2023-12-30,19970.0,2,metals/SLV/5m/SLV_5m_2023-01-03_2023-12-30_MANIFEST.json
metals,SLV,5m_premarket,premarket,04:00-09:30,alpaca-sip,2023-01-03,2023-12-30,10671.0,2,metals/SLV/5m_premarket/SLV_5m_premarket_2023-01-03_2023-12-30_MANIFEST.json
metals,SLV,5m,rth,09:25-16:05,alpaca-sip,2024-01-02,2025-01-01,20126.0,3,metals/SLV/5m/SLV_5m_2024-01-02_2025-01-01_MANIFEST.json
metals,SLV,5m_premarket,premarket,04:00-09:30,alpaca-sip,2024-01-02,2025-01-01,13224.0,2,metals/SLV/5m_premarket/SLV_5m_premarket_2024-01-02_2025-01-01_MANIFEST.json
metals,SLV,5m,rth,09:25-16:05,alpaca-sip,2025-01-02,2026-01-01,20000.0,2,metals/SLV/5m/SLV_5m_2025-01-02_2026-01-01_MANIFEST.json
metals,SLV,5m_premarket,premarket,04:00-09:30,alpaca-sip,2025-01-02,2026-01-01,15363.0,2,metals/SLV/5m_premarket/SLV_5m_premarket_2025-01-02_2026-01-01_MANIFEST.json
metals,SLV,5m,rth,09:25-16:05,alpaca-sip,2026-01-02,2026-08-22,12800.0,2,metals/SLV/5m/SLV_5m_2026-01-02_2026-08-22_MANIFEST.json
metals,SLV,5m_premarket,premarket,04:00-09:30,alpaca-sip,2026-01-02,2026-08-22,10548.0,2,metals/SLV/5m_premarket/SLV_5m_premarket_2026-01-02_2026-08-22_MANIFEST.json
metals,UGL,5m,rth,09:25-16:05,alpaca-sip,2016-01-04,2016-12-31,11003.0,2,metals/UGL/5m/UGL_5m_2016-01-04_2016-12-31_MANIFEST.json
metals,UGL,5m,rth,09:25-16:05,alpaca-sip,2017-01-03,2017-12-30,9523.0,1,metals/UGL/5m/UGL_5m_2017-01-03_2017-12-30_MANIFEST.json
metals,UGL,5m,rth,09:25-16:05,alpaca-sip,2018-01-02,2019-01-01,7597.0,1,metals/UGL/5m/UGL_5m_2018-01-02_2019-01-01_MANIFEST.json
metals,UGL,5m,rth,09:25-16:05,alpaca-sip,2019-01-02,2020-01-01,12776.0,2,metals/UGL/5m/UGL_5m_2019-01-02_2020-01-01_MANIFEST.json
metals,UGL,5m,rth,09:25-16:05,alpaca-sip,2020-01-02,2021-01-01,17293.0,2,metals/UGL/5m/UGL_5m_2020-01-02_2021-01-01_MANIFEST.json
metals,UGL,5m,rth,09:25-16:05,alpaca-sip,2021-01-04,2022-01-01,15856.0,2,metals/UGL/5m/UGL_5m_2021-01-04_2022-01-01_MANIFEST.json
metals,UGL,5m,rth,09:25-16:05,alpaca-sip,2022-01-03,2022-12-31,16464.0,2,metals/UGL/5m/UGL_5m_2022-01-03_2022-12-31_MANIFEST.json
metals,UGL,5m_premarket,premarket,04:00-09:30,alpaca-sip,2022-01-03,2022-12-31,2274.0,1,metals/UGL/5m_premarket/UGL_5m_premarket_2022-01-03_2022-12-31_MANIFEST.json
metals,UGL,5m,rth,09:25-16:05,alpaca-sip,2023-01-03,2023-12-30,15518.0,2,metals/UGL/5m/UGL_5m_2023-01-03_2023-12-30_MANIFEST.json
metals,UGL,5m_premarket,premarket,04:00-09:30,alpaca-sip,2023-01-03,2023-12-30,1797.0,1,metals/UGL/5m_premarket/UGL_5m_premarket_2023-01-03_2023-12-30_MANIFEST.json
metals,UGL,5m,rth,09:25-16:05,alpaca-sip,2024-01-02,2025-01-01,17769.0,2,metals/UGL/5m/UGL_5m_2024-01-02_2025-01-01_MANIFEST.json
metals,UGL,5m_premarket,premarket,04:00-09:30,alpaca-sip,2024-01-02,2025-01-01,3222.0,1,metals/UGL/5m_premarket/UGL_5m_premarket_2024-01-02_2025-01-01_MANIFEST.json
metals,UGL,5m,rth,09:25-16:05,alpaca-sip,2025-01-02,2026-01-01,19569.0,2,metals/UGL/5m/UGL_5m_2025-01-02_2026-01-01_MANIFEST.json
metals,UGL,5m_premarket,premarket,04:00-09:30,alpaca-sip,2025-01-02,2026-01-01,10819.0,2,metals/UGL/5m_premarket/UGL_5m_premarket_2025-01-02_2026-01-01_MANIFEST.json
metals,UGL,5m,rth,09:25-16:05,alpaca-sip,2026-01-02,2026-08-22,12797.0,2,metals/UGL/5m/UGL_5m_2026-01-02_2026-08-22_MANIFEST.json
metals,UGL,5m_premarket,premarket,04:00-09:30,alpaca-sip,2026-01-02,2026-08-22,9228.0,1,metals/UGL/5m_premarket/UGL_5m_premarket_2026-01-02_2026-08-22_MANIFEST.json
metals,UGL,,,,alpaca-sip,,,,0,metals/UGL/quotes/UGL_quotes_2023_MANIFEST.json
metals,UGL,,,,alpaca-sip,,,,0,metals/UGL/quotes/UGL_quotes_2026_MANIFEST.json
metals,UGL,,,,alpaca-sip,,,,0,metals/UGL/quotes/UGL_quotes_2022_MANIFEST.json
metals,UGL,,,,alpaca-sip,,,,0,metals/UGL/quotes/UGL_quotes_2025_MANIFEST.json
metals,UGL,,,,alpaca-sip,,,,0,metals/UGL/quotes/UGL_quotes_2024_MANIFEST.json
metals,URA,5m,rth,09:25-16:05,alpaca-sip,2022-01-03,2022-12-31,19915.0,2,metals/URA/5m/URA_5m_2022-01-03_2022-12-31_MANIFEST.json
metals,URA,5m_premarket,premarket,04:00-09:30,alpaca-sip,2022-01-03,2022-12-31,2511.0,1,metals/URA/5m_premarket/URA_5m_premarket_2022-01-03_2022-12-31_MANIFEST.json
metals,URA,5m,rth,09:25-16:05,alpaca-sip,2023-01-03,2023-12-30,19763.0,2,metals/URA/5m/URA_5m_2023-01-03_2023-12-30_MANIFEST.json
metals,URA,5m_premarket,premarket,04:00-09:30,alpaca-sip,2023-01-03,2023-12-30,1837.0,1,metals/URA/5m_premarket/URA_5m_premarket_2023-01-03_2023-12-30_MANIFEST.json
metals,URA,5m,rth,09:25-16:05,alpaca-sip,2024-01-02,2025-01-01,19989.0,2,metals/URA/5m/URA_5m_2024-01-02_2025-01-01_MANIFEST.json
metals,URA,5m_premarket,premarket,04:00-09:30,alpaca-sip,2024-01-02,2025-01-01,4188.0,1,metals/URA/5m_premarket/URA_5m_premarket_2024-01-02_2025-01-01_MANIFEST.json
metals,URA,5m,rth,09:25-16:05,alpaca-sip,2025-01-02,2026-01-01,19863.0,2,metals/URA/5m/URA_5m_2025-01-02_2026-01-01_MANIFEST.json
metals,URA,5m_premarket,premarket,04:00-09:30,alpaca-sip,2025-01-02,2026-01-01,6399.0,1,metals/URA/5m_premarket/URA_5m_premarket_2025-01-02_2026-01-01_MANIFEST.json
metals,URA,5m,rth,09:25-16:05,alpaca-sip,2026-01-02,2026-08-22,12782.0,2,metals/URA/5m/URA_5m_2026-01-02_2026-08-22_MANIFEST.json
metals,URA,5m_premarket,premarket,04:00-09:30,alpaca-sip,2026-01-02,2026-08-22,5429.0,1,metals/URA/5m_premarket/URA_5m_premarket_2026-01-02_2026-08-22_MANIFEST.json
metals,WPM,5m,rth,09:25-16:05,alpaca-sip,2022-01-03,2022-12-31,19776.0,2,metals/WPM/5m/WPM_5m_2022-01-03_2022-12-31_MANIFEST.json
metals,WPM,5m_premarket,premarket,04:00-09:30,alpaca-sip,2022-01-03,2022-12-31,1896.0,1,metals/WPM/5m_premarket/WPM_5m_premarket_2022-01-03_2022-12-31_MANIFEST.json
metals,WPM,5m,rth,09:25-16:05,alpaca-sip,2023-01-03,2023-12-30,19791.0,2,metals/WPM/5m/WPM_5m_2023-01-03_2023-12-30_MANIFEST.json
metals,WPM,5m_premarket,premarket,04:00-09:30,alpaca-sip,2023-01-03,2023-12-30,1797.0,1,metals/WPM/5m_premarket/WPM_5m_premarket_2023-01-03_2023-12-30_MANIFEST.json
metals,WPM,5m,rth,09:25-16:05,alpaca-sip,2024-01-02,2025-01-01,19916.0,2,metals/WPM/5m/WPM_5m_2024-01-02_2025-01-01_MANIFEST.json
metals,WPM,5m_premarket,premarket,04:00-09:30,alpaca-sip,2024-01-02,2025-01-01,1883.0,1,metals/WPM/5m_premarket/WPM_5m_premarket_2024-01-02_2025-01-01_MANIFEST.json
metals,WPM,5m,rth,09:25-16:05,alpaca-sip,2025-01-02,2026-01-01,19803.0,2,metals/WPM/5m/WPM_5m_2025-01-02_2026-01-01_MANIFEST.json
metals,WPM,5m_premarket,premarket,04:00-09:30,alpaca-sip,2025-01-02,2026-01-01,2932.0,1,metals/WPM/5m_premarket/WPM_5m_premarket_2025-01-02_2026-01-01_MANIFEST.json
metals,WPM,5m,rth,09:25-16:05,alpaca-sip,2026-01-02,2026-08-22,12749.0,2,metals/WPM/5m/WPM_5m_2026-01-02_2026-08-22_MANIFEST.json
metals,WPM,5m_premarket,premarket,04:00-09:30,alpaca-sip,2026-01-02,2026-08-22,2846.0,1,metals/WPM/5m_premarket/WPM_5m_premarket_2026-01-02_2026-08-22_MANIFEST.json
metals,ZSL,5m,rth,09:25-16:05,alpaca-sip,2022-01-03,2022-12-31,17316.0,2,metals/ZSL/5m/ZSL_5m_2022-01-03_2022-12-31_MANIFEST.json
metals,ZSL,5m_premarket,premarket,04:00-09:30,alpaca-sip,2022-01-03,2022-12-31,2708.0,1,metals/ZSL/5m_premarket/ZSL_5m_premarket_2022-01-03_2022-12-31_MANIFEST.json
metals,ZSL,5m,rth,09:25-16:05,alpaca-sip,2023-01-03,2023-12-30,18342.0,2,metals/ZSL/5m/ZSL_5m_2023-01-03_2023-12-30_MANIFEST.json
metals,ZSL,5m_premarket,premarket,04:00-09:30,alpaca-sip,2023-01-03,2023-12-30,3619.0,1,metals/ZSL/5m_premarket/ZSL_5m_premarket_2023-01-03_2023-12-30_MANIFEST.json
metals,ZSL,5m,rth,09:25-16:05,alpaca-sip,2024-01-02,2025-01-01,19230.0,2,metals/ZSL/5m/ZSL_5m_2024-01-02_2025-01-01_MANIFEST.json
metals,ZSL,5m_premarket,premarket,04:00-09:30,alpaca-sip,2024-01-02,2025-01-01,5109.0,1,metals/ZSL/5m_premarket/ZSL_5m_premarket_2024-01-02_2025-01-01_MANIFEST.json
metals,ZSL,5m,rth,09:25-16:05,alpaca-sip,2025-01-02,2026-01-01,18433.0,2,metals/ZSL/5m/ZSL_5m_2025-01-02_2026-01-01_MANIFEST.json
metals,ZSL,5m_premarket,premarket,04:00-09:30,alpaca-sip,2025-01-02,2026-01-01,8393.0,1,metals/ZSL/5m_premarket/ZSL_5m_premarket_2025-01-02_2026-01-01_MANIFEST.json
metals,ZSL,5m,rth,09:25-16:05,alpaca-sip,2026-01-02,2026-08-22,12799.0,2,metals/ZSL/5m/ZSL_5m_2026-01-02_2026-08-22_MANIFEST.json
metals,ZSL,5m_premarket,premarket,04:00-09:30,alpaca-sip,2026-01-02,2026-08-22,9733.0,1,metals/ZSL/5m_premarket/ZSL_5m_premarket_2026-01-02_2026-08-22_MANIFEST.json
